{
    "CameraRes_width": 520,
    "CameraRes_height": 520,
    "Camera_FieldofView": 80,
    "CameraRadius": 10.0,
    "CameraTheta": 85.87780239002092,
    "CameraPhi": 298.4383842218331,
    "CameraVerticalOffset": 0,
    "total_cuboids": 2,
    "scale": [
        1.109861766831466,
        3.0833066695708276
    ],
    "same_scale": false,
    "total_branches": [
        1
    ],
    "same_theta": false,
    "theta": [
        10.510399003318394
    ],
    "phi": 11.420577626229163,
    "same_material": false,
    "r": [
        0.8555533365463567,
        0.2401342319839851
    ],
    "g": [
        0.26896221712070456,
        0.535148673422568
    ],
    "b": [
        0.6500476512024076,
        0.4961290641275632
    ],
    "a": [
        0.5447550726218703,
        0.6497230382052794
    ],
    "metallic": [
        0.1880286236951425,
        0.6502196316349388
    ],
    "smoothness": [
        0.6322099698244324,
        0.37526640906833486
    ],
    "DirectionalLightTheta": 55.12460110772808,
    "DirectionalLightIntensity": 0.3839541352867517,
    "totalPointLights": 7,
    "PointLightsRadius": [
        14.828501196852368,
        5.331876980905226,
        14.089911922649105,
        10.946548602109363,
        7.613676265865074,
        15.312297290472209,
        13.184123349549232
    ],
    "PointLightsPhi": [
        255.13426045248352,
        139.88876275703456,
        130.01038121162324,
        174.3653494958179,
        53.96102882734139,
        96.36373073076082,
        342.55120526991595
    ],
    "PointLightsTheta": [
        25.63458100503606,
        7.782949462150364,
        32.30819408679618,
        88.53725462037139,
        72.36206710201554,
        21.80333915816703,
        40.35091619935441
    ],
    "PointLightsIntensity": [
        16.755010029263456,
        15.313123975958828,
        9.472606954691637,
        11.060467447661267,
        12.672304866196297,
        13.862472240330723,
        14.382898332447724
    ],
    "PointLightsRange": [
        17.62374975648411,
        5.323260405287618,
        24.798879365660873,
        6.889008527545029,
        21.171041476928288,
        8.939621050594637,
        17.468862295639326
    ],
    "PointLightsColor_r": [
        0.7075793533234818,
        0.08333906113100831,
        0.762917078417659,
        0.6001777860175581,
        0.14424448127988743,
        0.8298836138235848,
        0.28753990060069756
    ],
    "PointLightsColor_g": [
        0.505361599099551,
        0.6088288055843694,
        0.621857065690652,
        0.3836796020947737,
        0.8526464166757811,
        0.45387829592324125,
        0.8756765414628584
    ],
    "PointLightsColor_b": [
        0.3669883551206592,
        0.9856539310850361,
        0.6470989265031685,
        0.1421243861275363,
        0.9845259099830624,
        0.7428066217393986,
        0.8068472583168526
    ],
    "PointLightsColor_a": [
        0.8007197942110211,
        0.7299205320961379,
        0.6058715640152955,
        0.786210867119865,
        0.8212885711160886,
        0.525688945260185,
        0.8535547870161138
    ],
    "same_PointLightsColor": false,
    "totalSpotLights": 4,
    "SpotLightsRadius": [
        18.687554196863776,
        11.530933999151925,
        8.416133290320586,
        13.116386358680671
    ],
    "SpotLightsPhi": [
        308.1467369315904,
        10.287784036542416,
        131.79631981634017,
        300.8047015470093
    ],
    "SpotLightsTheta": [
        77.35877929309433,
        44.2781834665711,
        77.61876756864874,
        51.88651559891529
    ],
    "SpotLightsIntensity": [
        6.132331452048096,
        11.281186897396179,
        8.493659405715226,
        13.38999050154474
    ],
    "SpotLightsRange": [
        17.30539457115846,
        11.54819387758397,
        14.977635344885714,
        19.876774373131532
    ],
    "SpotLightsColor_r": [
        0.025215550857182523,
        0.47005461773947965,
        0.008470709222778483,
        0.5079281767795732
    ],
    "SpotLightsColor_g": [
        0.5921177491237798,
        0.15927583368355236,
        0.6821263176413204,
        0.1137279756013615
    ],
    "SpotLightsColor_b": [
        0.604495008657634,
        0.421114375976823,
        0.1893339299815182,
        0.7263609662129453
    ],
    "SpotLightsColor_a": [
        0.5903154182736398,
        0.7219219428444896,
        0.6414798093798207,
        0.5026027150889307
    ],
    "same_SpotLightsColor": false,
    "SpotAngle": [
        109.63949121400519,
        50.8852538038603,
        27.39964051512528,
        76.50263577496038
    ]
}