{
    "CameraRes_width": 520,
    "CameraRes_height": 520,
    "Camera_FieldofView": 80,
    "CameraRadius": 10.0,
    "CameraTheta": 67.86136578734101,
    "CameraPhi": 245.66735507943508,
    "CameraVerticalOffset": 0,
    "total_cuboids": 4,
    "scale": [
        2.732777471097743,
        0.7556012460795125,
        2.5790218374414873,
        3.761035058141465
    ],
    "same_scale": false,
    "total_branches": [
        1,
        1,
        1
    ],
    "same_theta": false,
    "theta": [
        57.555290398605706,
        79.67429647195233,
        36.97992032268846
    ],
    "phi": 130.6571545100788,
    "same_material": true,
    "r": 0.5639592107816727,
    "g": 0.20662060056309028,
    "b": 0.11474805946153921,
    "a": 0.6282211528392931,
    "metallic": 0.02594752054861349,
    "smoothness": 0.8353195537785327,
    "DirectionalLightTheta": 78.68873477004539,
    "DirectionalLightIntensity": 0.9084132363238705,
    "totalPointLights": 7,
    "PointLightsRadius": [
        16.387772940749127,
        19.79989060477012,
        13.380854534327588,
        17.192681163185288,
        8.574174845530319,
        18.31307642093158,
        5.298946375625865
    ],
    "PointLightsPhi": [
        174.82949663488603,
        171.4178528154907,
        343.29769761982857,
        162.63108161816666,
        109.25727716992402,
        230.843867598277,
        140.87353312154818
    ],
    "PointLightsTheta": [
        37.970520969011275,
        63.220793216626554,
        89.0285210098617,
        62.6808646954398,
        39.40075652367296,
        19.61855884491492,
        6.0066517708647975
    ],
    "PointLightsIntensity": [
        15.845478742329922,
        7.295020079823595,
        7.769049171866232,
        9.141229221842522,
        9.720040652868146,
        11.407295827491938,
        9.63008123769772
    ],
    "PointLightsRange": [
        6.1419274276602405,
        20.866181389353645,
        18.08832557563008,
        23.06195021926621,
        9.035623606342643,
        5.84310201932708,
        17.78484618362513
    ],
    "PointLightsColor_r": [
        0.18313955159908168,
        0.18313955159908168,
        0.18313955159908168,
        0.18313955159908168,
        0.18313955159908168,
        0.18313955159908168,
        0.18313955159908168
    ],
    "PointLightsColor_g": [
        0.9880714675069486,
        0.9880714675069486,
        0.9880714675069486,
        0.9880714675069486,
        0.9880714675069486,
        0.9880714675069486,
        0.9880714675069486
    ],
    "PointLightsColor_b": [
        0.7295332022769284,
        0.7295332022769284,
        0.7295332022769284,
        0.7295332022769284,
        0.7295332022769284,
        0.7295332022769284,
        0.7295332022769284
    ],
    "PointLightsColor_a": [
        0.821462003252152,
        0.821462003252152,
        0.821462003252152,
        0.821462003252152,
        0.821462003252152,
        0.821462003252152,
        0.821462003252152
    ],
    "same_PointLightsColor": true,
    "totalSpotLights": 5,
    "SpotLightsRadius": [
        14.300097733067483,
        17.97585380371151,
        10.967885445597574,
        7.082955511278302,
        7.4422419701063625
    ],
    "SpotLightsPhi": [
        23.98330701464407,
        217.0910101880241,
        244.0236858279044,
        293.72063727711236,
        193.44582230721153
    ],
    "SpotLightsTheta": [
        4.612132462063726,
        15.947409156100756,
        4.731732407562007,
        78.28800162402271,
        47.83460215022587
    ],
    "SpotLightsIntensity": [
        8.923501216390639,
        5.894090514446008,
        7.66203699647955,
        6.7580783498695745,
        13.067945036413015
    ],
    "SpotLightsRange": [
        20.567626663052003,
        21.5720347160755,
        18.91925706156364,
        8.809581450529045,
        21.639757013497466
    ],
    "SpotLightsColor_r": [
        0.7522441085859151,
        0.7522441085859151,
        0.7522441085859151,
        0.7522441085859151,
        0.7522441085859151
    ],
    "SpotLightsColor_g": [
        0.4696359860935906,
        0.4696359860935906,
        0.4696359860935906,
        0.4696359860935906,
        0.4696359860935906
    ],
    "SpotLightsColor_b": [
        0.13750355632586264,
        0.13750355632586264,
        0.13750355632586264,
        0.13750355632586264,
        0.13750355632586264
    ],
    "SpotLightsColor_a": [
        0.8450869568368458,
        0.8450869568368458,
        0.8450869568368458,
        0.8450869568368458,
        0.8450869568368458
    ],
    "same_SpotLightsColor": true,
    "SpotAngle": [
        82.17605065938395,
        46.08371988901717,
        112.5894530380593,
        89.2586314467565,
        74.89287371694506
    ]
}