{
    "CameraRes_width": 520,
    "CameraRes_height": 520,
    "Camera_FieldofView": 80,
    "CameraRadius": 10.0,
    "CameraTheta": 75.51030528447359,
    "CameraPhi": 114.19686584448591,
    "CameraVerticalOffset": 0,
    "total_cuboids": 2,
    "scale": 1.8914318017174157,
    "same_scale": true,
    "total_branches": [
        2
    ],
    "same_theta": true,
    "theta": [
        19.30327264192008
    ],
    "phi": 279.8193024904493,
    "same_material": false,
    "r": [
        0.13742740055333302,
        0.21822248213950468
    ],
    "g": [
        0.0035651326946717354,
        0.7709205990576442
    ],
    "b": [
        0.9366172409954256,
        0.8691598002782163
    ],
    "a": [
        0.5613081454504159,
        0.5835078901980921
    ],
    "metallic": [
        0.26351666285646025,
        0.8411759611443921
    ],
    "smoothness": [
        0.756229171466926,
        0.7243289356894809
    ],
    "DirectionalLightTheta": 35.72160798388982,
    "DirectionalLightIntensity": 0.5529929116868315,
    "totalPointLights": 5,
    "PointLightsRadius": [
        12.04021022014801,
        9.832376781838667,
        10.1334936929746,
        11.435991796976754,
        18.879367688125775
    ],
    "PointLightsPhi": [
        31.064705981040376,
        25.04287201785403,
        105.53482404884049,
        293.7663484666742,
        311.27391049929616
    ],
    "PointLightsTheta": [
        86.42194235600839,
        39.2184713615549,
        18.43181074681935,
        44.592760228587466,
        26.438932953747337
    ],
    "PointLightsIntensity": [
        9.128834058019166,
        16.99933700015418,
        11.298083357085869,
        13.598257729373291,
        13.191968978525297
    ],
    "PointLightsRange": [
        19.177724266700466,
        24.516304211781712,
        19.61312621950019,
        10.462757284862157,
        12.616976386499175
    ],
    "PointLightsColor_r": [
        0.7740394703070355,
        0.45168712255991084,
        0.21841132269462205,
        0.7124961191378285,
        0.95600292189142
    ],
    "PointLightsColor_g": [
        0.9484348243105232,
        0.6353499551764208,
        0.2388098058993504,
        0.6062025151020899,
        0.985850785886454
    ],
    "PointLightsColor_b": [
        0.6836605195691685,
        0.328560744011014,
        0.3965564618157872,
        0.8145323957080165,
        0.5424009028106365
    ],
    "PointLightsColor_a": [
        0.9884294018566477,
        0.5757825656292985,
        0.768898502918645,
        0.6494030464688365,
        0.5971597224117862
    ],
    "same_PointLightsColor": false,
    "totalSpotLights": 4,
    "SpotLightsRadius": [
        8.408433672383214,
        14.115411901840277,
        7.247702920291437,
        12.861882091333985
    ],
    "SpotLightsPhi": [
        73.34520187101354,
        106.93128948847335,
        305.5917840422898,
        132.55806840915176
    ],
    "SpotLightsTheta": [
        10.899365350221824,
        77.40120605420705,
        39.539731799063325,
        50.22572283838685
    ],
    "SpotLightsIntensity": [
        11.444972897704584,
        11.562165971096919,
        10.839929159393504,
        10.874038235936583
    ],
    "SpotLightsRange": [
        5.662583616562387,
        6.232636782362359,
        5.6041311406846965,
        23.37687827760698
    ],
    "SpotLightsColor_r": [
        0.894504558402576,
        0.894504558402576,
        0.894504558402576,
        0.894504558402576
    ],
    "SpotLightsColor_g": [
        0.8584985958899076,
        0.8584985958899076,
        0.8584985958899076,
        0.8584985958899076
    ],
    "SpotLightsColor_b": [
        0.1371513428761898,
        0.1371513428761898,
        0.1371513428761898,
        0.1371513428761898
    ],
    "SpotLightsColor_a": [
        0.574304089558809,
        0.574304089558809,
        0.574304089558809,
        0.574304089558809
    ],
    "same_SpotLightsColor": true,
    "SpotAngle": [
        74.26206833644792,
        69.06067503581085,
        101.91993233672842,
        68.22404082547297
    ]
}