{
    "CameraRes_width": 520,
    "CameraRes_height": 520,
    "Camera_FieldofView": 80,
    "CameraRadius": 10.0,
    "CameraTheta": 95.76241938229461,
    "CameraPhi": 71.8411230034269,
    "CameraVerticalOffset": 0,
    "total_cuboids": 3,
    "scale": [
        0.7339681643374264,
        2.2713522652596234,
        3.3733305912153853
    ],
    "same_scale": false,
    "total_branches": [
        1,
        1
    ],
    "same_theta": true,
    "theta": [
        57.80041171826302
    ],
    "phi": 233.50530403508594,
    "same_material": false,
    "r": [
        0.11312028331670376,
        0.7336939960835082,
        0.4195674304860535
    ],
    "g": [
        0.8408043561645064,
        0.12976739120514158,
        0.17703612242174294
    ],
    "b": [
        0.38641417897500774,
        0.029886359547038333,
        0.7960683067503621
    ],
    "a": [
        0.7539344891581361,
        0.7126432990261002,
        0.6500898437688836
    ],
    "metallic": [
        0.3379900248134581,
        0.2915225497714903,
        0.9015562672023973
    ],
    "smoothness": [
        0.19872924608696108,
        0.4751891388423738,
        0.3325839373261271
    ],
    "DirectionalLightTheta": 70.39351162255358,
    "DirectionalLightIntensity": 0.6588797620877807,
    "totalPointLights": 8,
    "PointLightsRadius": [
        19.79663904752811,
        10.932840223204398,
        16.47209642915911,
        10.793342835263772,
        18.912422228302372,
        11.282865013549639,
        6.647204281390977,
        14.191025369063672
    ],
    "PointLightsPhi": [
        355.50253473385277,
        191.40171572544793,
        68.8639128109984,
        162.65800599779877,
        164.40373356918977,
        80.71965447537993,
        232.66465111968878,
        160.84828825089738
    ],
    "PointLightsTheta": [
        80.60542504905324,
        88.63277807442734,
        88.38612396937478,
        63.43015523311988,
        24.131974384479445,
        46.712760939322216,
        43.43928784786225,
        21.084334721945307
    ],
    "PointLightsIntensity": [
        12.891290098136011,
        13.681819418623519,
        8.981076376007243,
        8.316087370492465,
        16.432808008177556,
        11.258374046116122,
        8.688239728691894,
        12.392061756047793
    ],
    "PointLightsRange": [
        17.607170102919273,
        18.432889157320005,
        10.768922650347008,
        19.183741801795392,
        11.369235973730591,
        11.421076881423367,
        12.62473054634938,
        12.927694207928191
    ],
    "PointLightsColor_r": [
        0.23919983058459504,
        0.23919983058459504,
        0.23919983058459504,
        0.23919983058459504,
        0.23919983058459504,
        0.23919983058459504,
        0.23919983058459504,
        0.23919983058459504
    ],
    "PointLightsColor_g": [
        0.8682362772739521,
        0.8682362772739521,
        0.8682362772739521,
        0.8682362772739521,
        0.8682362772739521,
        0.8682362772739521,
        0.8682362772739521,
        0.8682362772739521
    ],
    "PointLightsColor_b": [
        0.9432020895911961,
        0.9432020895911961,
        0.9432020895911961,
        0.9432020895911961,
        0.9432020895911961,
        0.9432020895911961,
        0.9432020895911961,
        0.9432020895911961
    ],
    "PointLightsColor_a": [
        0.8072452264174462,
        0.8072452264174462,
        0.8072452264174462,
        0.8072452264174462,
        0.8072452264174462,
        0.8072452264174462,
        0.8072452264174462,
        0.8072452264174462
    ],
    "same_PointLightsColor": true,
    "totalSpotLights": 3,
    "SpotLightsRadius": [
        7.526955111327606,
        10.386719895195869,
        8.170542196516417
    ],
    "SpotLightsPhi": [
        242.2045892800083,
        154.38738146135677,
        50.67660478813235
    ],
    "SpotLightsTheta": [
        87.80334397134506,
        80.63810913163506,
        30.67033297457291
    ],
    "SpotLightsIntensity": [
        9.462792925736235,
        6.5264380053548,
        9.680403377422106
    ],
    "SpotLightsRange": [
        23.910543553481133,
        22.77732311356419,
        19.69767705752225
    ],
    "SpotLightsColor_r": [
        0.5635977776551259,
        0.955280272709629,
        0.7197547833308856
    ],
    "SpotLightsColor_g": [
        0.5785425503214066,
        0.8058806351940104,
        0.2262582600144285
    ],
    "SpotLightsColor_b": [
        0.8790414349423682,
        0.6822326429249943,
        0.004284812966025786
    ],
    "SpotLightsColor_a": [
        0.6508006516863198,
        0.6983307697592754,
        0.5027278481567896
    ],
    "same_SpotLightsColor": false,
    "SpotAngle": [
        31.21405732600891,
        14.597001182944512,
        118.30631521173993
    ]
}