{
    "CameraRes_width": 520,
    "CameraRes_height": 520,
    "Camera_FieldofView": 80,
    "CameraRadius": 10.0,
    "CameraTheta": 93.69229890513569,
    "CameraPhi": 253.45329450060265,
    "CameraVerticalOffset": 0,
    "total_cuboids": 3,
    "scale": [
        2.0422082482995725,
        2.9406607795061177,
        3.6619223043723235
    ],
    "same_scale": false,
    "total_branches": [
        1,
        1
    ],
    "same_theta": true,
    "theta": [
        39.533499647781944
    ],
    "phi": 165.6413694920957,
    "same_material": false,
    "r": [
        0.318743371214278,
        0.6378672772372211,
        0.7879453623838882
    ],
    "g": [
        0.9420194468073121,
        0.5888561508297814,
        0.7553644172271012
    ],
    "b": [
        0.6268506018081499,
        0.6011656096372109,
        0.7141231902254592
    ],
    "a": [
        0.721905039499848,
        0.8355356640729914,
        0.7535297260765454
    ],
    "metallic": [
        0.2304663425608947,
        0.816234380976002,
        0.3105064977257038
    ],
    "smoothness": [
        0.03449134039338031,
        0.23248241182234664,
        0.7277835359672117
    ],
    "DirectionalLightTheta": 5.572808346096502,
    "DirectionalLightIntensity": 0.2254180864592578,
    "totalPointLights": 5,
    "PointLightsRadius": [
        9.030881742049981,
        13.904771112238787,
        6.453602568649803,
        16.255252793511232,
        11.074188261438664
    ],
    "PointLightsPhi": [
        195.83859881047547,
        180.89996717583284,
        185.90788067271,
        5.344692053981799,
        17.96426474256817
    ],
    "PointLightsTheta": [
        31.89025723502093,
        76.17906780906058,
        69.25254634192225,
        45.315817553708065,
        28.195293328625556
    ],
    "PointLightsIntensity": [
        8.37755872316474,
        11.755001215385834,
        7.6895678596614685,
        15.487063270759517,
        13.862338321585025
    ],
    "PointLightsRange": [
        14.809670622744612,
        19.743038191650296,
        5.103221989679283,
        16.528826824674663,
        17.93612628531922
    ],
    "PointLightsColor_r": [
        0.38594195676526155,
        0.05561395867676899,
        0.595681856464042,
        0.803151363020858,
        0.02598023234508373
    ],
    "PointLightsColor_g": [
        0.36660221601968057,
        0.38993118406470784,
        0.4277379773957939,
        0.36387274473759434,
        0.5957420324752682
    ],
    "PointLightsColor_b": [
        0.0061797244032050225,
        0.4181917353805279,
        0.3571382437644396,
        0.796637431851851,
        0.6720827658057905
    ],
    "PointLightsColor_a": [
        0.8230647489004764,
        0.8475379187907617,
        0.6741002001583973,
        0.8760927613344811,
        0.7875005019566983
    ],
    "same_PointLightsColor": false,
    "totalSpotLights": 6,
    "SpotLightsRadius": [
        14.096137317633351,
        7.002643860714944,
        7.902415242374609,
        15.341354409293897,
        13.750502501180733,
        14.911946118950924
    ],
    "SpotLightsPhi": [
        326.0247549817921,
        32.06871552425114,
        290.36135232760324,
        321.9804602711261,
        218.72345550796842,
        343.24139571609027
    ],
    "SpotLightsTheta": [
        77.97764971173709,
        20.99909469716265,
        80.23880289266775,
        81.1123906073506,
        33.62386327936508,
        7.517363930782894
    ],
    "SpotLightsIntensity": [
        13.335090516592976,
        5.295217610646076,
        7.070318855846281,
        11.512663466280317,
        7.610090124468609,
        6.001329644640815
    ],
    "SpotLightsRange": [
        23.30255111283297,
        10.402607202286028,
        11.735169921418347,
        5.699742567743671,
        8.832485036149455,
        6.918667733416262
    ],
    "SpotLightsColor_r": [
        0.4983784460651127,
        0.4983784460651127,
        0.4983784460651127,
        0.4983784460651127,
        0.4983784460651127,
        0.4983784460651127
    ],
    "SpotLightsColor_g": [
        0.7532832394451189,
        0.7532832394451189,
        0.7532832394451189,
        0.7532832394451189,
        0.7532832394451189,
        0.7532832394451189
    ],
    "SpotLightsColor_b": [
        0.5284248410859538,
        0.5284248410859538,
        0.5284248410859538,
        0.5284248410859538,
        0.5284248410859538,
        0.5284248410859538
    ],
    "SpotLightsColor_a": [
        0.6579891544615379,
        0.6579891544615379,
        0.6579891544615379,
        0.6579891544615379,
        0.6579891544615379,
        0.6579891544615379
    ],
    "same_SpotLightsColor": true,
    "SpotAngle": [
        49.42325608170871,
        106.10441014484053,
        86.49302157263745,
        23.735622042078248,
        91.95899990563055,
        42.90132327778147
    ]
}