{
    "CameraRes_width": 520,
    "CameraRes_height": 520,
    "Camera_FieldofView": 80,
    "CameraRadius": 10.0,
    "CameraTheta": 99.06647845369612,
    "CameraPhi": 205.75415137782537,
    "CameraVerticalOffset": 0,
    "total_cuboids": 3,
    "scale": [
        2.1436433749038875,
        3.023812340981225,
        3.2410887944599085
    ],
    "same_scale": false,
    "total_branches": [
        1,
        2
    ],
    "same_theta": false,
    "theta": [
        103.67337976266454,
        4.3104662646481495
    ],
    "phi": 68.50168104087457,
    "same_material": true,
    "r": 0.7932540176275676,
    "g": 0.9136101156599882,
    "b": 0.9616184316335621,
    "a": 0.9045004591784889,
    "metallic": 0.8423162349727149,
    "smoothness": 0.6941202882636928,
    "DirectionalLightTheta": 25.63550879409425,
    "DirectionalLightIntensity": 1.0212301106092283,
    "totalPointLights": 11,
    "PointLightsRadius": [
        6.516506878458834,
        10.790355724994953,
        10.402499329589261,
        19.333479326250945,
        15.34101969204691,
        16.519670557296365,
        16.940215604482894,
        9.90678405528919,
        15.511712223076232,
        14.292722948272942,
        16.336739624466432
    ],
    "PointLightsPhi": [
        322.25668144285595,
        56.9503568514451,
        30.382530462061915,
        339.4830909467547,
        137.54940550203986,
        101.29183842132295,
        40.673548312534045,
        154.2763858098995,
        107.44185321639297,
        265.9155730787885,
        88.35826571795023
    ],
    "PointLightsTheta": [
        32.65355888642741,
        4.463140142303404,
        37.76866785086964,
        77.76544143647483,
        40.778531539213645,
        0.7603501649061539,
        34.207673052309254,
        67.19089616791503,
        60.231329840231716,
        63.09094443348445,
        4.976266251025912
    ],
    "PointLightsIntensity": [
        8.212577309912954,
        9.855632254064849,
        8.675822131363788,
        8.63654768267149,
        16.3527431229111,
        13.072188261879878,
        11.218654789221857,
        11.43513820814593,
        12.138818739275273,
        12.653190178363362,
        14.337243405630147
    ],
    "PointLightsRange": [
        21.007928744185232,
        22.323261250915962,
        10.425790216013072,
        23.61612339257499,
        13.031207736381656,
        18.7855857745888,
        24.086537671197142,
        17.673738439140028,
        13.341390986163372,
        21.462053994318314,
        7.642856373423122
    ],
    "PointLightsColor_r": [
        0.5645405496885203,
        0.7437221544178232,
        0.30422214729004493,
        0.6236061786125653,
        0.8222262116920327,
        0.8454889436643754,
        0.24609347065834586,
        0.8621251753677035,
        0.5036060593377029,
        0.2982259866220781,
        0.9277249679787748
    ],
    "PointLightsColor_g": [
        0.0865044275859671,
        0.4268065860786888,
        0.5764716988137382,
        0.3701332952355615,
        0.6201891691615387,
        0.41772250625963314,
        0.49255835437551,
        0.7286916725801624,
        0.7648896358409102,
        0.6305761537251815,
        0.49383600511122583
    ],
    "PointLightsColor_b": [
        0.6603358505624333,
        0.27447998715973776,
        0.3211135007431585,
        0.9000355451357993,
        0.8853404517307781,
        0.9603077465571889,
        0.11958055904561471,
        0.16010286299973886,
        0.12211254774485836,
        0.23469131390917652,
        0.47613272415079555
    ],
    "PointLightsColor_a": [
        0.8169892532737825,
        0.8309213960198183,
        0.6460632931929073,
        0.610318389899078,
        0.7062799171561709,
        0.6616598800726523,
        0.9634511765098468,
        0.6752486336585093,
        0.9920354861093541,
        0.5981499326098481,
        0.7689743852725662
    ],
    "same_PointLightsColor": false,
    "totalSpotLights": 5,
    "SpotLightsRadius": [
        16.976938896297828,
        11.728777223075102,
        9.411374548445988,
        10.976069188227193,
        9.515889274047355
    ],
    "SpotLightsPhi": [
        174.89927226883844,
        268.76248219329256,
        324.28654144870393,
        206.62419605088593,
        141.76068692485524
    ],
    "SpotLightsTheta": [
        18.243380846596768,
        36.23500560472851,
        35.614233712727874,
        57.005241761583605,
        8.700516863758404
    ],
    "SpotLightsIntensity": [
        14.714842708384397,
        8.199732275446518,
        10.959018842719438,
        10.66545751326735,
        5.104629832419302
    ],
    "SpotLightsRange": [
        6.1209447490909845,
        13.735900298217869,
        22.392572460533525,
        5.621613615085033,
        22.63824364599449
    ],
    "SpotLightsColor_r": [
        0.5491484753476867,
        0.5491484753476867,
        0.5491484753476867,
        0.5491484753476867,
        0.5491484753476867
    ],
    "SpotLightsColor_g": [
        0.8834432311499735,
        0.8834432311499735,
        0.8834432311499735,
        0.8834432311499735,
        0.8834432311499735
    ],
    "SpotLightsColor_b": [
        0.8325370851053755,
        0.8325370851053755,
        0.8325370851053755,
        0.8325370851053755,
        0.8325370851053755
    ],
    "SpotLightsColor_a": [
        0.7362934331661712,
        0.7362934331661712,
        0.7362934331661712,
        0.7362934331661712,
        0.7362934331661712
    ],
    "same_SpotLightsColor": true,
    "SpotAngle": [
        118.06755353496963,
        7.952149972464738,
        11.404010832938582,
        116.13814609766168,
        99.8528011140238
    ]
}