{
    "CameraRes_width": 520,
    "CameraRes_height": 520,
    "Camera_FieldofView": 80,
    "CameraRadius": 10.0,
    "CameraTheta": 65.40855320942894,
    "CameraPhi": 183.4044131177746,
    "CameraVerticalOffset": 0,
    "total_cuboids": 2,
    "scale": [
        1.354644841537956,
        3.4047641393792696
    ],
    "same_scale": false,
    "total_branches": [
        1
    ],
    "same_theta": true,
    "theta": [
        41.802582366754315
    ],
    "phi": 121.90908805688943,
    "same_material": false,
    "r": [
        0.8079885736833191,
        0.6784207225150174
    ],
    "g": [
        0.2725771075822079,
        0.545146185194678
    ],
    "b": [
        0.5745888583483034,
        0.05445658563014044
    ],
    "a": [
        0.7868133148638731,
        0.7909815820307491
    ],
    "metallic": [
        0.536779632474909,
        0.34499510595427074
    ],
    "smoothness": [
        0.7728928247353393,
        0.588977420872303
    ],
    "DirectionalLightTheta": 37.72844788980148,
    "DirectionalLightIntensity": 0.8699368968395594,
    "totalPointLights": 11,
    "PointLightsRadius": [
        6.336412006219811,
        15.242952777692707,
        7.0717264905143,
        10.75251295113862,
        10.078947493198438,
        15.931886668332849,
        13.967840514264253,
        17.614601985366473,
        7.721175503060591,
        16.63337239978559,
        5.607585166142847
    ],
    "PointLightsPhi": [
        238.55014659100786,
        67.695968924743,
        143.2465050702992,
        11.01906651646626,
        300.3357950320119,
        310.428220580755,
        284.4103860964369,
        300.67630870518525,
        53.52641903115008,
        148.18209975262292,
        119.526883597751
    ],
    "PointLightsTheta": [
        1.9434484923655149,
        70.77047577792,
        29.06960279600659,
        41.56773527616952,
        53.54923348244482,
        60.05468459345968,
        0.07032929119230258,
        58.024489457967945,
        77.51346791459515,
        25.01376057477148,
        28.69314583110181
    ],
    "PointLightsIntensity": [
        14.361409458629568,
        11.379809185421664,
        7.605281444943681,
        15.162642163504204,
        7.168449380191057,
        7.860460069064709,
        12.75250127772182,
        13.03918353908422,
        7.287319776456638,
        16.538779240407344,
        9.691646065696709
    ],
    "PointLightsRange": [
        7.254773171019715,
        7.698925334844089,
        18.71779883052033,
        5.7662847653490505,
        17.723203693675647,
        11.815573777215981,
        11.978808097504594,
        13.436745921593015,
        21.45476102772365,
        7.819234869475671,
        16.481403171319464
    ],
    "PointLightsColor_r": [
        0.11852252170408428,
        0.11852252170408428,
        0.11852252170408428,
        0.11852252170408428,
        0.11852252170408428,
        0.11852252170408428,
        0.11852252170408428,
        0.11852252170408428,
        0.11852252170408428,
        0.11852252170408428,
        0.11852252170408428
    ],
    "PointLightsColor_g": [
        0.6391509165864858,
        0.6391509165864858,
        0.6391509165864858,
        0.6391509165864858,
        0.6391509165864858,
        0.6391509165864858,
        0.6391509165864858,
        0.6391509165864858,
        0.6391509165864858,
        0.6391509165864858,
        0.6391509165864858
    ],
    "PointLightsColor_b": [
        0.5049757461455934,
        0.5049757461455934,
        0.5049757461455934,
        0.5049757461455934,
        0.5049757461455934,
        0.5049757461455934,
        0.5049757461455934,
        0.5049757461455934,
        0.5049757461455934,
        0.5049757461455934,
        0.5049757461455934
    ],
    "PointLightsColor_a": [
        0.8083093602282001,
        0.8083093602282001,
        0.8083093602282001,
        0.8083093602282001,
        0.8083093602282001,
        0.8083093602282001,
        0.8083093602282001,
        0.8083093602282001,
        0.8083093602282001,
        0.8083093602282001,
        0.8083093602282001
    ],
    "same_PointLightsColor": true,
    "totalSpotLights": 3,
    "SpotLightsRadius": [
        17.62964076204365,
        6.369676490338064,
        8.461427270136667
    ],
    "SpotLightsPhi": [
        215.82111343709838,
        279.7673179767798,
        233.70557978907266
    ],
    "SpotLightsTheta": [
        0.3973374505605376,
        42.90375008143597,
        78.18144309362172
    ],
    "SpotLightsIntensity": [
        5.892477307979212,
        5.647664085502077,
        8.469908989258277
    ],
    "SpotLightsRange": [
        12.725806398216582,
        21.53924816357363,
        21.909982182437208
    ],
    "SpotLightsColor_r": [
        0.6540598147535401,
        0.301190300708009,
        0.03332985906128594
    ],
    "SpotLightsColor_g": [
        0.18548843225257383,
        0.44580274837125167,
        0.1708708461346612
    ],
    "SpotLightsColor_b": [
        0.6051832218226346,
        0.36278321131650226,
        0.07783909267306044
    ],
    "SpotLightsColor_a": [
        0.587941026496402,
        0.7687825339799775,
        0.903147977142373
    ],
    "same_SpotLightsColor": false,
    "SpotAngle": [
        60.7442975795794,
        48.365497623928874,
        52.28903394365075
    ]
}