{
    "CameraRes_width": 520,
    "CameraRes_height": 520,
    "Camera_FieldofView": 80,
    "CameraRadius": 10.0,
    "CameraTheta": 94.31328761098966,
    "CameraPhi": 344.2344996781708,
    "CameraVerticalOffset": 0,
    "total_cuboids": 2,
    "scale": 3.7239158739103804,
    "same_scale": true,
    "total_branches": [
        2
    ],
    "same_theta": false,
    "theta": [
        77.35977260666779
    ],
    "phi": 182.7336129126446,
    "same_material": false,
    "r": [
        0.5156259678758229,
        0.9558266349756028
    ],
    "g": [
        0.21008560397924192,
        0.3968498621167299
    ],
    "b": [
        0.29195464537194327,
        0.7609194148434887
    ],
    "a": [
        0.5004159269154336,
        0.7757509572337966
    ],
    "metallic": [
        0.5541750835486476,
        0.6413742960526992
    ],
    "smoothness": [
        0.3686415764495157,
        0.5539737105233472
    ],
    "DirectionalLightTheta": 30.254171002067405,
    "DirectionalLightIntensity": 0.7695347266767082,
    "totalPointLights": 5,
    "PointLightsRadius": [
        10.943697003748637,
        17.84410520780449,
        19.734986140356533,
        5.077447600780845,
        17.950516477291412
    ],
    "PointLightsPhi": [
        291.85535487505445,
        154.16666743614255,
        169.63451412920313,
        194.6883779413179,
        152.1888252798144
    ],
    "PointLightsTheta": [
        78.13818122787157,
        6.674134920593625,
        5.29998593558147,
        21.32440058127554,
        48.28730348644003
    ],
    "PointLightsIntensity": [
        16.546557951073673,
        9.892263406446713,
        10.620534460698861,
        15.612779978030789,
        16.46750247801478
    ],
    "PointLightsRange": [
        23.5225278132335,
        12.64540114419923,
        15.59627208474865,
        24.454838265500904,
        5.103883521767241
    ],
    "PointLightsColor_r": [
        0.04072742381427141,
        0.04072742381427141,
        0.04072742381427141,
        0.04072742381427141,
        0.04072742381427141
    ],
    "PointLightsColor_g": [
        0.42100603394816893,
        0.42100603394816893,
        0.42100603394816893,
        0.42100603394816893,
        0.42100603394816893
    ],
    "PointLightsColor_b": [
        0.8135425942460093,
        0.8135425942460093,
        0.8135425942460093,
        0.8135425942460093,
        0.8135425942460093
    ],
    "PointLightsColor_a": [
        0.5500480402941357,
        0.5500480402941357,
        0.5500480402941357,
        0.5500480402941357,
        0.5500480402941357
    ],
    "same_PointLightsColor": true,
    "totalSpotLights": 3,
    "SpotLightsRadius": [
        19.88207825981214,
        15.012704719145614,
        17.711632218117312
    ],
    "SpotLightsPhi": [
        183.31641042334462,
        199.064833461662,
        319.3247245696083
    ],
    "SpotLightsTheta": [
        87.34935276064579,
        34.70252485164513,
        4.061638002041713
    ],
    "SpotLightsIntensity": [
        10.376350833492117,
        5.448470364775629,
        13.662989985797937
    ],
    "SpotLightsRange": [
        9.32479720368467,
        9.977459803382605,
        8.606969873319507
    ],
    "SpotLightsColor_r": [
        0.7658857882657136,
        0.7658857882657136,
        0.7658857882657136
    ],
    "SpotLightsColor_g": [
        0.4615697418529646,
        0.4615697418529646,
        0.4615697418529646
    ],
    "SpotLightsColor_b": [
        0.04060681694097512,
        0.04060681694097512,
        0.04060681694097512
    ],
    "SpotLightsColor_a": [
        0.6778909009143677,
        0.6778909009143677,
        0.6778909009143677
    ],
    "same_SpotLightsColor": true,
    "SpotAngle": [
        47.467168738251445,
        75.87178278305853,
        102.60311779184858
    ]
}