{"CameraRes_width": 520, "CameraRes_height": 520, "Camera_FieldofView": 80, "CameraRadius": 10.0, "CameraTheta": 97.12150675100102, "CameraPhi": 329.72937924271093, "CameraVerticalOffset": 0, "total_cuboids": 3, "scale": 1.9342111401547986, "same_scale": true, "total_branches": [2, 1], "same_theta": true, "theta": [1.8132602023255329], "phi": 164.32732728840782, "same_material": true, "r": 0.7731594485209674, "g": 0.74390540030125, "b": 0.6864857063066632, "a": 0.5698089061865854, "metallic": 0.8834415929998195, "smoothness": 0.1332921713371774, "DirectionalLightTheta": 35.50529100021038, "DirectionalLightIntensity": 0.7726920961510283, "totalPointLights": 6, "PointLightsRadius": [11.79679104869939, 15.09657826838562, 14.224379149399036, 12.07348780982801, 13.305072504473559, 15.895588745094319], "PointLightsPhi": [338.37634940370606, 238.75808647221308, 7.7130172488895665, 27.24258461255186, 301.5461015705107, 92.52047165896596], "PointLightsTheta": [4.177607146462342, 46.632773956390444, 50.77977075181271, 54.18895056006831, 35.235099473658074, 81.11238394842323], "PointLightsIntensity": [13.511317678054315, 10.20683922248971, 7.757084493340833, 13.25119134649162, 8.489205100303636, 8.152817919980798], "PointLightsRange": [19.30427431802285, 19.771626492292018, 9.465149735392625, 21.674941221277017, 13.414372717360724, 16.443988080582645], "PointLightsColor_r": [0.6831164224428554, 0.6831164224428554, 0.6831164224428554, 0.6831164224428554, 0.6831164224428554, 0.6831164224428554], "PointLightsColor_g": [0.15862395475299473, 0.15862395475299473, 0.15862395475299473, 0.15862395475299473, 0.15862395475299473, 0.15862395475299473], "PointLightsColor_b": [0.8050873679246683, 0.8050873679246683, 0.8050873679246683, 0.8050873679246683, 0.8050873679246683, 0.8050873679246683], "PointLightsColor_a": [0.7862093194924689, 0.7862093194924689, 0.7862093194924689, 0.7862093194924689, 0.7862093194924689, 0.7862093194924689], "same_PointLightsColor": true, "totalSpotLights": 6, "SpotLightsRadius": [15.18023914693008, 11.696926844714305, 10.810268993857132, 14.919655989291424, 17.528975640273558, 13.782552469586722], "SpotLightsPhi": [246.42946014577134, 329.6393499537324, 317.8803486328899, 193.7517871683048, 185.59967959850258, 132.08163770086006], "SpotLightsTheta": [6.046690687685046, 5.629652396430684, 13.166616169221978, 27.12251658281126, 73.06416865775176, 61.129218822108044], "SpotLightsIntensity": [12.95351745723471, 9.89394041975382, 14.119118163370336, 9.070698563811439, 13.734000064630404, 14.33687121827752], "SpotLightsRange": [20.279102808905034, 13.671665987880036, 10.544454164570817, 18.513955339475707, 5.321313754666126, 15.759577730714405], "SpotLightsColor_r": [0.19685778523883823, 0.19685778523883823, 0.19685778523883823, 0.19685778523883823, 0.19685778523883823, 0.19685778523883823], "SpotLightsColor_g": [0.9583751606978254, 0.9583751606978254, 0.9583751606978254, 0.9583751606978254, 0.9583751606978254, 0.9583751606978254], "SpotLightsColor_b": [0.5151251275634184, 0.5151251275634184, 0.5151251275634184, 0.5151251275634184, 0.5151251275634184, 0.5151251275634184], "SpotLightsColor_a": [0.7509437126386155, 0.7509437126386155, 0.7509437126386155, 0.7509437126386155, 0.7509437126386155, 0.7509437126386155], "same_SpotLightsColor": true, "SpotAngle": [69.06483613707682, 86.3373422548161, 75.11077313339845, 42.65050530838202, 102.1761413285454, 31.38056811467207]}