{"CameraRes_width": 520, "CameraRes_height": 520, "Camera_FieldofView": 80, "CameraRadius": 10.0, "CameraTheta": 62.26903690997344, "CameraPhi": 119.50298774515893, "CameraVerticalOffset": 0, "total_cuboids": 3, "scale": [3.588246543686677, 1.5969684427304522, 1.3348355387631985], "same_scale": false, "total_branches": [1, 1], "same_theta": true, "theta": [110.21255828525054], "phi": 240.2800479895753, "same_material": true, "r": 0.24568761769252356, "g": 0.44703109821855636, "b": 0.24921265068021548, "a": 0.7485201706642426, "metallic": 0.010849248945449586, "smoothness": 0.4307797918387035, "DirectionalLightTheta": 29.373015260375176, "DirectionalLightIntensity": 1.0905903199486708, "totalPointLights": 9, "PointLightsRadius": [10.27703656577208, 18.90105017925373, 7.964270958990505, 9.064175715985375, 8.258171278975329, 7.788883925862394, 17.80332362360778, 5.9135160452447435, 13.125777239681144], "PointLightsPhi": [272.05057477083244, 240.92800310453066, 81.53746049965692, 88.29659404354355, 191.58554481739387, 266.7952784090255, 63.168080608075215, 249.62557236877575, 46.32085257181948], "PointLightsTheta": [15.362319090163721, 49.5404667563153, 55.35493477919594, 39.56256105764499, 42.9177836698408, 44.054232296872875, 61.213581081202896, 34.27419799948442, 2.530724817802076], "PointLightsIntensity": [7.574231976247187, 8.610910306803564, 13.043219239949162, 16.198377793882905, 9.276854699201296, 12.108149387178974, 11.371475199270682, 7.6863220192870845, 16.22860617717395], "PointLightsRange": [6.53191724167163, 16.479788655158956, 5.508518543039303, 12.466555288994671, 6.1416238518615, 18.43522589601246, 8.16932437980139, 19.611497176036508, 9.207124924259443], "PointLightsColor_r": [0.007654418416948139, 0.007654418416948139, 0.007654418416948139, 0.007654418416948139, 0.007654418416948139, 0.007654418416948139, 0.007654418416948139, 0.007654418416948139, 0.007654418416948139], "PointLightsColor_g": [0.7847256888793744, 0.7847256888793744, 0.7847256888793744, 0.7847256888793744, 0.7847256888793744, 0.7847256888793744, 0.7847256888793744, 0.7847256888793744, 0.7847256888793744], "PointLightsColor_b": [0.08207962557191051, 0.08207962557191051, 0.08207962557191051, 0.08207962557191051, 0.08207962557191051, 0.08207962557191051, 0.08207962557191051, 0.08207962557191051, 0.08207962557191051], "PointLightsColor_a": [0.9674895415111779, 0.9674895415111779, 0.9674895415111779, 0.9674895415111779, 0.9674895415111779, 0.9674895415111779, 0.9674895415111779, 0.9674895415111779, 0.9674895415111779], "same_PointLightsColor": true, "totalSpotLights": 6, "SpotLightsRadius": [13.871361483101559, 13.602771335231198, 5.850411332210511, 16.331587912123823, 13.816493226227843, 19.4674574582299], "SpotLightsPhi": [106.14633279388396, 249.708944345972, 158.0993431135778, 197.84034272120743, 57.96617943114883, 325.63803351966004], "SpotLightsTheta": [62.453821784626896, 10.058718678554492, 86.02218920933288, 44.36698581199405, 81.1309727015399, 24.836265065703873], "SpotLightsIntensity": [6.1429605787296175, 11.99010393314333, 7.2177546183198675, 8.829029061474003, 9.972908664307663, 7.016291563626962], "SpotLightsRange": [5.901115663149044, 16.504195721849577, 9.838800557145408, 21.270241262037885, 14.282379842186334, 14.706360664078337], "SpotLightsColor_r": [0.9013533899147688, 0.5035406420312969, 0.3227214560336328, 0.9679180157984928, 0.4623058763981228, 0.8362644330236233], "SpotLightsColor_g": [0.16017242576416413, 0.9299100245068957, 0.562050020831588, 0.33604229720216894, 0.6077444539730088, 0.8721645746166965], "SpotLightsColor_b": [0.37819918492442295, 0.3512288948959148, 0.874727433624171, 0.9460234061720301, 0.9725692521834994, 0.25860011817738626], "SpotLightsColor_a": [0.793990338998035, 0.9878515226502472, 0.8334265530340199, 0.8609986623200125, 0.5153689939479107, 0.5879320282064433], "same_SpotLightsColor": false, "SpotAngle": [93.43705430633892, 115.8471315117449, 18.2319742619661, 112.97731760280494, 94.73773498582003, 29.765854620768717]}