{"CameraRes_width": 520, "CameraRes_height": 520, "Camera_FieldofView": 80, "CameraRadius": 10.0, "CameraTheta": 61.622876459658166, "CameraPhi": 7.598448276998218, "CameraVerticalOffset": 0, "total_cuboids": 3, "scale": 2.9822165806335073, "same_scale": true, "total_branches": [1, 1], "same_theta": true, "theta": [40.3845379424552], "phi": 199.54942877466414, "same_material": true, "r": 0.7022703008192491, "g": 0.5517982356835821, "b": 0.06851217798901865, "a": 0.6803083817496283, "metallic": 0.5112350463578815, "smoothness": 0.38350265028961006, "DirectionalLightTheta": 9.182714434911603, "DirectionalLightIntensity": 0.47856517994646175, "totalPointLights": 11, "PointLightsRadius": [13.307096806538533, 13.722498764138415, 15.04811718508914, 17.90790513687305, 16.52231830063772, 5.943873626551778, 15.416598926338265, 18.070994706894915, 15.634328540103517, 8.669491679715298, 11.27629082543801], "PointLightsPhi": [23.736438905643972, 120.36550850688573, 209.11873667366146, 231.330248194866, 44.440835300022, 179.9954688717022, 38.435013086153795, 212.82892077184997, 159.89974405754464, 186.7213646360167, 63.465423146889194], "PointLightsTheta": [39.997605494336746, 43.503906979500975, 59.215807064326995, 5.493552524532341, 32.03144122437171, 35.74118581483979, 43.74834561000157, 10.170133356170105, 19.20800306150023, 37.163478579318834, 60.2844453505343], "PointLightsIntensity": [14.206288219777154, 11.126768735092814, 11.221107309840225, 13.601418581036874, 13.225298721585046, 9.279844778976202, 10.099088640445142, 7.10466697843003, 10.067876459699466, 8.771484482741311, 7.166251480433935], "PointLightsRange": [10.089005729179677, 9.987425183207232, 6.100357857479526, 12.780899880999204, 7.057735792017676, 16.756824975783772, 22.476369014400895, 20.328997042076253, 6.0133778828265765, 13.460254014255565, 7.781547693812955], "PointLightsColor_r": [0.9125313337478781, 0.9125313337478781, 0.9125313337478781, 0.9125313337478781, 0.9125313337478781, 0.9125313337478781, 0.9125313337478781, 0.9125313337478781, 0.9125313337478781, 0.9125313337478781, 0.9125313337478781], "PointLightsColor_g": [0.9903545647700936, 0.9903545647700936, 0.9903545647700936, 0.9903545647700936, 0.9903545647700936, 0.9903545647700936, 0.9903545647700936, 0.9903545647700936, 0.9903545647700936, 0.9903545647700936, 0.9903545647700936], "PointLightsColor_b": [0.2024188473434464, 0.2024188473434464, 0.2024188473434464, 0.2024188473434464, 0.2024188473434464, 0.2024188473434464, 0.2024188473434464, 0.2024188473434464, 0.2024188473434464, 0.2024188473434464, 0.2024188473434464], "PointLightsColor_a": [0.5705976089266387, 0.5705976089266387, 0.5705976089266387, 0.5705976089266387, 0.5705976089266387, 0.5705976089266387, 0.5705976089266387, 0.5705976089266387, 0.5705976089266387, 0.5705976089266387, 0.5705976089266387], "same_PointLightsColor": true, "totalSpotLights": 6, "SpotLightsRadius": [15.42012821009879, 11.458468982453454, 19.677128645446757, 15.516224577375546, 19.54472690940068, 13.248996752547402], "SpotLightsPhi": [323.9705710732322, 294.6109494244228, 351.5004883986399, 50.485398447304554, 212.75857641096908, 167.58159972456235], "SpotLightsTheta": [65.6165372476125, 86.90891058173717, 62.47621359311109, 17.10320345606453, 88.36339378815137, 28.707561360844714], "SpotLightsIntensity": [13.095272538648782, 11.254618639788966, 8.091071015655618, 11.624766674939217, 14.940367056799492, 14.297469281573814], "SpotLightsRange": [6.493772353178406, 15.732291833651274, 9.265322328516124, 18.180995364992434, 16.09299069022937, 11.787194402920884], "SpotLightsColor_r": [0.6938280349611854, 0.8139052444685984, 0.5990220068750923, 0.768233565672408, 0.14419724065183337, 0.11903007397990384], "SpotLightsColor_g": [0.5940247565270542, 0.7169625959999169, 0.10801939891027812, 0.8893457328212603, 0.37642304540295546, 0.03855885946672], "SpotLightsColor_b": [0.29735818269169556, 0.8178838852614405, 0.5250376425844308, 0.345825782439773, 0.10505888363813431, 0.0609664740961996], "SpotLightsColor_a": [0.881115602590451, 0.5527896716922864, 0.8263721287092906, 0.720032018638505, 0.6828980804556832, 0.6914217222295079], "same_SpotLightsColor": false, "SpotAngle": [29.49890053789239, 60.77354305429844, 69.71087702510108, 85.07719839842363, 78.27871552405124, 14.317434863361324]}