{"CameraRes_width": 520, "CameraRes_height": 520, "Camera_FieldofView": 80, "CameraRadius": 10.0, "CameraTheta": 90.50407162671544, "CameraPhi": 346.73108842104426, "CameraVerticalOffset": 0, "total_cuboids": 3, "scale": 3.7842498897033634, "same_scale": true, "total_branches": [1, 1], "same_theta": true, "theta": [9.016840835540814], "phi": 282.36104591933963, "same_material": true, "r": 0.6828628043201967, "g": 0.9537114158764349, "b": 0.3057857528751039, "a": 0.5215841058881414, "metallic": 0.5828887339295854, "smoothness": 0.057485760962161625, "DirectionalLightTheta": 0.5446719856648496, "DirectionalLightIntensity": 0.12037577114214795, "totalPointLights": 8, "PointLightsRadius": [9.213282366866931, 6.529610246331654, 10.547624575882292, 18.131408654430622, 19.96449613503654, 15.545660181075325, 12.366985490521692, 6.24217882135878], "PointLightsPhi": [9.477586607580285, 209.92487671087164, 249.13373140324504, 279.3444656949782, 122.29895366350789, 0.8385902655418986, 357.6121160831649, 314.4162485529591], "PointLightsTheta": [0.16518323026003645, 39.64085456725532, 72.20659482046514, 30.278777123837116, 56.888344183409096, 29.00852674170917, 49.543552308029035, 82.0600358492797], "PointLightsIntensity": [11.72027334137599, 8.605511232055147, 9.66650413665009, 16.82270504258674, 14.962050841012612, 10.306860578120276, 7.136590442632674, 14.665051310572585], "PointLightsRange": [7.933156427310493, 11.348167090218038, 20.626232857438183, 6.034597904597138, 15.581191689420228, 10.333733446187495, 15.908491943254061, 5.218224419456458], "PointLightsColor_r": [0.6040367311140625, 0.6040367311140625, 0.6040367311140625, 0.6040367311140625, 0.6040367311140625, 0.6040367311140625, 0.6040367311140625, 0.6040367311140625], "PointLightsColor_g": [0.0681233310139766, 0.0681233310139766, 0.0681233310139766, 0.0681233310139766, 0.0681233310139766, 0.0681233310139766, 0.0681233310139766, 0.0681233310139766], "PointLightsColor_b": [0.2028342370186934, 0.2028342370186934, 0.2028342370186934, 0.2028342370186934, 0.2028342370186934, 0.2028342370186934, 0.2028342370186934, 0.2028342370186934], "PointLightsColor_a": [0.9411792573753643, 0.9411792573753643, 0.9411792573753643, 0.9411792573753643, 0.9411792573753643, 0.9411792573753643, 0.9411792573753643, 0.9411792573753643], "same_PointLightsColor": true, "totalSpotLights": 5, "SpotLightsRadius": [18.877960945015385, 10.205315411241617, 18.451719228951028, 13.546276845370766, 13.627430449253035], "SpotLightsPhi": [301.1680319062567, 337.77784696227747, 237.44214477328237, 192.54182545980146, 111.21330559794244], "SpotLightsTheta": [28.813261239361765, 57.2665686926662, 38.61582365433095, 27.116921000754875, 78.47495158519926], "SpotLightsIntensity": [9.963876941923209, 13.957271751045461, 14.379168933388724, 10.240717923211042, 8.524462859926706], "SpotLightsRange": [20.724525829914718, 9.65213210431096, 11.375286819999824, 14.641772483017554, 18.660808506465315], "SpotLightsColor_r": [0.4352218261031896, 0.4352218261031896, 0.4352218261031896, 0.4352218261031896, 0.4352218261031896], "SpotLightsColor_g": [0.8333779864882159, 0.8333779864882159, 0.8333779864882159, 0.8333779864882159, 0.8333779864882159], "SpotLightsColor_b": [0.08703767753653546, 0.08703767753653546, 0.08703767753653546, 0.08703767753653546, 0.08703767753653546], "SpotLightsColor_a": [0.9253057862817643, 0.9253057862817643, 0.9253057862817643, 0.9253057862817643, 0.9253057862817643], "same_SpotLightsColor": true, "SpotAngle": [93.4211781413401, 13.545652530581872, 109.65116553945393, 15.791754847642892, 88.74188874516015]}