{"CameraRes_width": 520, "CameraRes_height": 520, "Camera_FieldofView": 80, "CameraRadius": 10.0, "CameraTheta": 81.29269416712205, "CameraPhi": 43.36225155457519, "CameraVerticalOffset": 0, "total_cuboids": 3, "scale": 2.5142024597931605, "same_scale": true, "total_branches": [1, 1], "same_theta": true, "theta": [21.6310656538896], "phi": 264.7087081089001, "same_material": true, "r": 0.6541815151189165, "g": 0.47070946701280325, "b": 0.3981057635977385, "a": 0.8777992613380248, "metallic": 0.6891321893293568, "smoothness": 0.4183632287606259, "DirectionalLightTheta": 4.40754838741828, "DirectionalLightIntensity": 1.0636540016847873, "totalPointLights": 10, "PointLightsRadius": [12.46917927655165, 6.139744732184873, 17.74806959819971, 11.06140911208542, 17.81653992137482, 15.960128803165366, 13.018162560076792, 9.623657047300334, 11.130511294695447, 11.371280817940871], "PointLightsPhi": [232.03400156828167, 248.0339029732182, 264.9756035716892, 225.9838144086501, 37.19425814650519, 108.53337218744534, 253.67609384901257, 249.32458451663274, 241.6671002452921, 135.6306453985521], "PointLightsTheta": [35.011162764880524, 25.24769084431806, 54.91668948693505, 26.567483450842264, 76.16089507818998, 36.301359759059785, 17.009826119150286, 19.230647257591883, 56.55456876595342, 29.871359753002775], "PointLightsIntensity": [8.99342972535486, 11.669974610088936, 14.818996335455275, 7.175416295226603, 13.824074019534885, 11.970711695109571, 15.057346105334444, 12.64176886364729, 13.423508789038433, 15.799441031778308], "PointLightsRange": [20.368202534591255, 17.447528116817523, 21.336588704737537, 14.460034897900922, 16.224351346516375, 21.11984628938892, 7.855318085782699, 18.64534494621823, 20.515291631014527, 24.30858525976663], "PointLightsColor_r": [0.5393932515429775, 0.40042294880149865, 0.30536322396095106, 0.3026082284847734, 0.5049365572558366, 0.6154060208149449, 0.8177640036097892, 0.5063166752695777, 0.6609929549297053, 0.6531098315466662], "PointLightsColor_g": [0.05181978254656505, 0.13969957824039947, 0.7417826757126676, 0.14707392386257345, 0.35660721063929024, 0.9414686158131856, 0.7681185422497212, 0.6714648977563922, 0.6766605868693036, 0.8334914043279952], "PointLightsColor_b": [0.5601244377314758, 0.9744446454539635, 0.7321467511560017, 0.5681925349854505, 0.48391919450560994, 0.7053031341196052, 0.7884632703011226, 0.44817226498757445, 0.22374320083412447, 0.7036741820511881], "PointLightsColor_a": [0.5268480118025056, 0.8532792848115234, 0.5892367092354853, 0.5421268032152209, 0.572216298980158, 0.7901797220768514, 0.6267627881346393, 0.7164575557239256, 0.7258814937347284, 0.532134999199648], "same_PointLightsColor": false, "totalSpotLights": 6, "SpotLightsRadius": [14.969514315418595, 17.57592937147159, 8.84155948891583, 6.517580994160248, 19.423720896313796, 10.820468857430097], "SpotLightsPhi": [355.9855228003235, 304.8068141366486, 11.905329697128533, 35.9739302567144, 40.044385998505945, 337.76893424799493], "SpotLightsTheta": [88.01356972510332, 66.17994120200937, 6.279864972397775, 39.235569523773805, 43.49664742436494, 15.186808562465158], "SpotLightsIntensity": [6.7474206573324915, 11.516314012499631, 11.36254074493306, 10.739102132919772, 8.989954635627646, 5.380209032879496], "SpotLightsRange": [18.530381667288346, 21.75889685025868, 15.83951286006026, 6.005086165677893, 10.802998681766088, 6.286797094565841], "SpotLightsColor_r": [0.6434445386877036, 0.10966930629425087, 0.33731231361206626, 0.11305836893287857, 0.9700959251157172, 0.40991754095954347], "SpotLightsColor_g": [0.21399586433218332, 0.7527904974614862, 0.1739928007475785, 0.8124296934184088, 0.7454307638582499, 0.4843545634108841], "SpotLightsColor_b": [0.08398549963772861, 0.9045159760320161, 0.6047047605853025, 0.0779852060436017, 0.9561074528925445, 0.32723664693959464], "SpotLightsColor_a": [0.7541075617454147, 0.6280374495889467, 0.5658650583632335, 0.6237245562545876, 0.6213146120000044, 0.5337610297850539], "same_SpotLightsColor": false, "SpotAngle": [89.71439487184435, 64.8942865792129, 117.64212589285651, 71.13200068868665, 69.73473941784906, 86.236731450699]}