{"CameraRes_width": 520, "CameraRes_height": 520, "Camera_FieldofView": 80, "CameraRadius": 10.0, "CameraTheta": 88.96360701109903, "CameraPhi": 185.0183495524822, "CameraVerticalOffset": 0, "total_cuboids": 3, "scale": 3.60628254248173, "same_scale": true, "total_branches": [1, 1], "same_theta": true, "theta": [82.7442164787132], "phi": 351.31268823960306, "same_material": true, "r": 0.010575199333827556, "g": 0.08318200453741298, "b": 0.3459696407639077, "a": 0.9404529739820326, "metallic": 0.4931307846127244, "smoothness": 0.18600610109873728, "DirectionalLightTheta": 33.80030132488089, "DirectionalLightIntensity": 0.40555917458140656, "totalPointLights": 10, "PointLightsRadius": [15.333257555071299, 14.167328183764656, 8.130104750887279, 14.532195385772724, 5.864908508173758, 16.68316538272886, 16.40630575151951, 5.905748619548986, 16.903915673682533, 7.531320877709761], "PointLightsPhi": [185.60461842119807, 292.4658115913404, 209.33607858717986, 226.245624766592, 32.142187243548406, 113.61558328468799, 244.8257439859249, 143.36680074969607, 225.27632056328753, 337.7162907876548], "PointLightsTheta": [29.82367413114256, 71.08827748873173, 44.441051792606366, 45.72685512452596, 61.06101893902002, 30.33389682173702, 29.80854579170308, 22.6903800983516, 76.71824888233971, 67.6992951396024], "PointLightsIntensity": [9.18574787795144, 7.397289848219719, 8.31856289584671, 15.567972876417649, 16.731367975142714, 7.922235323107861, 8.02366940550029, 10.199080528705544, 11.375136797056562, 10.109519958682029], "PointLightsRange": [8.646254424904413, 10.653609473402208, 22.684342113086956, 22.70737985414706, 21.547256004071798, 17.764713926695784, 24.60756722113665, 19.43213135815711, 18.31302626276837, 22.379033632768508], "PointLightsColor_r": [0.018651217081444793, 0.8682586911887089, 0.5514981239161885, 0.622451472032289, 0.04189775511778859, 0.7710135543347091, 0.7747395218079234, 0.39477404638011526, 0.768802841455449, 0.6866810142799952], "PointLightsColor_g": [0.663962454646505, 0.8854185192114398, 0.6987032170152502, 0.7341459462575438, 0.560889059032951, 0.031572737506887494, 0.9394283758089201, 0.8290534832341154, 0.44563459635426106, 0.49163780178263217], "PointLightsColor_b": [0.3696541075869936, 0.8367145902681855, 0.5378572528407951, 0.4519615123888432, 0.8908041775060677, 0.5280179140998469, 0.27581174291807076, 0.2326074390123679, 0.3978782324120983, 0.7717461172976413], "PointLightsColor_a": [0.7811748440955613, 0.9722782147545435, 0.6408151686551953, 0.5435416312698813, 0.9647821142972246, 0.8533579689524722, 0.8278790444319963, 0.9025399615886488, 0.5793704044200825, 0.7175025473378758], "same_PointLightsColor": false, "totalSpotLights": 5, "SpotLightsRadius": [12.711631324537118, 15.88424442159724, 15.916972381540615, 9.4102434970682, 8.859492591730069], "SpotLightsPhi": [139.67530770258227, 4.334374036546911, 248.68218610316396, 101.31687671573664, 116.06182321484715], "SpotLightsTheta": [49.16770876275514, 25.95990391342159, 23.98894545506712, 3.3764155213561473, 11.64877731524668], "SpotLightsIntensity": [5.1036223235115905, 9.333567830360531, 14.327313920144434, 7.502754728755087, 6.815622161972917], "SpotLightsRange": [16.050334427432595, 9.385883522882946, 5.779646084875769, 15.805543061519122, 21.168654577639327], "SpotLightsColor_r": [0.11986654700104526, 0.11986654700104526, 0.11986654700104526, 0.11986654700104526, 0.11986654700104526], "SpotLightsColor_g": [0.14705367263277502, 0.14705367263277502, 0.14705367263277502, 0.14705367263277502, 0.14705367263277502], "SpotLightsColor_b": [0.7419228568404448, 0.7419228568404448, 0.7419228568404448, 0.7419228568404448, 0.7419228568404448], "SpotLightsColor_a": [0.9560862454489483, 0.9560862454489483, 0.9560862454489483, 0.9560862454489483, 0.9560862454489483], "same_SpotLightsColor": true, "SpotAngle": [49.8520779404182, 105.62035469696909, 72.45618521110754, 65.85711466831373, 65.36726513462122]}