{"CameraRes_width": 520, "CameraRes_height": 520, "Camera_FieldofView": 80, "CameraRadius": 10.0, "CameraTheta": 92.03787690896576, "CameraPhi": 354.9870520375083, "CameraVerticalOffset": 0, "total_cuboids": 3, "scale": 1.4030144516275778, "same_scale": true, "total_branches": [1, 1], "same_theta": true, "theta": [12.490512630532127], "phi": 238.8837423792074, "same_material": true, "r": 0.8583696312403025, "g": 0.8320507561953571, "b": 0.9657254393829684, "a": 0.6309278248685141, "metallic": 0.7274918777476774, "smoothness": 0.744196416308249, "DirectionalLightTheta": 77.71020014668173, "DirectionalLightIntensity": 0.935499959357817, "totalPointLights": 7, "PointLightsRadius": [6.790953461348393, 13.44773683133952, 14.798317774693428, 7.782214227562044, 12.054521640817704, 18.05675335795709, 12.981602197852814], "PointLightsPhi": [172.25546788168046, 167.44292881983088, 286.48375838023674, 113.29864960180271, 326.53625585499884, 175.71390872425775, 164.7275328658239], "PointLightsTheta": [89.64115134310491, 63.747132863222866, 72.0619335719577, 86.46661242948649, 3.337323477440183, 21.55193924029068, 30.883703075933465], "PointLightsIntensity": [9.34847174276816, 15.486234624051134, 9.320402933806726, 9.012197974634558, 7.050252985351435, 12.015940349294729, 12.729673314947256], "PointLightsRange": [19.041608239027408, 13.61750866279947, 16.586972519588667, 13.380137579408842, 11.708947733377055, 21.60237565247092, 24.21105219450597], "PointLightsColor_r": [0.2729808313154003, 0.7174939001192817, 0.305299617871288, 0.9868306833085329, 0.847789656802446, 0.6880740900359782, 0.3106846935418913], "PointLightsColor_g": [0.702859271982993, 0.3281779712552435, 0.28886599220246223, 0.6461733860574022, 0.4794528676752159, 0.5663199258879528, 0.9636723302562824], "PointLightsColor_b": [0.45634025783359955, 0.8697628308595139, 0.47469464234247527, 0.687568937910178, 0.4364197845091392, 0.7485361842241824, 0.09523990797461246], "PointLightsColor_a": [0.9505645615596481, 0.6711778583353805, 0.8337651004459037, 0.638726985416527, 0.5368719254164473, 0.7312503922457734, 0.6978745096587758], "same_PointLightsColor": false, "totalSpotLights": 6, "SpotLightsRadius": [17.70644962101934, 6.978256502764007, 19.008069454858475, 8.793907524156216, 13.923133503257484, 6.447705914780084], "SpotLightsPhi": [5.214955290417755, 330.3983002982284, 93.34814997244449, 321.96459055728775, 190.13805539691097, 147.61911725478814], "SpotLightsTheta": [71.04709064076748, 78.19056145264614, 67.25236260141918, 26.3248983058099, 2.087635687466989, 78.42744442240623], "SpotLightsIntensity": [5.412723849209887, 5.43190749508571, 14.542510818747758, 11.081171220018703, 14.721400158840233, 9.886831918969062], "SpotLightsRange": [22.835975104045016, 16.739220007469633, 7.016241048570297, 5.119054782877026, 10.131737282626814, 11.658285936477053], "SpotLightsColor_r": [0.507436771182106, 0.507436771182106, 0.507436771182106, 0.507436771182106, 0.507436771182106, 0.507436771182106], "SpotLightsColor_g": [0.18494251661367855, 0.18494251661367855, 0.18494251661367855, 0.18494251661367855, 0.18494251661367855, 0.18494251661367855], "SpotLightsColor_b": [0.7985755688670422, 0.7985755688670422, 0.7985755688670422, 0.7985755688670422, 0.7985755688670422, 0.7985755688670422], "SpotLightsColor_a": [0.6403112120852426, 0.6403112120852426, 0.6403112120852426, 0.6403112120852426, 0.6403112120852426, 0.6403112120852426], "same_SpotLightsColor": true, "SpotAngle": [94.12190593401866, 56.21416831379449, 56.52613958355618, 13.024021493861246, 5.550050453990281, 92.6882135555987]}