{"CameraRes_width": 520, "CameraRes_height": 520, "Camera_FieldofView": 80, "CameraRadius": 10.0, "CameraTheta": 87.74333735011109, "CameraPhi": 127.3079285360724, "CameraVerticalOffset": 0, "total_cuboids": 3, "scale": [2.8409857261162728, 2.994818616288715, 2.8908681465142125], "same_scale": false, "total_branches": [1, 2], "same_theta": true, "theta": [9.915615095753992], "phi": 2.9283625717486217, "same_material": true, "r": 0.6152093660608731, "g": 0.8370550318460573, "b": 0.5734871224922394, "a": 0.7282916398546291, "metallic": 0.7511329763371031, "smoothness": 0.09328910069867113, "DirectionalLightTheta": 82.20275691009918, "DirectionalLightIntensity": 0.11038521446731678, "totalPointLights": 7, "PointLightsRadius": [6.264423357041634, 18.28900102675056, 17.061328962987126, 11.12645897961981, 7.1240231706174395, 11.121847475098766, 5.455534075698576], "PointLightsPhi": [301.6369586790064, 166.61490259300993, 78.30378632159263, 219.26724841663537, 343.1532657107059, 1.718251776988442, 309.6832459865035], "PointLightsTheta": [4.7759905042341, 48.443668972545936, 83.63264413435209, 29.391417504325563, 3.789050368832397, 38.20064462880708, 3.357558198588282], "PointLightsIntensity": [11.515548156703067, 9.208003807817416, 8.724307752251766, 7.517144640083571, 15.910357313383882, 11.178767384848348, 16.006605892239662], "PointLightsRange": [16.570727256287093, 19.18413626322667, 24.310144904116367, 9.158488115627673, 13.500872897857226, 5.784295423002133, 22.1789587400656], "PointLightsColor_r": [0.9140096885327399, 0.388939868640078, 0.39925049249322586, 0.25179985349872025, 0.005366635198681413, 0.8778979390031684, 0.7655889524995555], "PointLightsColor_g": [0.7529001823319273, 0.4677126355292993, 0.26042906835861124, 0.37497180352212656, 0.4729626720326776, 0.2888677626264601, 0.14719990128990812], "PointLightsColor_b": [0.7497451790147047, 0.1060192131439448, 0.7735423534563909, 0.4957803254049894, 0.11947070638606538, 0.47107646743589116, 0.3657573299436948], "PointLightsColor_a": [0.7525079684348641, 0.545270868454049, 0.86243391373504, 0.9506545717477821, 0.6591449742175333, 0.7510776176262781, 0.6055982266729558], "same_PointLightsColor": false, "totalSpotLights": 6, "SpotLightsRadius": [16.053573861062972, 17.56976637034611, 6.628646403329069, 19.13760338143201, 18.124059926959973, 14.92569685984888], "SpotLightsPhi": [112.51227775568238, 307.27999298056545, 97.73156731830518, 323.3454348179259, 25.103573776419644, 58.85865455793771], "SpotLightsTheta": [27.171529051246985, 21.61691989604945, 84.64266631729865, 3.7832689211275294, 75.65453567446103, 77.6402620302869], "SpotLightsIntensity": [10.58007829752174, 10.141524237125655, 6.484406126995045, 7.543880055006014, 7.8840688395915315, 10.287925549968065], "SpotLightsRange": [11.666070106750905, 5.235670364043587, 18.161581920056832, 15.929525497803967, 8.708969497857861, 10.450793829040633], "SpotLightsColor_r": [0.08279141226930187, 0.08279141226930187, 0.08279141226930187, 0.08279141226930187, 0.08279141226930187, 0.08279141226930187], "SpotLightsColor_g": [0.23765308906085936, 0.23765308906085936, 0.23765308906085936, 0.23765308906085936, 0.23765308906085936, 0.23765308906085936], "SpotLightsColor_b": [0.7192523962510964, 0.7192523962510964, 0.7192523962510964, 0.7192523962510964, 0.7192523962510964, 0.7192523962510964], "SpotLightsColor_a": [0.8307143673349533, 0.8307143673349533, 0.8307143673349533, 0.8307143673349533, 0.8307143673349533, 0.8307143673349533], "same_SpotLightsColor": true, "SpotAngle": [99.03308749319561, 61.234552707635636, 93.30224839293477, 95.46071119601709, 60.183768652940486, 118.84910023295897]}