{"CameraRes_width": 520, "CameraRes_height": 520, "Camera_FieldofView": 80, "CameraRadius": 10.0, "CameraTheta": 81.25611572139717, "CameraPhi": 336.8223301773614, "CameraVerticalOffset": 0, "total_cuboids": 3, "scale": 1.6700113610782923, "same_scale": true, "total_branches": [2, 1], "same_theta": true, "theta": [57.78953966316125], "phi": 252.06328433406233, "same_material": true, "r": 0.5103684395127308, "g": 0.6683231107084655, "b": 0.21023077945713986, "a": 0.5337248345334302, "metallic": 0.16188714861121434, "smoothness": 0.1856292385494448, "DirectionalLightTheta": 63.95926664755239, "DirectionalLightIntensity": 0.7102069955464533, "totalPointLights": 8, "PointLightsRadius": [17.50749278181347, 16.15191826283749, 14.891384439935413, 9.712739133911725, 13.933177077697621, 14.278697647473377, 12.848781124040533, 12.425468869304563], "PointLightsPhi": [336.32572402452195, 235.73426404474222, 49.58963676255181, 194.29856846152938, 241.88955978986772, 320.55594617807685, 335.1042773458457, 112.87709085507313], "PointLightsTheta": [68.03334938976882, 22.613251633328904, 39.2334038941812, 28.190285286313777, 31.81894339290231, 58.588601946025804, 88.55685396005676, 67.99358506811697], "PointLightsIntensity": [12.534825184632018, 13.509298720541281, 8.903499648371582, 9.084516071474313, 16.699195010466944, 16.5968088757049, 11.27596779583417, 8.813240847661804], "PointLightsRange": [23.428022543570442, 13.700606226188256, 20.859134381897064, 11.96884466386715, 10.89118661973551, 21.69828976110326, 11.279045987518153, 19.2966008979972], "PointLightsColor_r": [0.32284998589307157, 0.32284998589307157, 0.32284998589307157, 0.32284998589307157, 0.32284998589307157, 0.32284998589307157, 0.32284998589307157, 0.32284998589307157], "PointLightsColor_g": [0.35955614352882115, 0.35955614352882115, 0.35955614352882115, 0.35955614352882115, 0.35955614352882115, 0.35955614352882115, 0.35955614352882115, 0.35955614352882115], "PointLightsColor_b": [0.2393146848014608, 0.2393146848014608, 0.2393146848014608, 0.2393146848014608, 0.2393146848014608, 0.2393146848014608, 0.2393146848014608, 0.2393146848014608], "PointLightsColor_a": [0.999940763650274, 0.999940763650274, 0.999940763650274, 0.999940763650274, 0.999940763650274, 0.999940763650274, 0.999940763650274, 0.999940763650274], "same_PointLightsColor": true, "totalSpotLights": 6, "SpotLightsRadius": [5.748849203478869, 15.381479250736366, 13.397887902955011, 9.571180842719851, 12.407891075564208, 18.49767779755412], "SpotLightsPhi": [285.58233383825427, 98.42862622844767, 328.5900153764188, 114.97776012291921, 213.3832227977683, 303.54849887928873], "SpotLightsTheta": [82.59368204651533, 43.273725583205284, 11.852859768158146, 76.70228108051839, 55.1944945712888, 75.9273627611502], "SpotLightsIntensity": [6.601257456329819, 12.441319719942495, 8.646344749495556, 12.863123531223426, 10.546854710016927, 14.020423019386685], "SpotLightsRange": [12.372555516749804, 20.370719474979595, 9.085415974153111, 15.748456818023257, 16.811082255659063, 9.477994638662157], "SpotLightsColor_r": [0.5415245856601215, 0.5415245856601215, 0.5415245856601215, 0.5415245856601215, 0.5415245856601215, 0.5415245856601215], "SpotLightsColor_g": [0.7626880255421173, 0.7626880255421173, 0.7626880255421173, 0.7626880255421173, 0.7626880255421173, 0.7626880255421173], "SpotLightsColor_b": [0.9891002128595643, 0.9891002128595643, 0.9891002128595643, 0.9891002128595643, 0.9891002128595643, 0.9891002128595643], "SpotLightsColor_a": [0.907595151593309, 0.907595151593309, 0.907595151593309, 0.907595151593309, 0.907595151593309, 0.907595151593309], "same_SpotLightsColor": true, "SpotAngle": [69.11130871556414, 65.00565785351365, 20.977427111560182, 100.17455369507721, 79.48089265625765, 106.77368398461503]}