{"CameraRes_width": 520, "CameraRes_height": 520, "Camera_FieldofView": 80, "CameraRadius": 10.0, "CameraTheta": 75.06482703311164, "CameraPhi": 142.26429337019428, "CameraVerticalOffset": 0, "total_cuboids": 3, "scale": [2.5923231898412933, 1.7487755384764492, 2.005819450558713], "same_scale": false, "total_branches": [2, 1], "same_theta": true, "theta": [56.71300280257136], "phi": 336.6023816510841, "same_material": true, "r": 0.10301637711477407, "g": 0.24874311335232724, "b": 0.7418118207242148, "a": 0.6120324660090252, "metallic": 0.32549666800977994, "smoothness": 0.4096975041574039, "DirectionalLightTheta": 76.82637799477111, "DirectionalLightIntensity": 0.993677183508166, "totalPointLights": 10, "PointLightsRadius": [13.299464722781625, 5.21677315775049, 17.50267470697208, 18.67178538022233, 7.13302001878831, 7.584833316771386, 9.69288804508794, 17.86085825388351, 17.194761406806872, 12.612747977864444], "PointLightsPhi": [1.2565547885865858, 211.28662416634148, 39.15192919038313, 92.63031111205464, 316.51662959764946, 106.12908827938966, 161.33475653487588, 338.7288571255875, 235.31092819406345, 119.4373411947395], "PointLightsTheta": [31.53876299677195, 28.380397032765966, 33.94022285292508, 7.049945989183533, 15.333778111263442, 85.8932900753465, 82.9934054839199, 84.20460246818341, 15.431992977681722, 1.8746596876693578], "PointLightsIntensity": [8.077761169746847, 13.11439702486183, 11.40312706376023, 8.583215503926338, 8.698643292256628, 12.156022353390687, 13.017195335750987, 10.67152736867152, 9.367081254060253, 9.35503275784807], "PointLightsRange": [15.680444095024358, 24.817892889732136, 21.501738735331895, 16.43317828637004, 13.251682322545495, 9.448363740329267, 15.998682660762885, 7.755984723949403, 9.473727046460617, 17.570517900324546], "PointLightsColor_r": [0.8817258987736305, 0.8817258987736305, 0.8817258987736305, 0.8817258987736305, 0.8817258987736305, 0.8817258987736305, 0.8817258987736305, 0.8817258987736305, 0.8817258987736305, 0.8817258987736305], "PointLightsColor_g": [0.5899498904730667, 0.5899498904730667, 0.5899498904730667, 0.5899498904730667, 0.5899498904730667, 0.5899498904730667, 0.5899498904730667, 0.5899498904730667, 0.5899498904730667, 0.5899498904730667], "PointLightsColor_b": [0.10871252087788663, 0.10871252087788663, 0.10871252087788663, 0.10871252087788663, 0.10871252087788663, 0.10871252087788663, 0.10871252087788663, 0.10871252087788663, 0.10871252087788663, 0.10871252087788663], "PointLightsColor_a": [0.9197766293694972, 0.9197766293694972, 0.9197766293694972, 0.9197766293694972, 0.9197766293694972, 0.9197766293694972, 0.9197766293694972, 0.9197766293694972, 0.9197766293694972, 0.9197766293694972], "same_PointLightsColor": true, "totalSpotLights": 5, "SpotLightsRadius": [17.946604501317722, 6.12637770230846, 12.409159264923627, 5.702056241652974, 17.966287488408227], "SpotLightsPhi": [123.64811084998617, 170.5974402894715, 231.5251146644583, 112.76494454281621, 71.2709829516191], "SpotLightsTheta": [17.118364516400437, 73.70971928093542, 81.05963409830888, 31.20672995721109, 6.364781660476131], "SpotLightsIntensity": [8.281854655209873, 9.9278847989802, 6.011495425068563, 14.417409982128179, 7.7527710084797015], "SpotLightsRange": [13.912215349575543, 23.844920201584642, 17.529556102245085, 22.32078052931202, 8.678634900687374], "SpotLightsColor_r": [0.09518626936243901, 0.09518626936243901, 0.09518626936243901, 0.09518626936243901, 0.09518626936243901], "SpotLightsColor_g": [0.6074338464646846, 0.6074338464646846, 0.6074338464646846, 0.6074338464646846, 0.6074338464646846], "SpotLightsColor_b": [0.5990516217965086, 0.5990516217965086, 0.5990516217965086, 0.5990516217965086, 0.5990516217965086], "SpotLightsColor_a": [0.9859185132490045, 0.9859185132490045, 0.9859185132490045, 0.9859185132490045, 0.9859185132490045], "same_SpotLightsColor": true, "SpotAngle": [14.932151453142897, 87.9022846761706, 65.89313542274186, 110.4048321022527, 111.8075705233057]}