{"CameraRes_width": 520, "CameraRes_height": 520, "Camera_FieldofView": 80, "CameraRadius": 10.0, "CameraTheta": 70.70651943029586, "CameraPhi": 92.55736896690988, "CameraVerticalOffset": 0, "total_cuboids": 3, "scale": 0.7888759636296134, "same_scale": true, "total_branches": [1, 1], "same_theta": true, "theta": [4.316024184987004], "phi": 170.17133676988797, "same_material": true, "r": 0.6037701027025103, "g": 0.8589571740414105, "b": 0.5915473806737794, "a": 0.871812297332367, "metallic": 0.126809234220703, "smoothness": 0.003040609238018077, "DirectionalLightTheta": 58.5648360342815, "DirectionalLightIntensity": 0.7629491783735374, "totalPointLights": 9, "PointLightsRadius": [9.734852135534457, 17.242405092005328, 16.662641203020417, 16.24424745334811, 8.39439997209611, 13.13845776229863, 19.984692601130277, 6.692758430716407, 10.621742218955262], "PointLightsPhi": [244.16117859269207, 344.32518009067854, 279.8741404058138, 60.110141493057455, 352.3079449733629, 346.04933279134445, 161.00903432967942, 181.5193405027909, 216.07327183080494], "PointLightsTheta": [47.99804508173018, 33.860952112168086, 45.34544425534234, 77.23711366534498, 40.678988655584874, 87.27648914864758, 11.454299921105909, 40.1138842331978, 22.862082829630648], "PointLightsIntensity": [11.930336869057086, 13.585043168485274, 12.696879958322185, 11.927604672977044, 10.732056443512613, 13.195007892642458, 14.539596628824976, 10.447044691453925, 7.5874548231653565], "PointLightsRange": [21.811319319992503, 10.80091026910144, 10.363673456943182, 23.664213246264843, 11.777315373763745, 15.979880650693051, 10.833164800952336, 19.931807276854588, 16.842037398843168], "PointLightsColor_r": [0.6553685445407936, 0.9852662386566018, 0.19337493891213386, 0.7528887234613199, 0.7731210156463498, 0.9340428875756536, 0.09697544951766401, 0.11015964223325503, 0.12911177878011104], "PointLightsColor_g": [0.21330494986583748, 0.260095256199842, 0.9725522907853132, 0.07325965261624523, 0.28515377420379007, 0.9133528049647022, 0.601341177831474, 0.8571729320935437, 0.918126000583014], "PointLightsColor_b": [0.38130737193581365, 0.6856966637566466, 0.4057542145238556, 0.2892223648405551, 0.9032029141155287, 0.15905234766215037, 0.5933589414381729, 0.8621575832599162, 0.35774404795520376], "PointLightsColor_a": [0.5012624742079992, 0.8537205097867524, 0.8680027102279122, 0.8070389638449507, 0.6853687501388296, 0.7095895626143267, 0.6696261097212763, 0.9351255275100983, 0.7528211373465457], "same_PointLightsColor": false, "totalSpotLights": 4, "SpotLightsRadius": [16.898741015435643, 12.819212808050102, 5.930529936766108, 18.706595224768282], "SpotLightsPhi": [224.8851186107865, 298.04084146486406, 263.688592991726, 308.7294359600826], "SpotLightsTheta": [44.63757200011221, 43.368785280133636, 61.44326596024354, 47.77535639801772], "SpotLightsIntensity": [9.364105285284165, 12.942458679454766, 8.213438906175792, 12.625362928742078], "SpotLightsRange": [7.265152368985128, 5.666832088539295, 5.2242021415297035, 8.187667043492716], "SpotLightsColor_r": [0.5939848451815336, 0.5939848451815336, 0.5939848451815336, 0.5939848451815336], "SpotLightsColor_g": [0.38728897370724, 0.38728897370724, 0.38728897370724, 0.38728897370724], "SpotLightsColor_b": [0.8582387086125555, 0.8582387086125555, 0.8582387086125555, 0.8582387086125555], "SpotLightsColor_a": [0.7283871988568055, 0.7283871988568055, 0.7283871988568055, 0.7283871988568055], "same_SpotLightsColor": true, "SpotAngle": [60.596800531052075, 19.918990221245544, 54.05802827549638, 30.091355245052558]}