{"CameraRes_width": 520, "CameraRes_height": 520, "Camera_FieldofView": 80, "CameraRadius": 10.0, "CameraTheta": 62.319229244456594, "CameraPhi": 257.92873215363306, "CameraVerticalOffset": 0, "total_cuboids": 3, "scale": 3.553006964390018, "same_scale": true, "total_branches": [1, 1], "same_theta": true, "theta": [117.42472574387787], "phi": 7.035961821029746, "same_material": true, "r": 0.29005402023948756, "g": 0.5740418206931781, "b": 0.47686737354303577, "a": 0.7221409694392542, "metallic": 0.9479414675690169, "smoothness": 0.9633073745932732, "DirectionalLightTheta": 3.3635870013055023, "DirectionalLightIntensity": 0.8716822403038802, "totalPointLights": 8, "PointLightsRadius": [6.838587362128749, 7.41410172448424, 13.174827766312298, 14.079438850051, 12.416244755458903, 17.18022408313579, 15.013274585649333, 12.201817203221237], "PointLightsPhi": [165.894403011792, 284.4564379218382, 123.96251097735502, 212.24966475378054, 324.0045104365236, 90.46619630022697, 240.67585476354105, 322.91402413592033], "PointLightsTheta": [9.239885176545448, 55.887043701089944, 28.62616916509255, 64.56204670843324, 26.81946254370056, 88.5586943741993, 2.8423818098429354, 58.84236102825365], "PointLightsIntensity": [13.691773282014115, 12.032490297046813, 7.716343945752981, 10.959218997541267, 9.160856190109875, 16.151702892919907, 7.656682990693854, 16.351049949109186], "PointLightsRange": [18.37700230389681, 18.35031512567642, 23.374029510108784, 17.429660135472353, 6.651031709504769, 15.269189706679615, 10.02697888736831, 12.10875774723357], "PointLightsColor_r": [0.11913291425354544, 0.21230264396454734, 0.08295860493590268, 0.9187028628967283, 0.0694313685452107, 0.9603404891187851, 0.11404521237888021, 0.5008789453464747], "PointLightsColor_g": [0.8799744625088257, 0.8396367630528608, 0.1715105338677828, 0.020914145337718182, 0.6192336234200548, 0.05028321948394454, 0.4491581032154053, 0.38480787073078504], "PointLightsColor_b": [0.2566469772795773, 0.6877477405041925, 0.6432329515960697, 0.7825287940671738, 0.37503550852971257, 0.7384183349734782, 0.9751778902390513, 0.3810521248750226], "PointLightsColor_a": [0.9102007367058873, 0.8330943356542225, 0.5034053617917256, 0.6641009737172932, 0.8104254476836503, 0.5603397218804089, 0.5205029524694567, 0.6014186014821226], "same_PointLightsColor": false, "totalSpotLights": 3, "SpotLightsRadius": [19.14556883927289, 7.727362092642931, 9.468194596357101], "SpotLightsPhi": [66.0958305985514, 14.247068016411752, 138.00065048984865], "SpotLightsTheta": [60.55713310518309, 5.529844864853947, 32.9551673140345], "SpotLightsIntensity": [10.205797663479824, 11.943085556307265, 14.596300058203951], "SpotLightsRange": [8.332252871758667, 7.986164452193762, 8.592249802285842], "SpotLightsColor_r": [0.8104220093493653, 0.9991829513848365, 0.3651328765950559], "SpotLightsColor_g": [0.9376614340933928, 0.34522528637960304, 0.07689778078482923], "SpotLightsColor_b": [0.8380640062961161, 0.35301642351316576, 0.8932055612342135], "SpotLightsColor_a": [0.7101976138153082, 0.6294245354149172, 0.5589755942497281], "same_SpotLightsColor": false, "SpotAngle": [96.3517248275768, 64.16231882325849, 98.68183575266715]}