{"CameraRes_width": 520, "CameraRes_height": 520, "Camera_FieldofView": 80, "CameraRadius": 10.0, "CameraTheta": 71.76367480317428, "CameraPhi": 313.24652967248545, "CameraVerticalOffset": 0, "total_cuboids": 3, "scale": [3.2872374663378077, 3.657894404972424, 2.696951503047321], "same_scale": false, "total_branches": [1, 1], "same_theta": true, "theta": [72.3553502338752], "phi": 275.56260640781613, "same_material": true, "r": 0.8886177618039774, "g": 0.7014936008054767, "b": 0.6243751738965798, "a": 0.7057622548852173, "metallic": 0.7461305322710257, "smoothness": 0.700630770649766, "DirectionalLightTheta": 74.8991132412649, "DirectionalLightIntensity": 0.48046367284799885, "totalPointLights": 9, "PointLightsRadius": [14.382803704572208, 19.597781015219933, 9.183283939897507, 6.15030266102951, 5.012970233713408, 12.68957818647334, 19.732856299724716, 5.846583290307742, 10.220691042360112], "PointLightsPhi": [148.0242257605926, 193.19224339865764, 100.01477928624455, 163.65011069086148, 311.7964983097892, 86.23813518627814, 111.31053858510919, 233.14266231325126, 4.361130566485256], "PointLightsTheta": [37.086886611780116, 55.925878510726434, 44.80601587357463, 47.94675471109712, 3.256189459810388, 88.57337209709544, 39.91789570511288, 88.7259484892281, 29.563564432139316], "PointLightsIntensity": [8.995778097957349, 16.023572308310136, 15.817485473220557, 8.597002064920055, 8.67916174130767, 13.509399592890432, 10.491167322277224, 15.775532407707468, 14.950732951533727], "PointLightsRange": [15.630093832763198, 22.806186552580296, 6.551442023368336, 23.579847138684368, 6.319267499139234, 21.373638323437014, 17.238687688756187, 6.1785280357023105, 19.628261589168133], "PointLightsColor_r": [0.42663905475651653, 0.2395748109286927, 0.4575381554894793, 0.6979740031281733, 0.43585489914779973, 0.14263727379495417, 0.5050348241420614, 0.31103284992520075, 0.7341012295268634], "PointLightsColor_g": [0.6128782229337819, 0.9650739788238893, 0.8816183911638888, 0.4859643044292842, 0.4162787862218139, 0.7859755757426383, 0.20148860915043731, 0.9367826160677787, 0.2552194127284274], "PointLightsColor_b": [0.812699970807895, 0.9713098032621177, 0.13924361810102115, 0.2299253874756717, 0.14165537259352645, 0.014761832973047562, 0.22053131474110177, 0.7909765303106562, 0.6166479685653555], "PointLightsColor_a": [0.6920001147367341, 0.8492400520407117, 0.6344116614941323, 0.6583034744511532, 0.7533055779387301, 0.8175012034200206, 0.9475659857812979, 0.5675078859572713, 0.8148291627605218], "same_PointLightsColor": false, "totalSpotLights": 6, "SpotLightsRadius": [6.108725539670851, 10.17518531826989, 13.735685683734438, 8.02855608637109, 6.086186277839387, 8.19202525994884], "SpotLightsPhi": [67.41579248991673, 238.90967916056937, 21.303922289759395, 13.504724331667944, 78.77801888904447, 21.789866711775527], "SpotLightsTheta": [18.68683767626315, 36.894466438766834, 29.660633871198392, 77.69197280422809, 48.10336159994611, 27.421970861739755], "SpotLightsIntensity": [13.5017456107639, 8.51528170157534, 11.71587151214336, 5.2045981402812185, 14.443722456184519, 6.989361167543624], "SpotLightsRange": [14.749974004416739, 17.764975467760884, 20.822798442582375, 9.255203286883003, 11.65055524413944, 21.927564244536747], "SpotLightsColor_r": [0.590533900536356, 0.590533900536356, 0.590533900536356, 0.590533900536356, 0.590533900536356, 0.590533900536356], "SpotLightsColor_g": [0.23914780062215268, 0.23914780062215268, 0.23914780062215268, 0.23914780062215268, 0.23914780062215268, 0.23914780062215268], "SpotLightsColor_b": [0.43914975179404225, 0.43914975179404225, 0.43914975179404225, 0.43914975179404225, 0.43914975179404225, 0.43914975179404225], "SpotLightsColor_a": [0.5670432386664135, 0.5670432386664135, 0.5670432386664135, 0.5670432386664135, 0.5670432386664135, 0.5670432386664135], "same_SpotLightsColor": true, "SpotAngle": [102.9913889999736, 96.8445697346268, 13.054906498284323, 57.04443659905672, 90.1492545834045, 13.234880957738218]}