{"CameraRes_width": 520, "CameraRes_height": 520, "Camera_FieldofView": 80, "CameraRadius": 10.0, "CameraTheta": 70.61389909600638, "CameraPhi": 84.24544283968879, "CameraVerticalOffset": 0, "total_cuboids": 3, "scale": 3.7658139311175254, "same_scale": true, "total_branches": [2, 1], "same_theta": true, "theta": [74.79378217326581], "phi": 93.53500875450541, "same_material": true, "r": 0.9023879307007843, "g": 0.9597365881293732, "b": 0.8881205404156702, "a": 0.5911145339101698, "metallic": 0.9532617565354223, "smoothness": 0.7926131796441471, "DirectionalLightTheta": 88.84245588144178, "DirectionalLightIntensity": 0.5082705369309789, "totalPointLights": 11, "PointLightsRadius": [7.063560684785299, 5.91517716260057, 16.756058714771033, 19.729642378013978, 9.720763378116011, 6.07775124636832, 14.005728615550234, 10.058201862541411, 5.182945163025528, 19.26897303765247, 8.4817303235927], "PointLightsPhi": [17.16713433669704, 14.612208659197684, 111.42377050787108, 340.79885778335057, 206.44601014138277, 327.7921132190663, 61.7839464693343, 2.450546264224678, 56.66379980545841, 147.7066049581974, 352.66906134569206], "PointLightsTheta": [49.403189631466944, 61.05834505664909, 66.40312961993781, 64.3578137549911, 16.8684781767412, 79.27598989184858, 87.11343120271445, 24.470883078593925, 51.65678965745516, 48.61923464529016, 69.94478494672786], "PointLightsIntensity": [10.284132484375094, 12.851957174855187, 9.937260752746853, 7.224349742667896, 10.40378237335361, 15.803446808251342, 9.442099307751752, 14.08115508594847, 10.049318923550217, 7.814827043593819, 11.652082908224868], "PointLightsRange": [24.93157086360781, 12.711900164450089, 5.497299248032417, 13.417115924956981, 22.04838920260809, 13.520572564347948, 18.229603625233317, 14.928929833887356, 19.185798325607664, 22.396538082707302, 10.370188064998247], "PointLightsColor_r": [0.0672253632394696, 0.5849810406490425, 0.8853629840560828, 0.7471832216020727, 0.10201977862089295, 0.2241231994272488, 0.458610554484128, 0.9830547014687221, 0.9980164717241972, 0.6103417129241391, 0.8830096344378605], "PointLightsColor_g": [0.2633920931280248, 0.3919811340640713, 0.7710334649958633, 0.6258711994526205, 0.7350554924864398, 0.7956467302677092, 0.8802336630065098, 0.8424576506483689, 0.9244794592098983, 0.9107008615699808, 0.17160867724909745], "PointLightsColor_b": [0.5170141153503194, 0.6139190452072597, 0.1914475348917839, 0.5237994202475237, 0.42637611674922193, 0.5204923551457091, 0.7249900612414423, 0.7402461983971473, 0.1326958311493831, 0.8693720534811021, 0.5177597098679181], "PointLightsColor_a": [0.8628886346858919, 0.5000431237833753, 0.8274427999141292, 0.9843209527009316, 0.7878277162278506, 0.7761974071194955, 0.7820532310629331, 0.5752885946688471, 0.8132185800207519, 0.8524611820268697, 0.8963044457713929], "same_PointLightsColor": false, "totalSpotLights": 4, "SpotLightsRadius": [19.095725478867323, 18.899422983463875, 7.087817841698569, 16.44143790010984], "SpotLightsPhi": [250.90890138143604, 263.9098223707793, 314.5389606928643, 235.46855076731376], "SpotLightsTheta": [52.79655236139231, 52.5876449316286, 36.53400987408765, 35.18316944345013], "SpotLightsIntensity": [14.648628293006315, 12.587534357754894, 5.081522186539896, 12.382065657845398], "SpotLightsRange": [16.109558941773265, 15.078156811630585, 13.918126228045178, 22.322542519222395], "SpotLightsColor_r": [0.1715801340299814, 0.6941584254784038, 0.5280168335673011, 0.7235364760089255], "SpotLightsColor_g": [0.2848873772712889, 0.3935727980528082, 0.05350646913978274, 0.22175496324655586], "SpotLightsColor_b": [0.6005209787025997, 0.4366565890347278, 0.36891684288257076, 0.2641006040113324], "SpotLightsColor_a": [0.6012749615191225, 0.7682519242102143, 0.7156609409666445, 0.65052888558944], "same_SpotLightsColor": false, "SpotAngle": [76.09551479842871, 89.88009689887079, 116.3343347432395, 118.39133584434911]}