{"CameraRes_width": 520, "CameraRes_height": 520, "Camera_FieldofView": 80, "CameraRadius": 10.0, "CameraTheta": 62.76126528419499, "CameraPhi": 117.76179998468035, "CameraVerticalOffset": 0, "total_cuboids": 3, "scale": [3.501011215249902, 3.4498096372745444, 2.9036981146280745], "same_scale": false, "total_branches": [2, 1], "same_theta": true, "theta": [107.28678744316889], "phi": 300.0719980772043, "same_material": true, "r": 0.14861254521818157, "g": 0.3041500134227991, "b": 0.060699131078109536, "a": 0.9150751363640603, "metallic": 0.09118228156065022, "smoothness": 0.9959247544514782, "DirectionalLightTheta": 23.449230583989984, "DirectionalLightIntensity": 0.2779715322647883, "totalPointLights": 7, "PointLightsRadius": [6.668612845419695, 14.56298028060756, 13.797032827888629, 17.657034116696643, 10.227076673113345, 14.295593165778124, 19.061349322783897], "PointLightsPhi": [329.58878856546727, 46.7163087382969, 247.27197422622714, 6.6787632750858394, 124.3221381886655, 185.8523160516233, 348.97185956570553], "PointLightsTheta": [7.0108283367685775, 13.499757158436294, 85.7890079625168, 67.67497672930787, 61.407348386643456, 44.80125446145035, 42.90692979635606], "PointLightsIntensity": [11.634549572913851, 16.55061349582904, 9.501049966820457, 14.164701988299857, 11.028836678133523, 8.647683785808727, 14.234433170327058], "PointLightsRange": [24.49968814764212, 16.899077165432622, 12.558957854243634, 19.97081201117434, 13.579866173681978, 23.626994968023332, 9.977134780506187], "PointLightsColor_r": [0.3192373225165005, 0.5267531869810306, 0.8719423454923239, 0.18208398631585576, 0.32261475570454246, 0.5722705130378289, 0.7808035613266627], "PointLightsColor_g": [0.6178676047747518, 0.5865756869295771, 0.08901307728692387, 0.23663445937696603, 0.8020815776673149, 0.7191798857679885, 0.006639552496674028], "PointLightsColor_b": [0.4138144740072758, 0.4837376259319107, 0.3692327989638635, 0.2695512345645702, 0.59218492274829, 0.603210310604538, 0.7688461704444891], "PointLightsColor_a": [0.8812068002819247, 0.666652031243367, 0.524398176349332, 0.554288735365895, 0.5162092448557358, 0.8278434388383007, 0.5640130502217094], "same_PointLightsColor": false, "totalSpotLights": 6, "SpotLightsRadius": [11.226718095706472, 14.234400424323562, 16.70402006543419, 18.96717614018303, 5.23630041861111, 11.72471180052135], "SpotLightsPhi": [66.36799877083308, 267.2150061097694, 247.81382239903036, 132.29245681122578, 119.2559379148689, 318.0007870464294], "SpotLightsTheta": [17.99048448432429, 84.80753385009888, 10.328833981304431, 52.306323411983875, 68.10771919724102, 72.33857011690988], "SpotLightsIntensity": [6.523972786751205, 13.110820597533081, 7.199304638755191, 12.520136244384828, 10.811691968963888, 6.689478697869987], "SpotLightsRange": [23.734260983789532, 17.172175587183414, 5.837904810562997, 24.538672172166578, 11.320714840388861, 23.734333010364555], "SpotLightsColor_r": [0.8723509471225019, 0.8723509471225019, 0.8723509471225019, 0.8723509471225019, 0.8723509471225019, 0.8723509471225019], "SpotLightsColor_g": [0.8299811030668209, 0.8299811030668209, 0.8299811030668209, 0.8299811030668209, 0.8299811030668209, 0.8299811030668209], "SpotLightsColor_b": [0.14483083363182903, 0.14483083363182903, 0.14483083363182903, 0.14483083363182903, 0.14483083363182903, 0.14483083363182903], "SpotLightsColor_a": [0.8902290573158782, 0.8902290573158782, 0.8902290573158782, 0.8902290573158782, 0.8902290573158782, 0.8902290573158782], "same_SpotLightsColor": true, "SpotAngle": [117.99812470998468, 34.839542115402395, 106.94389873630888, 108.59529103501366, 107.56990904682236, 38.85581148601702]}