{"CameraRes_width": 520, "CameraRes_height": 520, "Camera_FieldofView": 80, "CameraRadius": 10.0, "CameraTheta": 60.8479172797152, "CameraPhi": 230.38084564540466, "CameraVerticalOffset": 0, "total_cuboids": 3, "scale": [2.9467140828782, 3.2392237993670645, 0.8931006465329581], "same_scale": false, "total_branches": [1, 1], "same_theta": true, "theta": [28.622074682057878], "phi": 170.54844798267087, "same_material": true, "r": 0.5753730100632531, "g": 0.6820712682366472, "b": 0.7509765101780884, "a": 0.9579792566641159, "metallic": 0.40627823934655993, "smoothness": 0.5403074580031905, "DirectionalLightTheta": 3.93705110964392, "DirectionalLightIntensity": 0.7990721302634609, "totalPointLights": 9, "PointLightsRadius": [18.308703293309392, 16.177595936795264, 9.39960395214694, 15.146582794466923, 6.309665982733345, 18.557930694151242, 9.216254007550752, 6.584207660461781, 10.538457192082102], "PointLightsPhi": [357.56439625463287, 228.2127910956062, 95.02127669438285, 269.8160244851518, 7.381123506973961, 244.60087958887573, 32.43777797701464, 102.66282381124117, 32.036959171602504], "PointLightsTheta": [72.79692299231894, 76.9858199902651, 61.79357887984527, 48.79670165458848, 11.220518310550542, 8.009763671823169, 3.8681675927815826, 45.50253786169004, 23.16087928254715], "PointLightsIntensity": [10.969713844172933, 8.612748813867194, 7.080207129582812, 16.18549403485715, 8.040736867716292, 11.138832539599738, 15.386272843498466, 15.340096571474438, 13.137323228318781], "PointLightsRange": [20.074298669624334, 23.487736159557638, 5.711481949261639, 21.77120749601262, 17.453784486905477, 13.880465350981304, 8.740651815702842, 23.13487495335471, 7.288197586433773], "PointLightsColor_r": [0.6505964881771138, 0.38877511742699644, 0.7315336948933255, 0.4616348417995251, 0.3420334394964054, 0.4487304103270082, 0.3913178654116928, 0.7221561920752795, 0.2213159943945009], "PointLightsColor_g": [0.9077285650246641, 0.8218828395593721, 0.5802532686616498, 0.4016886317457342, 0.10786324275280412, 0.23034039805789253, 0.96623193800353, 0.5092922824115146, 0.2377832663472007], "PointLightsColor_b": [0.8657215789787804, 0.40755258909492165, 0.3976421080703728, 0.7984879588250786, 0.39186362293901156, 0.6378276536295415, 0.2512127866649424, 0.9680300288693123, 0.7529252456720876], "PointLightsColor_a": [0.8785927913263458, 0.84463101890826, 0.5900192115594031, 0.9991068025240872, 0.7252590579916105, 0.5283398220538086, 0.7498778294135967, 0.9858488348806077, 0.626917272416597], "same_PointLightsColor": false, "totalSpotLights": 5, "SpotLightsRadius": [13.094559241975885, 10.213552062672878, 6.919340735203794, 19.636060112820157, 8.192200320077198], "SpotLightsPhi": [54.74794608701052, 332.51845254532446, 333.77255550078087, 110.91255532291237, 256.16037306734427], "SpotLightsTheta": [3.2939502290740466, 77.78352807930422, 39.42836437832249, 25.435302656924634, 27.486744850217235], "SpotLightsIntensity": [13.617771339729797, 6.980500508614462, 5.4173530669435435, 6.99055964310859, 12.07904706342946], "SpotLightsRange": [14.135810274996725, 23.968860864906723, 20.918143517411036, 6.720010377567503, 6.274297366374335], "SpotLightsColor_r": [0.45985264038280105, 0.5253091089295638, 0.8911726893632396, 0.470228007220048, 0.6353624260300467], "SpotLightsColor_g": [0.43243431785899333, 0.9647351642758946, 0.8573507622091366, 0.552440474576905, 0.9108161325637323], "SpotLightsColor_b": [0.9239044930757806, 0.5072301669128327, 0.6705700382407574, 0.7641368846408487, 0.07316065926115167], "SpotLightsColor_a": [0.7921421637801686, 0.7769047614387965, 0.7684572913936789, 0.7145047117912663, 0.9274376641282902], "same_SpotLightsColor": false, "SpotAngle": [60.87084136943181, 45.94587907670449, 35.829129320594795, 50.15664288970008, 54.68191620372053]}