{"CameraRes_width": 520, "CameraRes_height": 520, "Camera_FieldofView": 80, "CameraRadius": 10.0, "CameraTheta": 85.22205138349659, "CameraPhi": 233.0950232105815, "CameraVerticalOffset": 0, "total_cuboids": 3, "scale": 1.7909468436720017, "same_scale": true, "total_branches": [1, 1], "same_theta": true, "theta": [71.62722248715187], "phi": 338.54272038013283, "same_material": true, "r": 0.3156703587662387, "g": 0.2991290255018336, "b": 0.011985690129186821, "a": 0.6846965325737893, "metallic": 0.6497724727223507, "smoothness": 0.11345340644175583, "DirectionalLightTheta": 70.67005021552879, "DirectionalLightIntensity": 0.6906593192084421, "totalPointLights": 11, "PointLightsRadius": [10.593924154060488, 7.191258623470334, 13.922605950733894, 10.86558078405232, 6.026175748776061, 6.898203225640005, 8.403866216505287, 8.810133760639335, 15.93909479779223, 9.674985301129338, 6.436851664132469], "PointLightsPhi": [195.7061199717781, 101.57737636350502, 41.38939346748736, 299.5727054275242, 95.75727159938126, 258.22437811754094, 339.29602491557097, 305.71511725204493, 24.299737950123284, 102.14427323594774, 96.69286114115961], "PointLightsTheta": [9.40890645095202, 55.62420791472154, 80.23678359245883, 77.34019195188421, 51.75468985359597, 8.98588324039713, 69.09735706332069, 21.44198501481443, 66.93143080362411, 64.54123554970909, 78.00388000786016], "PointLightsIntensity": [16.804049896373222, 15.741692253445617, 7.748249841544646, 10.993631499874532, 7.627655357459328, 11.575760091822099, 7.3967986015053535, 7.382170098838279, 7.719653780726047, 15.762798836399456, 9.483944670069073], "PointLightsRange": [23.18797246796858, 19.350353082633035, 10.04238702709656, 15.14184990241522, 8.046090325389567, 15.635334196877102, 20.39416090503832, 20.3372952846713, 23.808940708209143, 15.299566412001774, 17.286829230531914], "PointLightsColor_r": [0.3665287359748366, 0.12298934200617329, 0.8124762790898328, 0.9502306654231132, 0.5682240011089451, 0.45951571127712343, 0.46688382088283664, 0.9338734432905298, 0.4537404181204395, 0.05863981239303484, 0.601156622787896], "PointLightsColor_g": [0.11095396463447083, 0.6531796121405891, 0.31457156380556106, 0.009728457485148834, 0.3074235696078532, 0.3584073615569566, 0.5881411765464465, 0.6523035642592779, 0.8676578010917533, 0.635099048507913, 0.3323007315887996], "PointLightsColor_b": [0.6642161792802176, 0.3395153112804712, 0.3309901061913919, 0.9858887076395318, 0.7589907408240737, 0.6750438486175284, 0.03205590358172794, 0.529873162799983, 0.16459334806212378, 0.1722778706122754, 0.673450269481325], "PointLightsColor_a": [0.8962891149561683, 0.9039888170440548, 0.7270302914849973, 0.8764721040146133, 0.7942377665637095, 0.814021395367317, 0.7314008755780365, 0.9692825178192734, 0.5974482763911159, 0.7883018398015204, 0.9764803194918024], "same_PointLightsColor": false, "totalSpotLights": 4, "SpotLightsRadius": [18.014610581705128, 10.32027034039303, 6.500749356066378, 14.795096763619071], "SpotLightsPhi": [117.6776584816573, 164.53563759500582, 131.9747028395857, 291.2976555513661], "SpotLightsTheta": [70.92160923850565, 66.33526314522877, 52.87836292797276, 62.13773389274024], "SpotLightsIntensity": [8.007616146715323, 11.62848746779093, 8.429333880896692, 9.546779595964985], "SpotLightsRange": [20.10730361618851, 18.237867541613433, 13.139353829311657, 19.736124667154776], "SpotLightsColor_r": [0.4145335396569022, 0.4145335396569022, 0.4145335396569022, 0.4145335396569022], "SpotLightsColor_g": [0.3404642789354676, 0.3404642789354676, 0.3404642789354676, 0.3404642789354676], "SpotLightsColor_b": [0.15851164943994223, 0.15851164943994223, 0.15851164943994223, 0.15851164943994223], "SpotLightsColor_a": [0.6611268739239566, 0.6611268739239566, 0.6611268739239566, 0.6611268739239566], "same_SpotLightsColor": true, "SpotAngle": [46.98554571424173, 45.340813619979926, 82.62642292127201, 96.3883358683252]}