{"CameraRes_width": 520, "CameraRes_height": 520, "Camera_FieldofView": 80, "CameraRadius": 10.0, "CameraTheta": 64.20300266184121, "CameraPhi": 179.21387534043782, "CameraVerticalOffset": 0, "total_cuboids": 3, "scale": 3.130101795218886, "same_scale": true, "total_branches": [1, 1], "same_theta": true, "theta": [42.25989713408096], "phi": 216.8038469200356, "same_material": true, "r": 0.5673359097297686, "g": 0.917427014306184, "b": 0.8502241890599492, "a": 0.6598562270415295, "metallic": 0.5484283868584321, "smoothness": 0.6165085507839254, "DirectionalLightTheta": 43.519734177151754, "DirectionalLightIntensity": 0.8733500509334332, "totalPointLights": 5, "PointLightsRadius": [6.0381603560933215, 18.378658371768676, 19.412040266381283, 15.4684208940475, 11.524508783642059], "PointLightsPhi": [311.1818606641983, 308.86482739742684, 284.5977578637541, 117.58350372576734, 258.3147483751692], "PointLightsTheta": [8.101955116849155, 27.635639875535556, 54.24057499935192, 43.59221766741338, 79.78169512688893], "PointLightsIntensity": [7.384906738244323, 8.026685213236947, 15.569763738351888, 10.306372842626821, 10.643256273959697], "PointLightsRange": [19.081387143573064, 17.902262504549228, 6.573615431315312, 22.11998940319221, 12.36865307243426], "PointLightsColor_r": [0.5877882425818504, 0.5877882425818504, 0.5877882425818504, 0.5877882425818504, 0.5877882425818504], "PointLightsColor_g": [0.16956101289472736, 0.16956101289472736, 0.16956101289472736, 0.16956101289472736, 0.16956101289472736], "PointLightsColor_b": [0.8613538814008567, 0.8613538814008567, 0.8613538814008567, 0.8613538814008567, 0.8613538814008567], "PointLightsColor_a": [0.751046180195019, 0.751046180195019, 0.751046180195019, 0.751046180195019, 0.751046180195019], "same_PointLightsColor": true, "totalSpotLights": 6, "SpotLightsRadius": [15.2404522595886, 16.399372895069412, 9.317619258106898, 10.863321857650021, 18.35579745721322, 13.002421457680915], "SpotLightsPhi": [179.16893297049245, 56.41070791148716, 114.59913020927712, 350.0093608933891, 185.53469366614408, 96.12215637995449], "SpotLightsTheta": [75.97663217128466, 65.71343821110842, 32.425750192413325, 39.884339906558004, 44.63644210975602, 4.447847318985621], "SpotLightsIntensity": [9.548816349494487, 14.291996375776302, 5.6247401715204255, 12.116195149342063, 7.885409671479037, 5.262684615860631], "SpotLightsRange": [19.91470481562968, 18.7946081261628, 10.35684643742462, 13.21977245356291, 20.14961010000115, 20.098759960626154], "SpotLightsColor_r": [0.7759658251523008, 0.7759658251523008, 0.7759658251523008, 0.7759658251523008, 0.7759658251523008, 0.7759658251523008], "SpotLightsColor_g": [0.4776589039731933, 0.4776589039731933, 0.4776589039731933, 0.4776589039731933, 0.4776589039731933, 0.4776589039731933], "SpotLightsColor_b": [0.27616007011697075, 0.27616007011697075, 0.27616007011697075, 0.27616007011697075, 0.27616007011697075, 0.27616007011697075], "SpotLightsColor_a": [0.979388195423194, 0.979388195423194, 0.979388195423194, 0.979388195423194, 0.979388195423194, 0.979388195423194], "same_SpotLightsColor": true, "SpotAngle": [113.88249087698937, 53.99935747281539, 82.44627020380223, 27.138835352407696, 14.308963183067506, 109.88783201464072]}