{"CameraRes_width": 520, "CameraRes_height": 520, "Camera_FieldofView": 80, "CameraRadius": 10.0, "CameraTheta": 67.70625468628741, "CameraPhi": 218.12391944486802, "CameraVerticalOffset": 0, "total_cuboids": 3, "scale": 3.4100271421784956, "same_scale": true, "total_branches": [1, 1], "same_theta": true, "theta": [64.25170058284995], "phi": 116.64522423932004, "same_material": true, "r": 0.2732220544981835, "g": 0.048459697800725565, "b": 0.36709856896865245, "a": 0.8480234624382961, "metallic": 0.16487977140195753, "smoothness": 0.278384442797047, "DirectionalLightTheta": 53.76741326321435, "DirectionalLightIntensity": 0.4816867967845151, "totalPointLights": 8, "PointLightsRadius": [13.98157670623766, 5.85626034375446, 9.382260710255359, 15.272790987325052, 5.338714826671231, 18.8011174370116, 18.221817052501702, 7.11318337202697], "PointLightsPhi": [246.8252468797094, 156.60142022653963, 160.73000813487144, 53.24191685034939, 100.72860459251235, 171.78771227365496, 113.69070956863233, 266.9452245610739], "PointLightsTheta": [0.4423696718543657, 55.71570015616253, 42.548667055173134, 68.99607837400187, 45.62567646635357, 7.258255858781908, 83.69267896563122, 22.32639116983685], "PointLightsIntensity": [15.382865083498407, 14.845238327969234, 12.723689484199713, 16.89483927783389, 16.075716822503807, 16.01043357107913, 7.101167957147493, 11.517196672713121], "PointLightsRange": [16.782175231780748, 19.53059758721329, 13.77555869587778, 14.641085852072615, 15.571667425371036, 7.04846836422208, 6.297487457197956, 14.726127238355867], "PointLightsColor_r": [0.5092926801158655, 0.052409165709128236, 0.8464208911825041, 0.7096515757049703, 0.502013461065029, 0.13806236520707993, 0.4640474034820924, 0.6534272479462275], "PointLightsColor_g": [0.1878927066716507, 0.01861269300594226, 0.17057241666223566, 0.9856949377492626, 0.49900087600538867, 0.4973224420981447, 0.1382852065607567, 0.04616151127145274], "PointLightsColor_b": [0.8636845346450355, 0.4256681966713355, 0.48859961300562915, 0.16470512623425837, 0.1350848006301797, 0.6850982271238757, 0.3562451998122358, 0.5220266222653765], "PointLightsColor_a": [0.9351534906559952, 0.582994405576944, 0.6256650958955228, 0.8868949696755446, 0.9535334924554941, 0.5411405167229129, 0.7308127501204087, 0.855990343295864], "same_PointLightsColor": false, "totalSpotLights": 3, "SpotLightsRadius": [5.853800198136009, 16.515249387022397, 12.667262626235896], "SpotLightsPhi": [339.24709756646195, 15.152700874470245, 179.93132734321364], "SpotLightsTheta": [83.33796837664494, 74.49700829470906, 53.85157061872869], "SpotLightsIntensity": [13.529519654980966, 5.340766108665087, 12.572837969493413], "SpotLightsRange": [20.356878879544627, 15.630968629989239, 8.388351092511002], "SpotLightsColor_r": [0.42858482921482355, 0.8867206337792825, 0.21445288961220788], "SpotLightsColor_g": [0.5442252271867467, 0.9540638262489481, 0.21719589257583627], "SpotLightsColor_b": [0.16349538222261317, 0.15467735292784124, 0.3754471953924573], "SpotLightsColor_a": [0.6910388540258791, 0.7919110723736367, 0.7901621670008057], "same_SpotLightsColor": false, "SpotAngle": [59.81914102400457, 44.12909118169573, 117.25437148037766]}