{"CameraRes_width": 520, "CameraRes_height": 520, "Camera_FieldofView": 80, "CameraRadius": 10.0, "CameraTheta": 98.50442040654717, "CameraPhi": 56.3772985349376, "CameraVerticalOffset": 0, "total_cuboids": 3, "scale": 1.3576842002485425, "same_scale": true, "total_branches": [2, 1], "same_theta": true, "theta": [82.0128817134144], "phi": 315.39308938278293, "same_material": true, "r": 0.9150080591427818, "g": 0.8883396948191474, "b": 0.3316083740776631, "a": 0.641621588593942, "metallic": 0.05239975062170654, "smoothness": 0.7323709866240435, "DirectionalLightTheta": 30.11967300361791, "DirectionalLightIntensity": 0.5674621350577054, "totalPointLights": 6, "PointLightsRadius": [18.02221992829211, 11.153638668072816, 10.07627128216728, 13.212520682174553, 19.344931178122458, 16.46657590000475], "PointLightsPhi": [267.56530455013126, 274.06834266265, 120.93658631775625, 47.77673563633013, 76.26974445430153, 11.169344178515077], "PointLightsTheta": [85.51594138123122, 57.40552877676008, 65.59565227875385, 62.02038316879656, 3.902962581352989, 24.39213140826966], "PointLightsIntensity": [16.26531056990942, 12.35097042575086, 15.206871641467705, 10.442477312689103, 14.750031023067272, 9.925805961450553], "PointLightsRange": [13.078739487603993, 18.957898445411622, 14.400413594944112, 20.163970085693336, 9.462021646057986, 22.83284138909518], "PointLightsColor_r": [0.5320042401490575, 0.662904694317204, 0.7055575875228913, 0.36280146831620574, 0.8260409103104823, 0.8900273569121903], "PointLightsColor_g": [0.3974293285183411, 0.9472391994119101, 0.3691334740865645, 0.9415177966675272, 0.17030386069416736, 0.6258581355796511], "PointLightsColor_b": [0.8907573067852225, 0.25690944378317104, 0.2401445896064316, 0.7545269820927197, 0.3599189548734457, 0.791255774508867], "PointLightsColor_a": [0.7575674587840061, 0.6531443670314429, 0.6175995167132395, 0.5659329984900012, 0.7056370288506442, 0.7207349473829086], "same_PointLightsColor": false, "totalSpotLights": 4, "SpotLightsRadius": [9.4138510386549, 7.4511703686548, 17.203904744611897, 8.010487531897487], "SpotLightsPhi": [70.69270992605327, 271.5123564375112, 198.57810972532954, 83.71255183136981], "SpotLightsTheta": [56.0080248515492, 88.30906271006343, 37.65905921616226, 59.41616720354306], "SpotLightsIntensity": [12.270156490584913, 13.961401830478042, 12.119401611118537, 5.6909995865138265], "SpotLightsRange": [20.762464161200306, 5.8753307259283805, 21.43305278807059, 22.93162203668616], "SpotLightsColor_r": [0.7998734896714277, 0.7998734896714277, 0.7998734896714277, 0.7998734896714277], "SpotLightsColor_g": [0.6701035024470501, 0.6701035024470501, 0.6701035024470501, 0.6701035024470501], "SpotLightsColor_b": [0.9157597603781821, 0.9157597603781821, 0.9157597603781821, 0.9157597603781821], "SpotLightsColor_a": [0.9051287723506354, 0.9051287723506354, 0.9051287723506354, 0.9051287723506354], "same_SpotLightsColor": true, "SpotAngle": [27.065735113444198, 23.480614303916415, 111.32212691314837, 75.61021635917965]}