{"CameraRes_width": 520, "CameraRes_height": 520, "Camera_FieldofView": 80, "CameraRadius": 10.0, "CameraTheta": 96.46645434693727, "CameraPhi": 255.96535463999746, "CameraVerticalOffset": 0, "total_cuboids": 3, "scale": [2.372905106473587, 3.372625561476372, 2.6135823473133986], "same_scale": false, "total_branches": [1, 1], "same_theta": true, "theta": [13.00982892078116], "phi": 309.7600911174086, "same_material": true, "r": 0.8238293028096468, "g": 0.8512549233728528, "b": 0.9545017502276444, "a": 0.8934152161656101, "metallic": 0.018257581426021408, "smoothness": 0.9784322797970896, "DirectionalLightTheta": 26.16547496787806, "DirectionalLightIntensity": 0.5407585705877133, "totalPointLights": 5, "PointLightsRadius": [19.765675325954312, 13.310769321071028, 5.211484111133814, 17.06742451641707, 5.158641180856652], "PointLightsPhi": [319.8106424497527, 181.95236940107392, 57.64129411217813, 159.26817414880006, 81.57828433068377], "PointLightsTheta": [22.18071936801223, 33.09131500515042, 12.564777739203244, 47.785423517293644, 9.288904031810958], "PointLightsIntensity": [14.450544799093707, 10.801599568621029, 10.92023810955676, 15.77025433423615, 11.67738592434496], "PointLightsRange": [13.95396795771811, 7.805128126663772, 21.158702121897452, 8.320836004638483, 12.771144107374258], "PointLightsColor_r": [0.11974548184982103, 0.11974548184982103, 0.11974548184982103, 0.11974548184982103, 0.11974548184982103], "PointLightsColor_g": [0.7761029391364852, 0.7761029391364852, 0.7761029391364852, 0.7761029391364852, 0.7761029391364852], "PointLightsColor_b": [0.02016343939398224, 0.02016343939398224, 0.02016343939398224, 0.02016343939398224, 0.02016343939398224], "PointLightsColor_a": [0.7789447030797754, 0.7789447030797754, 0.7789447030797754, 0.7789447030797754, 0.7789447030797754], "same_PointLightsColor": true, "totalSpotLights": 3, "SpotLightsRadius": [18.97187553553897, 15.117385883775516, 6.862532197462274], "SpotLightsPhi": [7.5152643855412915, 173.70667033332822, 329.36760396815174], "SpotLightsTheta": [71.12317951479729, 25.529250800612438, 78.33012350195753], "SpotLightsIntensity": [11.991111680902922, 14.696941817621829, 6.281625666178943], "SpotLightsRange": [16.91001864481923, 23.557668084714308, 10.152318860611949], "SpotLightsColor_r": [0.4865444631884417, 0.4865444631884417, 0.4865444631884417], "SpotLightsColor_g": [0.7023558676817694, 0.7023558676817694, 0.7023558676817694], "SpotLightsColor_b": [0.6587774540628994, 0.6587774540628994, 0.6587774540628994], "SpotLightsColor_a": [0.6992951869242157, 0.6992951869242157, 0.6992951869242157], "same_SpotLightsColor": true, "SpotAngle": [27.59889882296919, 20.396017275819883, 37.279455655098374]}