{"CameraRes_width": 520, "CameraRes_height": 520, "Camera_FieldofView": 80, "CameraRadius": 10.0, "CameraTheta": 88.82354090982632, "CameraPhi": 61.08486314191907, "CameraVerticalOffset": 0, "total_cuboids": 3, "scale": 1.6770627925348198, "same_scale": true, "total_branches": [2, 1], "same_theta": true, "theta": [64.59342497121146], "phi": 234.6101740945186, "same_material": true, "r": 0.6472817309596015, "g": 0.10788954582004373, "b": 0.9608888012217047, "a": 0.7720495832025231, "metallic": 0.3741266749589326, "smoothness": 0.1957953523219067, "DirectionalLightTheta": 44.060651331206984, "DirectionalLightIntensity": 0.12764972426040147, "totalPointLights": 8, "PointLightsRadius": [14.001431006660846, 6.272741406257545, 13.645781470374803, 12.327945952585239, 10.211478775861712, 15.740077074879682, 8.69884035868665, 9.043622474011944], "PointLightsPhi": [198.87483818324543, 295.5427710360568, 211.8948675941593, 164.7916824103813, 108.45239559995909, 99.57742243418834, 197.60267483006518, 207.25014115671257], "PointLightsTheta": [23.208871218189113, 49.42465466037298, 45.42568041491033, 81.09188106930061, 8.879291652591123, 60.716031310645, 62.25521243605119, 82.63515240294694], "PointLightsIntensity": [11.80705613005384, 13.22301537030495, 9.411707184662303, 10.202531819225747, 8.88464070121826, 9.372346358486574, 11.978291795836993, 8.754097519632023], "PointLightsRange": [24.080627900022503, 13.450728244419132, 7.051660443699996, 14.40853557730498, 8.529594292479914, 13.450310175821718, 7.593907268408914, 7.350684855782967], "PointLightsColor_r": [0.19824962027195536, 0.19824962027195536, 0.19824962027195536, 0.19824962027195536, 0.19824962027195536, 0.19824962027195536, 0.19824962027195536, 0.19824962027195536], "PointLightsColor_g": [0.16111230366946228, 0.16111230366946228, 0.16111230366946228, 0.16111230366946228, 0.16111230366946228, 0.16111230366946228, 0.16111230366946228, 0.16111230366946228], "PointLightsColor_b": [0.7133175469387366, 0.7133175469387366, 0.7133175469387366, 0.7133175469387366, 0.7133175469387366, 0.7133175469387366, 0.7133175469387366, 0.7133175469387366], "PointLightsColor_a": [0.5050237924163286, 0.5050237924163286, 0.5050237924163286, 0.5050237924163286, 0.5050237924163286, 0.5050237924163286, 0.5050237924163286, 0.5050237924163286], "same_PointLightsColor": true, "totalSpotLights": 5, "SpotLightsRadius": [8.0542726440724, 8.09424706658315, 12.191749360335557, 7.157470008948993, 17.2999291899448], "SpotLightsPhi": [279.6121256107082, 61.243564135004966, 310.9744860396286, 4.726249049479225, 222.45068652096032], "SpotLightsTheta": [26.631148895211254, 12.204751659744252, 56.03177171341293, 77.06351276608156, 9.175520467869488], "SpotLightsIntensity": [9.833009624588563, 13.666520035678797, 10.24100360380842, 12.264898460702565, 9.409799458901466], "SpotLightsRange": [15.9682220877402, 19.225431480566556, 17.419924627634522, 12.037251433928658, 17.806220408890322], "SpotLightsColor_r": [0.09550070708830305, 0.09550070708830305, 0.09550070708830305, 0.09550070708830305, 0.09550070708830305], "SpotLightsColor_g": [0.7519184120561879, 0.7519184120561879, 0.7519184120561879, 0.7519184120561879, 0.7519184120561879], "SpotLightsColor_b": [0.5251433727032979, 0.5251433727032979, 0.5251433727032979, 0.5251433727032979, 0.5251433727032979], "SpotLightsColor_a": [0.6734871223848742, 0.6734871223848742, 0.6734871223848742, 0.6734871223848742, 0.6734871223848742], "same_SpotLightsColor": true, "SpotAngle": [26.803044628446543, 37.39055890409254, 115.94371249635951, 108.89637526337413, 79.8376624566928]}