{"CameraRes_width": 520, "CameraRes_height": 520, "Camera_FieldofView": 80, "CameraRadius": 10.0, "CameraTheta": 68.29249817872105, "CameraPhi": 283.1431604992267, "CameraVerticalOffset": 0, "total_cuboids": 3, "scale": 1.3466063794157597, "same_scale": true, "total_branches": [1, 1], "same_theta": true, "theta": [99.48574804054478], "phi": 341.49313385492474, "same_material": true, "r": 0.7707475946650861, "g": 0.6387493681762192, "b": 0.26526215026218325, "a": 0.82969772883596, "metallic": 0.047770058422692885, "smoothness": 0.8286458526980653, "DirectionalLightTheta": 34.048609039298825, "DirectionalLightIntensity": 0.3371241600035385, "totalPointLights": 11, "PointLightsRadius": [19.527322364005816, 8.260879500044926, 15.624655952892848, 15.91475568020384, 17.920308109480658, 8.277726903357827, 12.239994476168688, 7.840436720775143, 14.345053663354966, 15.200523432350428, 6.778830099395675], "PointLightsPhi": [25.134172716592538, 230.60568261607517, 336.15401214581607, 194.5053486911342, 296.93178803826254, 124.18983863258342, 163.03435576202827, 279.7700617155938, 330.6474691438284, 126.45525929605265, 124.5039048656854], "PointLightsTheta": [38.926342867390495, 66.14708810551433, 83.37025505981224, 13.011154684024335, 51.11255632926184, 78.97721912466184, 42.63157294709327, 22.501468554399366, 10.367427559445598, 25.079800265788254, 83.67335172581865], "PointLightsIntensity": [14.073144392586801, 11.0796872974131, 11.163720415256234, 8.918525712912011, 7.633744729461957, 11.8062136879127, 8.102545527304176, 9.504455201432513, 8.660901791284346, 12.437009596146114, 14.848508392652764], "PointLightsRange": [6.6614926184855205, 23.6069196400714, 22.06970376437937, 13.090899321595861, 16.23123077955136, 9.618194854765651, 14.664866417980258, 23.139948296577934, 11.041271983890681, 21.004651212662054, 8.964196868827228], "PointLightsColor_r": [0.2996707150345035, 0.4000218902200602, 0.2967213189106669, 0.5647133014964644, 0.2544301718331402, 0.7528381042890188, 0.651719884720583, 0.38046079817438894, 0.78094628454044, 0.862808558125544, 0.7859267676182354], "PointLightsColor_g": [0.4685067986006165, 0.6373073457456884, 0.586713638571609, 0.9987012193241438, 0.6142618396506077, 0.49744240439032095, 0.06943888903417483, 0.3647783291203378, 0.3907071807276089, 0.6603753864966905, 0.2639556964713885], "PointLightsColor_b": [0.6656754024090658, 0.3987421820416688, 0.3149057959130873, 0.6360465721404868, 0.49436511842633224, 0.9709731169192856, 0.7407725903027547, 0.8157461085275944, 0.9134542367038235, 0.9513011351034721, 0.6790128053033428], "PointLightsColor_a": [0.9328947889963939, 0.8561954821846061, 0.8985658613684462, 0.5487815165043706, 0.634505679776015, 0.9953273713848845, 0.7575912013434836, 0.6959558261753573, 0.5050380267576366, 0.7139740447323998, 0.6565178111581506], "same_PointLightsColor": false, "totalSpotLights": 3, "SpotLightsRadius": [8.593689290182278, 12.736051931369168, 10.716595412693042], "SpotLightsPhi": [46.27739889719437, 234.93479427878643, 309.500654414212], "SpotLightsTheta": [87.1033004153833, 82.38033279984641, 59.64721703934264], "SpotLightsIntensity": [9.021606205950887, 7.036330255175414, 8.805818500404124], "SpotLightsRange": [9.782465471766228, 21.81224096067804, 20.85064706000179], "SpotLightsColor_r": [0.8908232292572311, 0.8908232292572311, 0.8908232292572311], "SpotLightsColor_g": [0.8779008495701687, 0.8779008495701687, 0.8779008495701687], "SpotLightsColor_b": [0.4568625026117946, 0.4568625026117946, 0.4568625026117946], "SpotLightsColor_a": [0.9342488320175488, 0.9342488320175488, 0.9342488320175488], "same_SpotLightsColor": true, "SpotAngle": [49.561317997922146, 116.29720986891702, 53.6619750072784]}