{"CameraRes_width": 520, "CameraRes_height": 520, "Camera_FieldofView": 80, "CameraRadius": 10.0, "CameraTheta": 82.3417341072344, "CameraPhi": 60.108828192240125, "CameraVerticalOffset": 0, "total_cuboids": 3, "scale": 2.8595452898511695, "same_scale": true, "total_branches": [1, 1], "same_theta": true, "theta": [53.38440394768544], "phi": 274.03601264093317, "same_material": true, "r": 0.5730479850258233, "g": 0.1615564835337362, "b": 0.5218193581291527, "a": 0.9869401100195466, "metallic": 0.366948479945269, "smoothness": 0.6411207230526589, "DirectionalLightTheta": 89.0131617390741, "DirectionalLightIntensity": 0.27598323850717466, "totalPointLights": 6, "PointLightsRadius": [7.888759861787132, 15.712597383592973, 7.760968873652873, 14.10518160549836, 15.23164703518988, 11.851898308286692], "PointLightsPhi": [137.2096092312228, 350.0864839654877, 320.6234932223528, 99.49207474608839, 64.6011399958567, 81.2693598564769], "PointLightsTheta": [5.684201666365384, 55.29462635071269, 18.01701557758264, 27.96019414179606, 37.956458525488806, 31.98043050791757], "PointLightsIntensity": [14.915537392948147, 16.638152245631073, 13.226363426797288, 8.652825632242067, 12.336839174348627, 10.177898617597993], "PointLightsRange": [18.352225478820444, 10.285075624606254, 16.074542461489976, 14.481068495406987, 14.362413930045715, 22.83439189831164], "PointLightsColor_r": [0.9069689877598329, 0.9069689877598329, 0.9069689877598329, 0.9069689877598329, 0.9069689877598329, 0.9069689877598329], "PointLightsColor_g": [0.4172148422357914, 0.4172148422357914, 0.4172148422357914, 0.4172148422357914, 0.4172148422357914, 0.4172148422357914], "PointLightsColor_b": [0.473563971625828, 0.473563971625828, 0.473563971625828, 0.473563971625828, 0.473563971625828, 0.473563971625828], "PointLightsColor_a": [0.5910362302766412, 0.5910362302766412, 0.5910362302766412, 0.5910362302766412, 0.5910362302766412, 0.5910362302766412], "same_PointLightsColor": true, "totalSpotLights": 5, "SpotLightsRadius": [17.880302583863187, 11.957640944700122, 18.144552001873734, 19.297371709458247, 12.407836963035555], "SpotLightsPhi": [347.2596488463164, 244.43104152212317, 43.66859116814774, 31.576523729048354, 44.509917512035685], "SpotLightsTheta": [37.659733072981766, 25.640133744497774, 17.28495797904706, 73.35302555921012, 83.24214557555038], "SpotLightsIntensity": [11.281605139704682, 8.034439093260897, 10.141671309829835, 10.105935176511057, 7.038827630235942], "SpotLightsRange": [15.77787714840845, 23.174890959339344, 20.277482071344977, 18.02282002106029, 12.98690535485667], "SpotLightsColor_r": [0.8752033091676057, 0.8804252898736449, 0.27072050507241396, 0.8352818783374717, 0.3046823932866187], "SpotLightsColor_g": [0.39227997216193167, 0.44771052792637756, 0.16892587886761778, 0.15714249618736764, 0.9253580288289575], "SpotLightsColor_b": [0.9809706572161784, 0.18046656675281902, 0.7591095468853464, 0.39923908812295095, 0.36840281465169666], "SpotLightsColor_a": [0.5398769041301099, 0.6528495893060364, 0.9962347762711665, 0.8296905094557405, 0.7602993348393612], "same_SpotLightsColor": false, "SpotAngle": [96.24345197660946, 112.63515814930705, 119.14468695591334, 101.04643349500049, 117.85391108129632]}