{"CameraRes_width": 520, "CameraRes_height": 520, "Camera_FieldofView": 80, "CameraRadius": 10.0, "CameraTheta": 69.64262736160411, "CameraPhi": 83.91298969704648, "CameraVerticalOffset": 0, "total_cuboids": 3, "scale": 0.5653030329715495, "same_scale": true, "total_branches": [2, 1], "same_theta": true, "theta": [78.55334739437978], "phi": 134.82928234286996, "same_material": true, "r": 0.8870923571221017, "g": 0.43337451185979037, "b": 0.6556320132498341, "a": 0.9608745395116132, "metallic": 0.9654862233764625, "smoothness": 0.017587084312843948, "DirectionalLightTheta": 52.421327809635734, "DirectionalLightIntensity": 0.46215794975853164, "totalPointLights": 7, "PointLightsRadius": [12.542639444547316, 15.50173439690725, 8.377519895061566, 7.616527281839685, 8.364080298472274, 10.590963308341662, 15.735222370049563], "PointLightsPhi": [76.33102616418856, 28.25057316484888, 287.01551025664503, 166.59602769136993, 326.1581193564686, 176.60200088870926, 72.7428211022409], "PointLightsTheta": [85.1185980510667, 17.433491178181356, 35.87703470306061, 86.85467789692397, 44.5624459856003, 61.30359398776653, 40.10628039064345], "PointLightsIntensity": [10.246794206931153, 7.122742054663021, 12.942749033858348, 8.923639086132788, 16.52441473362192, 14.35059103649068, 7.922147610104453], "PointLightsRange": [15.606032090203348, 5.716533342269338, 14.245624915568413, 6.361964163461396, 23.421547056805455, 10.141748873497715, 8.628141922899884], "PointLightsColor_r": [0.05547148077282282, 0.05547148077282282, 0.05547148077282282, 0.05547148077282282, 0.05547148077282282, 0.05547148077282282, 0.05547148077282282], "PointLightsColor_g": [0.3131633328610268, 0.3131633328610268, 0.3131633328610268, 0.3131633328610268, 0.3131633328610268, 0.3131633328610268, 0.3131633328610268], "PointLightsColor_b": [0.5828456562379776, 0.5828456562379776, 0.5828456562379776, 0.5828456562379776, 0.5828456562379776, 0.5828456562379776, 0.5828456562379776], "PointLightsColor_a": [0.6524395819679278, 0.6524395819679278, 0.6524395819679278, 0.6524395819679278, 0.6524395819679278, 0.6524395819679278, 0.6524395819679278], "same_PointLightsColor": true, "totalSpotLights": 3, "SpotLightsRadius": [15.844722470333647, 7.834550679013752, 13.094504140994772], "SpotLightsPhi": [70.79390400903215, 342.94406083656037, 256.5241852075005], "SpotLightsTheta": [47.823074823789355, 64.38681810225283, 76.91478591021608], "SpotLightsIntensity": [12.329591772378118, 6.467605669749311, 14.94169343276106], "SpotLightsRange": [19.15601773389565, 7.976056256943831, 6.405494826413943], "SpotLightsColor_r": [0.8702771004728921, 0.015860589025216032, 0.5684640077732354], "SpotLightsColor_g": [0.1268406349713257, 0.6196805761667594, 0.09033667924066291], "SpotLightsColor_b": [0.4702202978362361, 0.6913725772483912, 0.31634008243505307], "SpotLightsColor_a": [0.9517282828345932, 0.6738694855814567, 0.6790202206230765], "same_SpotLightsColor": false, "SpotAngle": [69.88785774345267, 59.17692858511563, 88.35629052699349]}