{"CameraRes_width": 520, "CameraRes_height": 520, "Camera_FieldofView": 80, "CameraRadius": 10.0, "CameraTheta": 88.51791839868628, "CameraPhi": 248.69865663012206, "CameraVerticalOffset": 0, "total_cuboids": 3, "scale": [1.6716272555606235, 2.044766539321973, 3.9123977674849013], "same_scale": false, "total_branches": [2, 1], "same_theta": true, "theta": [24.597829458710237], "phi": 54.65527554965907, "same_material": true, "r": 0.46877334337806875, "g": 0.5112695837613573, "b": 0.9008841103840243, "a": 0.5586800322051951, "metallic": 0.49445453814575924, "smoothness": 0.09896645967414996, "DirectionalLightTheta": 65.35462624261767, "DirectionalLightIntensity": 0.5556747935659119, "totalPointLights": 6, "PointLightsRadius": [16.885187249309773, 16.649142198286278, 16.97522649845076, 11.344396154558625, 9.565787763962483, 5.46274808975342], "PointLightsPhi": [129.56019270781735, 171.91105790839725, 44.30629134274226, 148.91778422019323, 280.0391303203967, 315.5518711625423], "PointLightsTheta": [62.29831006260904, 56.4227923028419, 14.872999741512173, 16.412536736611102, 54.21469144126768, 78.77862411156434], "PointLightsIntensity": [8.48891361597616, 16.920031997613975, 14.475168226590847, 14.482764890332165, 16.98906615137428, 15.13623297242032], "PointLightsRange": [17.767280321679877, 19.20429015456899, 10.34277300473304, 23.34806961337647, 21.119338081012778, 9.89774375449549], "PointLightsColor_r": [0.3512967966408522, 0.9944595129300483, 0.6791868768809112, 0.15527152524966437, 0.31367523021367394, 0.9823711013442926], "PointLightsColor_g": [0.8520806715536355, 0.023935817126259806, 0.12632669533431606, 0.6075403016662668, 0.9707002330142879, 0.8257071588810028], "PointLightsColor_b": [0.8391033951341893, 0.5595782141626354, 0.8205589304041011, 0.3311390140910082, 0.7429657577668889, 0.5928965005448279], "PointLightsColor_a": [0.8608214553464831, 0.5008497103968641, 0.5315965905724244, 0.7371374245790592, 0.5041795678715633, 0.8396975599733223], "same_PointLightsColor": false, "totalSpotLights": 4, "SpotLightsRadius": [9.333150020526613, 10.313541204609509, 12.120934498089124, 14.784642407356102], "SpotLightsPhi": [312.0265198515782, 240.86239604120752, 215.6469017623684, 174.4786707356692], "SpotLightsTheta": [8.584958390515089, 74.76238897775903, 45.805916810560696, 81.23525320722858], "SpotLightsIntensity": [9.31720132704598, 11.910061500236534, 6.3478122340877245, 14.650906750801694], "SpotLightsRange": [18.165021855277075, 17.22374352954259, 20.635380286517233, 21.110300471430524], "SpotLightsColor_r": [0.568235643118558, 0.995932622317474, 0.8589346339052262, 0.28862749397926046], "SpotLightsColor_g": [0.3090809335420184, 0.5818485880984687, 0.43628660161530886, 0.44330258328708294], "SpotLightsColor_b": [0.12957253672920277, 0.3142228772790353, 0.39710564770221335, 0.528096794470499], "SpotLightsColor_a": [0.8028762523427342, 0.722869342442771, 0.5554435193118181, 0.8292475778659967], "same_SpotLightsColor": false, "SpotAngle": [8.596367296106433, 29.89816766978277, 83.2161105323746, 93.02253532957458]}