{"CameraRes_width": 520, "CameraRes_height": 520, "Camera_FieldofView": 80, "CameraRadius": 10.0, "CameraTheta": 77.72344284828225, "CameraPhi": 189.6020898359785, "CameraVerticalOffset": 0, "total_cuboids": 3, "scale": 1.56174333465876, "same_scale": true, "total_branches": [2, 1], "same_theta": true, "theta": [63.89020414113589], "phi": 20.50652553540516, "same_material": true, "r": 0.9169647895379526, "g": 0.0818491411074882, "b": 0.7068000106687845, "a": 0.866064339058821, "metallic": 0.5970264322008787, "smoothness": 0.8276953472227032, "DirectionalLightTheta": 38.87091840390714, "DirectionalLightIntensity": 0.2580001872477734, "totalPointLights": 8, "PointLightsRadius": [17.24948214231332, 13.79069698386404, 12.51285608939908, 15.953100170837983, 17.97785558024126, 5.500434615623281, 19.20913733676877, 7.471490980291997], "PointLightsPhi": [199.92149562179083, 10.535102357929244, 128.6442417411564, 0.4580048666599579, 175.046612889314, 123.53076562786718, 281.0857698955585, 13.377434017612956], "PointLightsTheta": [49.68009214115388, 8.460888785009606, 16.552497766947713, 22.89006640175581, 79.05325283934374, 35.31511857577397, 21.15946767374157, 28.80246601114664], "PointLightsIntensity": [13.739269089708788, 13.56362575822152, 8.577707386418961, 8.187138803799941, 11.383423258568943, 14.26153700374378, 8.99561766023873, 7.368803260359179], "PointLightsRange": [7.266299172864679, 20.242736468927554, 19.790042574169313, 13.56787351569923, 19.48312823067105, 18.071501760357197, 24.332976949650774, 20.618656988654205], "PointLightsColor_r": [0.6731760176252268, 0.0015677441837674833, 0.18523525054377032, 0.2000955962768146, 0.8874629204977486, 0.7667518654986424, 0.9247510184459781, 0.7288455374304458], "PointLightsColor_g": [0.2274608245009495, 0.5874531414029327, 0.2911078417308701, 0.6863766535238864, 0.6616575459018077, 0.22529277330570063, 0.903839156362215, 0.3745799116869618], "PointLightsColor_b": [0.5298089479227273, 0.8217434543041766, 0.42332372329133827, 0.8323093493010837, 0.7320069896672449, 0.7600661011429857, 0.9427241454514024, 0.6872255917880381], "PointLightsColor_a": [0.7897113955593199, 0.5592945590239243, 0.7651511233165689, 0.7186736157494545, 0.6693817487509464, 0.6717950141525851, 0.7766533022154272, 0.7012736007750981], "same_PointLightsColor": false, "totalSpotLights": 3, "SpotLightsRadius": [9.054949975242906, 15.063986403851553, 19.054712496072874], "SpotLightsPhi": [116.36600014927227, 14.641641382014573, 307.9215871964579], "SpotLightsTheta": [6.388606087153268, 50.284644324591724, 25.8439434750561], "SpotLightsIntensity": [14.978072229239705, 5.968183552226003, 12.295257808913512], "SpotLightsRange": [10.658392858306572, 6.175163252107483, 13.272456196790747], "SpotLightsColor_r": [0.6392075521303784, 0.6392075521303784, 0.6392075521303784], "SpotLightsColor_g": [0.6765597820479594, 0.6765597820479594, 0.6765597820479594], "SpotLightsColor_b": [0.9388917369356607, 0.9388917369356607, 0.9388917369356607], "SpotLightsColor_a": [0.962337630465936, 0.962337630465936, 0.962337630465936], "same_SpotLightsColor": true, "SpotAngle": [53.741539955265296, 39.928279852290224, 72.6174748239776]}