{"CameraRes_width": 520, "CameraRes_height": 520, "Camera_FieldofView": 80, "CameraRadius": 10.0, "CameraTheta": 60.1813433367885, "CameraPhi": 266.49795194706616, "CameraVerticalOffset": 0, "total_cuboids": 3, "scale": 1.4900270762777201, "same_scale": true, "total_branches": [1, 2], "same_theta": true, "theta": [25.612379324921957], "phi": 99.90697381586605, "same_material": true, "r": 0.29288446107149146, "g": 0.11406623111837477, "b": 0.43141743176944614, "a": 0.6738101566539353, "metallic": 0.8468331916999531, "smoothness": 0.8661399670037658, "DirectionalLightTheta": 78.55325266039331, "DirectionalLightIntensity": 0.5330225829165445, "totalPointLights": 10, "PointLightsRadius": [14.121302898116591, 10.076352408976193, 14.865307829444285, 8.57227330783879, 15.127516983449324, 17.038351804835067, 6.569714397311026, 10.923725423229468, 8.746644809855612, 16.598917629259333], "PointLightsPhi": [56.22513966888142, 255.30855140745652, 81.58832683946382, 306.16361651834825, 299.168920502465, 197.52267273531305, 356.0391955096488, 223.3156297293955, 137.56070809416278, 281.15353691785384], "PointLightsTheta": [31.684606824034237, 47.68345167828256, 17.777364623099057, 3.5678871903647202, 80.14731784058552, 31.184364494389776, 9.01668194483933, 48.59037905935808, 1.3294265089984725, 21.20843367585179], "PointLightsIntensity": [14.734706882476317, 9.917467963908713, 8.692719657994779, 16.72643341082081, 13.43616249016743, 15.282383865042567, 7.721643168138413, 10.494262759246965, 15.781095392593164, 11.516703426769453], "PointLightsRange": [14.573162408571068, 21.205243685863387, 13.731717205930485, 17.974936305375202, 5.356121348447931, 5.255021612958089, 11.498919278206447, 15.573248733021547, 20.832164569887077, 20.153524358096725], "PointLightsColor_r": [0.3516929586806322, 0.16373823018735367, 0.49965383402380625, 0.9374292776924266, 0.6015219675583305, 0.734985694673923, 0.8688029248968085, 0.416967843804662, 0.5897699384657767, 0.17604452306370577], "PointLightsColor_g": [0.6767370933002128, 0.4620985437670444, 0.10977306481738525, 0.5025535267237825, 0.7356800775311507, 0.6596916442378149, 0.8669889254133915, 0.8867095896897542, 0.6956414281375126, 0.8933881365351798], "PointLightsColor_b": [0.3026620375574811, 0.24652041172729033, 0.38415638693362253, 0.36122868965952104, 0.8662506627653658, 0.5063090391814238, 0.3760137312616393, 0.8838164454011378, 0.2688532626011131, 0.9917701584276416], "PointLightsColor_a": [0.7214099087261678, 0.7648052221095274, 0.7536028482629842, 0.5477858217608857, 0.8216461866036171, 0.5421489551731922, 0.9199651009494856, 0.9892124636802233, 0.8771442677377057, 0.5202650567211751], "same_PointLightsColor": false, "totalSpotLights": 3, "SpotLightsRadius": [11.325089942480357, 14.71630889194272, 5.033552985958006], "SpotLightsPhi": [211.888940201061, 190.09371889936497, 248.31542245068667], "SpotLightsTheta": [47.935776721844285, 22.36717018247183, 59.52090567500391], "SpotLightsIntensity": [11.500197751064064, 5.98405787225987, 10.512639462091185], "SpotLightsRange": [9.983409636906993, 10.76802042677862, 17.671875488920712], "SpotLightsColor_r": [0.2861195471847108, 0.2861195471847108, 0.2861195471847108], "SpotLightsColor_g": [0.5047175492864403, 0.5047175492864403, 0.5047175492864403], "SpotLightsColor_b": [0.1276484540403997, 0.1276484540403997, 0.1276484540403997], "SpotLightsColor_a": [0.5825895172917387, 0.5825895172917387, 0.5825895172917387], "same_SpotLightsColor": true, "SpotAngle": [69.35708535701104, 60.65754275434959, 69.76044419891562]}