{"CameraRes_width": 520, "CameraRes_height": 520, "Camera_FieldofView": 80, "CameraRadius": 10.0, "CameraTheta": 68.94141464584847, "CameraPhi": 325.8454553571687, "CameraVerticalOffset": 0, "total_cuboids": 3, "scale": [2.5973926996761616, 0.8187715680852485, 0.8632793316136307], "same_scale": false, "total_branches": [1, 1], "same_theta": true, "theta": [98.86723295468923], "phi": 225.84660651819513, "same_material": true, "r": 0.9733152923914792, "g": 0.7680655163462011, "b": 0.161186900210873, "a": 0.7646498028686626, "metallic": 0.5132503928269594, "smoothness": 0.5542375852453059, "DirectionalLightTheta": 7.07599595132315, "DirectionalLightIntensity": 0.21407295912870586, "totalPointLights": 9, "PointLightsRadius": [19.63163044809748, 8.180510868549124, 15.37176478137107, 8.246221437211432, 18.955927539132396, 5.359311845839134, 9.143954390552182, 7.433097363645503, 11.471052039072006], "PointLightsPhi": [355.6071938268925, 301.7101826230013, 318.77267601269546, 132.3414533698257, 149.14612942105526, 44.13103610720101, 35.80145566574886, 183.12920630937873, 216.94461114665273], "PointLightsTheta": [57.40410805936841, 64.89173550011745, 50.267367747558936, 21.602407326636303, 60.6333246821336, 85.67451450890681, 80.60000626958504, 21.44401273765372, 79.80057015054335], "PointLightsIntensity": [14.123745800488006, 13.803660937854092, 10.477345762872119, 13.475099128626532, 14.08457863687889, 11.309260074095155, 9.410535063038521, 16.915877067741583, 11.4002226876979], "PointLightsRange": [14.057357040324614, 11.407444391959087, 14.312081533285653, 19.147332413536056, 12.908685102799522, 9.318397354013078, 16.177473459125657, 19.69596263261426, 6.083227593305001], "PointLightsColor_r": [0.06460586943425117, 0.06460586943425117, 0.06460586943425117, 0.06460586943425117, 0.06460586943425117, 0.06460586943425117, 0.06460586943425117, 0.06460586943425117, 0.06460586943425117], "PointLightsColor_g": [0.3323180286699352, 0.3323180286699352, 0.3323180286699352, 0.3323180286699352, 0.3323180286699352, 0.3323180286699352, 0.3323180286699352, 0.3323180286699352, 0.3323180286699352], "PointLightsColor_b": [0.8147752451313984, 0.8147752451313984, 0.8147752451313984, 0.8147752451313984, 0.8147752451313984, 0.8147752451313984, 0.8147752451313984, 0.8147752451313984, 0.8147752451313984], "PointLightsColor_a": [0.8788490428111055, 0.8788490428111055, 0.8788490428111055, 0.8788490428111055, 0.8788490428111055, 0.8788490428111055, 0.8788490428111055, 0.8788490428111055, 0.8788490428111055], "same_PointLightsColor": true, "totalSpotLights": 4, "SpotLightsRadius": [15.696777524026817, 8.411853454983593, 19.846433347361003, 9.930119793120197], "SpotLightsPhi": [248.86536865320755, 18.303715792235646, 268.93345244915076, 174.53816830618075], "SpotLightsTheta": [70.4749387811783, 21.069912311534456, 32.22475367733738, 61.26222058216595], "SpotLightsIntensity": [13.150883325786118, 12.553013333147476, 14.686063686677498, 8.45296191558161], "SpotLightsRange": [15.8434432744132, 19.36132930432487, 12.842238969409763, 6.743717802358229], "SpotLightsColor_r": [0.5036141671025199, 0.5036141671025199, 0.5036141671025199, 0.5036141671025199], "SpotLightsColor_g": [0.20698762758668576, 0.20698762758668576, 0.20698762758668576, 0.20698762758668576], "SpotLightsColor_b": [0.5532575080217094, 0.5532575080217094, 0.5532575080217094, 0.5532575080217094], "SpotLightsColor_a": [0.5641981358799699, 0.5641981358799699, 0.5641981358799699, 0.5641981358799699], "same_SpotLightsColor": true, "SpotAngle": [10.006007472842551, 78.27292943435995, 34.205136654233925, 115.47110669255737]}