{"CameraRes_width": 520, "CameraRes_height": 520, "Camera_FieldofView": 80, "CameraRadius": 10.0, "CameraTheta": 65.36346716076683, "CameraPhi": 284.52940768052446, "CameraVerticalOffset": 0, "total_cuboids": 3, "scale": 0.7124067237812972, "same_scale": true, "total_branches": [1, 1], "same_theta": true, "theta": [21.761282248632714], "phi": 316.60479352812933, "same_material": true, "r": 0.9254393003987639, "g": 0.7508811719342704, "b": 0.3308929482859121, "a": 0.8672664838855423, "metallic": 0.8546797776388526, "smoothness": 0.9287174437224761, "DirectionalLightTheta": 73.80901773898546, "DirectionalLightIntensity": 1.0910599664886844, "totalPointLights": 9, "PointLightsRadius": [9.86730419028128, 15.624231644748948, 12.439629400738992, 16.57989817332826, 8.013128421342259, 17.41649256361047, 11.312494113815722, 10.05962042956163, 16.55252057198296], "PointLightsPhi": [148.46634596378192, 328.3845808334327, 160.02876071073715, 35.928768509187485, 144.15112051111464, 115.36282702578814, 47.16244583424997, 334.07269922809195, 1.618322261490821], "PointLightsTheta": [65.22431011337277, 30.279490818436916, 24.658299862819902, 17.0159383742114, 41.76151045703971, 8.332596257756187, 80.36355483575518, 80.50644455581875, 38.376860791267376], "PointLightsIntensity": [12.261136460377795, 11.592034914826112, 16.940666379994383, 10.037168451351135, 11.674323396021762, 7.95085787427923, 13.156724988326022, 14.815938000719743, 16.878264733841775], "PointLightsRange": [13.050921085168017, 19.523398471176954, 10.542884925639424, 14.147313047647586, 18.039645570942938, 18.965456152161032, 21.332172566376414, 24.40818865856555, 21.244704291622128], "PointLightsColor_r": [0.9416380164912362, 0.9416380164912362, 0.9416380164912362, 0.9416380164912362, 0.9416380164912362, 0.9416380164912362, 0.9416380164912362, 0.9416380164912362, 0.9416380164912362], "PointLightsColor_g": [0.9751065673521168, 0.9751065673521168, 0.9751065673521168, 0.9751065673521168, 0.9751065673521168, 0.9751065673521168, 0.9751065673521168, 0.9751065673521168, 0.9751065673521168], "PointLightsColor_b": [0.534450831934979, 0.534450831934979, 0.534450831934979, 0.534450831934979, 0.534450831934979, 0.534450831934979, 0.534450831934979, 0.534450831934979, 0.534450831934979], "PointLightsColor_a": [0.713068426165326, 0.713068426165326, 0.713068426165326, 0.713068426165326, 0.713068426165326, 0.713068426165326, 0.713068426165326, 0.713068426165326, 0.713068426165326], "same_PointLightsColor": true, "totalSpotLights": 6, "SpotLightsRadius": [12.03828858724966, 9.842601437252345, 10.904266948017886, 6.138087416551524, 14.503750559470992, 7.919156483672937], "SpotLightsPhi": [40.776977736995676, 349.51186191280215, 313.71471792090455, 357.1330223774383, 203.2236893614444, 224.9073174973119], "SpotLightsTheta": [77.59643684733024, 48.14540624964642, 14.232569735792495, 49.79197909309222, 0.12007701242032764, 3.5581351399376784], "SpotLightsIntensity": [10.116039539727883, 11.925101291418596, 7.658676440581395, 7.899695708087274, 12.937200915990097, 7.254724199522034], "SpotLightsRange": [15.476343669528196, 7.911036893082228, 5.333723594002409, 7.732425712087352, 7.148831752138998, 13.514306625187709], "SpotLightsColor_r": [0.6225632467345311, 0.6225632467345311, 0.6225632467345311, 0.6225632467345311, 0.6225632467345311, 0.6225632467345311], "SpotLightsColor_g": [0.42108933287555206, 0.42108933287555206, 0.42108933287555206, 0.42108933287555206, 0.42108933287555206, 0.42108933287555206], "SpotLightsColor_b": [0.4663566590972267, 0.4663566590972267, 0.4663566590972267, 0.4663566590972267, 0.4663566590972267, 0.4663566590972267], "SpotLightsColor_a": [0.6662381754976898, 0.6662381754976898, 0.6662381754976898, 0.6662381754976898, 0.6662381754976898, 0.6662381754976898], "same_SpotLightsColor": true, "SpotAngle": [31.470497453840224, 80.5795111038761, 66.74663465018251, 70.53381215915822, 81.85773567916854, 77.62546319245558]}