{
    "CameraRes_width": 520,
    "CameraRes_height": 520,
    "Camera_FieldofView": 80,
    "CameraRadius": 10.0,
    "CameraTheta": 99.24196072640285,
    "CameraPhi": 91.8183804010206,
    "CameraVerticalOffset": 0,
    "total_cuboids": 4,
    "scale": 3.260254711547411,
    "same_scale": true,
    "total_branches": [
        1,
        1,
        1
    ],
    "same_theta": false,
    "theta": [
        75.037006375095,
        65.31474460807031,
        73.65059410904801
    ],
    "phi": 271.4380724159228,
    "same_material": false,
    "r": [
        0.6570567675033621,
        0.9152722084552819,
        0.9210610785203711,
        0.19278373212863187
    ],
    "g": [
        0.45133105052673184,
        0.7274986482777275,
        0.21643629740353987,
        0.40905349895963816
    ],
    "b": [
        0.3725050690514272,
        0.8415277840523823,
        0.6084929900702274,
        0.9184463481527674
    ],
    "a": [
        0.7284973864385905,
        0.6782999620758741,
        0.7344042056026794,
        0.999327646727152
    ],
    "metallic": [
        0.5837839094313763,
        0.9248542268489032,
        0.5356504635774909,
        0.5167476030255959
    ],
    "smoothness": [
        0.11016993420267918,
        0.4216115570282165,
        0.7488806276041792,
        0.8051118069223997
    ],
    "DirectionalLightTheta": 20.408967074658506,
    "DirectionalLightIntensity": 0.4369275234040071,
    "totalPointLights": 10,
    "PointLightsRadius": [
        17.13670446575128,
        15.695494450555712,
        9.016702276022421,
        14.599405508568973,
        19.190853178092397,
        6.937924820277294,
        19.00059458565974,
        13.16334344427437,
        5.909678349821975,
        14.9637468651223
    ],
    "PointLightsPhi": [
        252.4989420109849,
        234.28782432853748,
        249.57646826148016,
        91.15186998210658,
        95.65812638351603,
        278.5728010623082,
        145.6104712123225,
        351.9587300459267,
        170.45996428479123,
        207.4348115873671
    ],
    "PointLightsTheta": [
        83.74390196386308,
        52.302928098289506,
        41.43504512732494,
        67.51358133934896,
        11.843249992971812,
        62.4044272957052,
        67.47648716366606,
        63.12954942572059,
        18.331530237509686,
        12.39425829908532
    ],
    "PointLightsIntensity": [
        12.155271922613917,
        15.829675010932247,
        15.111817537488559,
        8.133763328632892,
        13.120918064897555,
        10.368753646482304,
        14.033504342325898,
        9.517799001571827,
        16.903510735727203,
        11.09300150061723
    ],
    "PointLightsRange": [
        5.674099075007746,
        5.158433990693729,
        17.219641008303434,
        21.05846799819661,
        22.696805809300017,
        23.131402027480988,
        11.391860287266953,
        21.235678942572683,
        24.63575819485181,
        8.02221842116528
    ],
    "PointLightsColor_r": [
        0.8798653928480192,
        0.8232057631543153,
        0.17717332871515712,
        0.48013435538098836,
        0.25013768015269977,
        0.19829895454271318,
        0.8459787552035544,
        0.027110630639801125,
        0.20033177516424294,
        0.30503365101906965
    ],
    "PointLightsColor_g": [
        0.5011191440136795,
        0.3323877680416236,
        0.7909077539403182,
        0.7390016070890809,
        0.8631173074920914,
        0.7314935780469506,
        0.14119683963424856,
        0.3004985889094487,
        0.2796275480612629,
        0.3378872985383199
    ],
    "PointLightsColor_b": [
        0.4787209172603857,
        0.22925847407893518,
        0.3247063487558053,
        0.9096370210050411,
        0.47964834962648983,
        0.05863946194766556,
        0.2123542888372465,
        0.8793108680640539,
        0.9650004279635658,
        0.3342855944105425
    ],
    "PointLightsColor_a": [
        0.9346880400829014,
        0.8723764720422649,
        0.9578726894596447,
        0.7634771073009232,
        0.8784744206340414,
        0.9077346962132724,
        0.5881713143457197,
        0.8486538064458496,
        0.8742277348696975,
        0.998395121316012
    ],
    "same_PointLightsColor": false,
    "totalSpotLights": 5,
    "SpotLightsRadius": [
        13.095503301751473,
        14.180342744362436,
        14.228018627566598,
        9.21087925759775,
        15.891600441135939
    ],
    "SpotLightsPhi": [
        299.8232489949328,
        253.5933485008668,
        328.8885983131272,
        11.292648194631045,
        122.88715200151064
    ],
    "SpotLightsTheta": [
        26.040663857333374,
        85.77846236553513,
        22.736612959284017,
        76.09980787873937,
        89.16037851883429
    ],
    "SpotLightsIntensity": [
        5.849507601480166,
        7.672251561426347,
        5.12503272227382,
        13.080129037314554,
        7.913468349120701
    ],
    "SpotLightsRange": [
        9.205541123160826,
        19.843510915556095,
        18.910201994610738,
        8.77677836802605,
        22.68651575772306
    ],
    "SpotLightsColor_r": [
        0.49358042048559525,
        0.49358042048559525,
        0.49358042048559525,
        0.49358042048559525,
        0.49358042048559525
    ],
    "SpotLightsColor_g": [
        0.6328863356122018,
        0.6328863356122018,
        0.6328863356122018,
        0.6328863356122018,
        0.6328863356122018
    ],
    "SpotLightsColor_b": [
        0.3897706742213226,
        0.3897706742213226,
        0.3897706742213226,
        0.3897706742213226,
        0.3897706742213226
    ],
    "SpotLightsColor_a": [
        0.5177837203463499,
        0.5177837203463499,
        0.5177837203463499,
        0.5177837203463499,
        0.5177837203463499
    ],
    "same_SpotLightsColor": true,
    "SpotAngle": [
        61.7255619152076,
        67.56727658830337,
        7.26421880295322,
        108.09845399993125,
        61.76585554850579
    ]
}