{
    "CameraRes_width": 520,
    "CameraRes_height": 520,
    "Camera_FieldofView": 80,
    "CameraRadius": 10.0,
    "CameraTheta": 76.49823977373462,
    "CameraPhi": 232.03173956616476,
    "CameraVerticalOffset": 0,
    "total_cuboids": 4,
    "scale": 2.3250348576757327,
    "same_scale": true,
    "total_branches": [
        1,
        1,
        1
    ],
    "same_theta": false,
    "theta": [
        19.33133566020975,
        74.31238548185178,
        50.677452658348614
    ],
    "phi": 47.335802114817795,
    "same_material": true,
    "r": 0.6700440191625527,
    "g": 0.7763043938318531,
    "b": 0.7168777679208709,
    "a": 0.9614480188315347,
    "metallic": 0.4052194717953532,
    "smoothness": 0.7211108454253574,
    "DirectionalLightTheta": 60.47490671560466,
    "DirectionalLightIntensity": 0.8642683385403797,
    "totalPointLights": 6,
    "PointLightsRadius": [
        8.222047805948167,
        10.217465209346148,
        13.557861394579845,
        6.810085501052985,
        7.833706897413589,
        17.447959512618063
    ],
    "PointLightsPhi": [
        341.019070743176,
        320.9330204039792,
        245.07467572787743,
        306.1780971288846,
        54.22540534899297,
        349.9954221462886
    ],
    "PointLightsTheta": [
        85.6775389843491,
        45.74685296949667,
        47.57670104801066,
        15.926747532825908,
        69.80902024711551,
        22.120854290541406
    ],
    "PointLightsIntensity": [
        14.515742224594957,
        15.331302191300537,
        11.533568445607447,
        8.676727792324083,
        10.08058014854444,
        12.66418435739928
    ],
    "PointLightsRange": [
        20.359311041650773,
        8.266518499247791,
        6.642100470125398,
        17.9881037584577,
        13.705326849983742,
        20.235858368248103
    ],
    "PointLightsColor_r": [
        0.7485805907030283,
        0.9714031856490712,
        0.8528274325511848,
        0.646470596636961,
        0.732322076073133,
        0.483682661526188
    ],
    "PointLightsColor_g": [
        0.016027911998757083,
        0.253279664337172,
        0.1757157473961033,
        0.750932668868257,
        0.7340719428545207,
        0.8252285454089411
    ],
    "PointLightsColor_b": [
        0.8120152853925467,
        0.2073221064788987,
        0.49080183719332326,
        0.5115029195082264,
        0.7752339007490244,
        0.9768761062614636
    ],
    "PointLightsColor_a": [
        0.8359518126374649,
        0.5081265925867127,
        0.8498508074750168,
        0.9881654274523828,
        0.5571936188478966,
        0.61907880162243
    ],
    "same_PointLightsColor": false,
    "totalSpotLights": 3,
    "SpotLightsRadius": [
        13.540883758150377,
        6.29742829880192,
        14.15347876698611
    ],
    "SpotLightsPhi": [
        209.3677112982953,
        110.8475820940227,
        243.73320378783714
    ],
    "SpotLightsTheta": [
        46.37033544165983,
        13.140287857848639,
        85.06681609793543
    ],
    "SpotLightsIntensity": [
        9.245306648022176,
        6.883237241481986,
        10.306142431590521
    ],
    "SpotLightsRange": [
        9.792679115023308,
        24.423657912188794,
        11.626401089893408
    ],
    "SpotLightsColor_r": [
        0.799519203108056,
        0.799519203108056,
        0.799519203108056
    ],
    "SpotLightsColor_g": [
        0.5592739825156106,
        0.5592739825156106,
        0.5592739825156106
    ],
    "SpotLightsColor_b": [
        0.06972322130933895,
        0.06972322130933895,
        0.06972322130933895
    ],
    "SpotLightsColor_a": [
        0.9981518058420273,
        0.9981518058420273,
        0.9981518058420273
    ],
    "same_SpotLightsColor": true,
    "SpotAngle": [
        87.15961250010243,
        46.49474478488344,
        58.516783176719414
    ]
}