{
    "CameraRes_width": 520,
    "CameraRes_height": 520,
    "Camera_FieldofView": 80,
    "CameraRadius": 10.0,
    "CameraTheta": 74.4469881961734,
    "CameraPhi": 313.79970549708713,
    "CameraVerticalOffset": 0,
    "total_cuboids": 3,
    "scale": [
        2.225322702855943,
        2.89238016586743,
        1.6743825218662567
    ],
    "same_scale": false,
    "total_branches": [
        2,
        1
    ],
    "same_theta": false,
    "theta": [
        52.27399007810577,
        114.39861616846953
    ],
    "phi": 332.50547033970116,
    "same_material": true,
    "r": 0.48159219739241266,
    "g": 0.30492786515962633,
    "b": 0.9740551377427482,
    "a": 0.5110325178420595,
    "metallic": 0.26050722499540957,
    "smoothness": 0.810685599523658,
    "DirectionalLightTheta": 89.44665103969047,
    "DirectionalLightIntensity": 0.9471043538283506,
    "totalPointLights": 10,
    "PointLightsRadius": [
        17.311348374917266,
        19.43620095527357,
        15.817394960966247,
        9.873391166029212,
        10.966828618712546,
        19.45081167110335,
        6.487573877417439,
        12.48836261446392,
        7.803241305616531,
        18.614446703465035
    ],
    "PointLightsPhi": [
        166.10080721333208,
        298.6351709625853,
        234.3588381981278,
        3.7209106426756167,
        163.5963171977122,
        35.41843074484209,
        39.74473400067634,
        324.9900744801402,
        43.51005892785602,
        124.75659481588606
    ],
    "PointLightsTheta": [
        57.09671715001365,
        52.41909896836905,
        45.31707772014869,
        35.62241175551802,
        55.81317418267546,
        39.948937083311144,
        15.759941844431559,
        50.41985932364718,
        43.95634245173816,
        59.03663374489143
    ],
    "PointLightsIntensity": [
        7.611907530759195,
        12.444074824612755,
        13.280872672020127,
        9.921544430264262,
        16.501141995883188,
        16.96343588383872,
        14.512128740224657,
        11.127631769406207,
        16.376993442269985,
        10.051674245240337
    ],
    "PointLightsRange": [
        24.659993520776133,
        11.184093328096864,
        7.447499749932749,
        11.517915659641158,
        15.294140013233688,
        11.773455507440705,
        6.206897735881554,
        12.986211187246166,
        17.199102798867116,
        19.817852500106188
    ],
    "PointLightsColor_r": [
        0.9163918851870101,
        0.04121604596767836,
        0.7902139077539941,
        0.5201167406078573,
        0.822818235637111,
        0.3139870855699478,
        0.9710049733799176,
        0.9997811019269275,
        0.9113496871200106,
        0.9990440334256807
    ],
    "PointLightsColor_g": [
        0.18667162500965362,
        0.8790021814284622,
        0.31685136302089223,
        0.20766312861874037,
        0.9887831567208428,
        0.9823206563373023,
        0.24943284938260846,
        0.14261026367547958,
        0.09216116071317015,
        0.8392075955581696
    ],
    "PointLightsColor_b": [
        0.14400694957043036,
        0.4275289222211631,
        0.11244342577275013,
        0.5129630369169683,
        0.996484757663138,
        0.5115680407334241,
        0.5585159333072509,
        0.9171063526441523,
        0.009931325059521545,
        0.1685671683035166
    ],
    "PointLightsColor_a": [
        0.9068933417372705,
        0.8444305769898748,
        0.6048779953889161,
        0.6440964825662578,
        0.9650773476290396,
        0.6612343184328768,
        0.8836362986627216,
        0.7881964817179057,
        0.981983085951226,
        0.5632546956195073
    ],
    "same_PointLightsColor": false,
    "totalSpotLights": 3,
    "SpotLightsRadius": [
        9.800395436025429,
        15.781125512068018,
        16.729354969434915
    ],
    "SpotLightsPhi": [
        127.5663736929948,
        203.26782298570365,
        95.82724759533217
    ],
    "SpotLightsTheta": [
        48.45093082565091,
        59.28745615317494,
        51.9358512975073
    ],
    "SpotLightsIntensity": [
        5.425908163819308,
        8.292963276466129,
        12.454065559517229
    ],
    "SpotLightsRange": [
        7.832941515863996,
        19.736906693382252,
        12.380233638823254
    ],
    "SpotLightsColor_r": [
        0.36082854582490953,
        0.36082854582490953,
        0.36082854582490953
    ],
    "SpotLightsColor_g": [
        0.3096854826302966,
        0.3096854826302966,
        0.3096854826302966
    ],
    "SpotLightsColor_b": [
        0.12210361326877595,
        0.12210361326877595,
        0.12210361326877595
    ],
    "SpotLightsColor_a": [
        0.7872268903088068,
        0.7872268903088068,
        0.7872268903088068
    ],
    "same_SpotLightsColor": true,
    "SpotAngle": [
        32.17963127419568,
        51.348714809629826,
        103.49184074865046
    ]
}