{
    "CameraRes_width": 520,
    "CameraRes_height": 520,
    "Camera_FieldofView": 80,
    "CameraRadius": 10.0,
    "CameraTheta": 83.71118269103088,
    "CameraPhi": 292.9028686685301,
    "CameraVerticalOffset": 0,
    "total_cuboids": 3,
    "scale": [
        3.3830715839344365,
        1.2684297942426341,
        2.758719480659816
    ],
    "same_scale": false,
    "total_branches": [
        1,
        1
    ],
    "same_theta": false,
    "theta": [
        76.46373390006605,
        61.61584402751514
    ],
    "phi": 214.99646341837266,
    "same_material": true,
    "r": 0.6609748084596913,
    "g": 0.31854715450444626,
    "b": 0.024576475330496894,
    "a": 0.7275358054690083,
    "metallic": 0.39045087551651725,
    "smoothness": 0.09271951943296808,
    "DirectionalLightTheta": 20.265446972383632,
    "DirectionalLightIntensity": 0.4126984781888998,
    "totalPointLights": 10,
    "PointLightsRadius": [
        6.466742264446947,
        10.034768296482046,
        14.148998667480942,
        9.147922200977245,
        16.2337661493171,
        12.441144490329755,
        19.928330456019623,
        14.713219063023852,
        10.510969989718053,
        16.792937987324834
    ],
    "PointLightsPhi": [
        154.9436145888197,
        132.6633375766759,
        334.6331451890682,
        6.425467530547162,
        42.499346473973795,
        340.7752645717546,
        276.7476282616904,
        315.7126248841174,
        137.15808625363283,
        160.16668355617438
    ],
    "PointLightsTheta": [
        55.11147897254874,
        28.779487593876503,
        26.15273489264962,
        13.449080972164781,
        49.92042621551684,
        19.303984543451175,
        74.56360668259012,
        51.68073174316955,
        84.56292670172148,
        31.89202312802783
    ],
    "PointLightsIntensity": [
        13.526867878692551,
        14.476731397598865,
        7.614788125734344,
        14.373519449188617,
        15.879975868842848,
        13.0264771275101,
        16.888391445236685,
        7.131176964035372,
        9.133063167669974,
        8.328034322029858
    ],
    "PointLightsRange": [
        8.313603241550032,
        22.255690951728393,
        24.191408619707637,
        12.300035871470767,
        23.342765580289146,
        22.806690565649774,
        18.79178230828356,
        7.797574607919524,
        5.221745851681121,
        6.381082346553438
    ],
    "PointLightsColor_r": [
        0.21572398873796406,
        0.21572398873796406,
        0.21572398873796406,
        0.21572398873796406,
        0.21572398873796406,
        0.21572398873796406,
        0.21572398873796406,
        0.21572398873796406,
        0.21572398873796406,
        0.21572398873796406
    ],
    "PointLightsColor_g": [
        0.8150255308436196,
        0.8150255308436196,
        0.8150255308436196,
        0.8150255308436196,
        0.8150255308436196,
        0.8150255308436196,
        0.8150255308436196,
        0.8150255308436196,
        0.8150255308436196,
        0.8150255308436196
    ],
    "PointLightsColor_b": [
        0.7307081764918667,
        0.7307081764918667,
        0.7307081764918667,
        0.7307081764918667,
        0.7307081764918667,
        0.7307081764918667,
        0.7307081764918667,
        0.7307081764918667,
        0.7307081764918667,
        0.7307081764918667
    ],
    "PointLightsColor_a": [
        0.7634401946197966,
        0.7634401946197966,
        0.7634401946197966,
        0.7634401946197966,
        0.7634401946197966,
        0.7634401946197966,
        0.7634401946197966,
        0.7634401946197966,
        0.7634401946197966,
        0.7634401946197966
    ],
    "same_PointLightsColor": true,
    "totalSpotLights": 6,
    "SpotLightsRadius": [
        16.804423957962733,
        11.192061363811503,
        12.050234262366622,
        17.87330286553832,
        8.964839169980163,
        19.586872199317725
    ],
    "SpotLightsPhi": [
        333.6032172308092,
        79.65226857731463,
        196.81786750418,
        333.3307472305444,
        101.41681588672847,
        29.473228859534682
    ],
    "SpotLightsTheta": [
        11.748494260362023,
        40.46278039822143,
        18.352946760622025,
        73.79655570038932,
        42.53621320020599,
        61.45060673106828
    ],
    "SpotLightsIntensity": [
        8.352896330433296,
        14.935766279918884,
        8.834141823055347,
        6.699931185482803,
        7.399537603489513,
        11.25180926929198
    ],
    "SpotLightsRange": [
        11.401434474821837,
        12.108660189588123,
        20.968626766982254,
        14.147002416746655,
        15.57437912129375,
        21.964928035179696
    ],
    "SpotLightsColor_r": [
        0.6356103014971158,
        0.6356103014971158,
        0.6356103014971158,
        0.6356103014971158,
        0.6356103014971158,
        0.6356103014971158
    ],
    "SpotLightsColor_g": [
        0.8496029383633085,
        0.8496029383633085,
        0.8496029383633085,
        0.8496029383633085,
        0.8496029383633085,
        0.8496029383633085
    ],
    "SpotLightsColor_b": [
        0.28424972472760845,
        0.28424972472760845,
        0.28424972472760845,
        0.28424972472760845,
        0.28424972472760845,
        0.28424972472760845
    ],
    "SpotLightsColor_a": [
        0.683779515912424,
        0.683779515912424,
        0.683779515912424,
        0.683779515912424,
        0.683779515912424,
        0.683779515912424
    ],
    "same_SpotLightsColor": true,
    "SpotAngle": [
        99.33544214176248,
        95.05490200923334,
        38.257010179814344,
        71.8828430351634,
        88.4582244935897,
        20.667380262415882
    ]
}