{
    "CameraRes_width": 520,
    "CameraRes_height": 520,
    "Camera_FieldofView": 80,
    "CameraRadius": 10.0,
    "CameraTheta": 70.84623173295377,
    "CameraPhi": 289.3331685661522,
    "CameraVerticalOffset": 0,
    "total_cuboids": 2,
    "scale": 3.242466209010275,
    "same_scale": true,
    "total_branches": [
        1
    ],
    "same_theta": false,
    "theta": [
        0.14131410690553015
    ],
    "phi": 106.31112767967053,
    "same_material": false,
    "r": [
        0.8388517377638878,
        0.8051134095142928
    ],
    "g": [
        0.3866182732903466,
        0.19905499536309756
    ],
    "b": [
        0.1767282751737771,
        0.030422202821258737
    ],
    "a": [
        0.6620229587191646,
        0.7788110427110443
    ],
    "metallic": [
        0.7954336463824339,
        0.01846988958537532
    ],
    "smoothness": [
        0.9771707511943759,
        0.1309188245955457
    ],
    "DirectionalLightTheta": 81.49485947036248,
    "DirectionalLightIntensity": 0.4608940001620184,
    "totalPointLights": 0,
    "PointLightsRadius": null,
    "PointLightsPhi": null,
    "PointLightsTheta": null,
    "PointLightsIntensity": null,
    "PointLightsRange": null,
    "PointLightsColor_r": null,
    "PointLightsColor_g": null,
    "PointLightsColor_b": null,
    "PointLightsColor_a": null,
    "same_PointLightsColor": null,
    "totalSpotLights": 0,
    "SpotLightsRadius": null,
    "SpotLightsPhi": null,
    "SpotLightsTheta": null,
    "SpotLightsIntensity": null,
    "SpotLightsRange": null,
    "SpotLightsColor_r": null,
    "SpotLightsColor_g": null,
    "SpotLightsColor_b": null,
    "SpotLightsColor_a": null,
    "same_SpotLightsColor": null,
    "SpotAngle": null
}