{
    "CameraRes_width": 520,
    "CameraRes_height": 520,
    "Camera_FieldofView": 80,
    "CameraRadius": 10.0,
    "CameraTheta": 90.86297074014001,
    "CameraPhi": 34.56869645795619,
    "CameraVerticalOffset": 0,
    "total_cuboids": 4,
    "scale": [
        1.7820687223014602,
        1.3544887422346514,
        0.748366206281253,
        1.3179546470441657
    ],
    "same_scale": false,
    "total_branches": [
        1,
        1,
        1
    ],
    "same_theta": true,
    "theta": [
        9.897692064441074
    ],
    "phi": 24.830082911523004,
    "same_material": false,
    "r": [
        0.9287538284166857,
        0.5703006014808077,
        0.14560451845467992,
        0.11879956365732103
    ],
    "g": [
        0.12639911593375597,
        0.9635571070878288,
        0.289414367363943,
        0.9449970292773497
    ],
    "b": [
        0.40188348448231004,
        0.6779266845044988,
        0.7316247740459145,
        0.9659764544906636
    ],
    "a": [
        0.6582963545786504,
        0.7669201121646192,
        0.8234752647732169,
        0.5942621136813505
    ],
    "metallic": [
        0.35366980158806405,
        0.5867119543539958,
        0.38693167119884997,
        0.5481503212406338
    ],
    "smoothness": [
        0.7788017773188793,
        0.8785648949988045,
        0.27240162919543065,
        0.24564453188240465
    ],
    "DirectionalLightTheta": 24.287972702561405,
    "DirectionalLightIntensity": 0.8944344173843171,
    "totalPointLights": 10,
    "PointLightsRadius": [
        18.887403767897606,
        13.757783902897264,
        8.439645097198753,
        12.933333080620901,
        16.28949637940472,
        8.0295336911901,
        17.89194609163058,
        8.004142603002077,
        8.355335299220645,
        15.827000262551449
    ],
    "PointLightsPhi": [
        343.6841636936321,
        150.95925698521162,
        49.27733907347242,
        269.81484233286767,
        233.8712706115264,
        93.73161361650898,
        108.7756706773209,
        19.781588075607583,
        45.9257272782606,
        319.5448197339039
    ],
    "PointLightsTheta": [
        24.552732192172485,
        71.77970895467341,
        4.279764215870211,
        39.92688080376711,
        39.09772186469158,
        17.347554128266715,
        1.2225638280948048,
        86.74462557090793,
        15.095404519977555,
        51.79441877697221
    ],
    "PointLightsIntensity": [
        16.193613602142236,
        8.9174005545516,
        8.566894483881917,
        8.930331833613288,
        13.593810603846695,
        7.553801744550953,
        12.241206064887136,
        14.747572971751744,
        8.040454935499248,
        12.1263282559987
    ],
    "PointLightsRange": [
        18.404551897094336,
        15.173203726895284,
        24.069830486428337,
        8.534121358977663,
        16.61042913408643,
        21.853710475329894,
        7.681355855703737,
        21.050951110551832,
        16.885103134964883,
        13.321021316995672
    ],
    "PointLightsColor_r": [
        0.3564160900827875,
        0.3564160900827875,
        0.3564160900827875,
        0.3564160900827875,
        0.3564160900827875,
        0.3564160900827875,
        0.3564160900827875,
        0.3564160900827875,
        0.3564160900827875,
        0.3564160900827875
    ],
    "PointLightsColor_g": [
        0.16054747121361146,
        0.16054747121361146,
        0.16054747121361146,
        0.16054747121361146,
        0.16054747121361146,
        0.16054747121361146,
        0.16054747121361146,
        0.16054747121361146,
        0.16054747121361146,
        0.16054747121361146
    ],
    "PointLightsColor_b": [
        0.9473240336171687,
        0.9473240336171687,
        0.9473240336171687,
        0.9473240336171687,
        0.9473240336171687,
        0.9473240336171687,
        0.9473240336171687,
        0.9473240336171687,
        0.9473240336171687,
        0.9473240336171687
    ],
    "PointLightsColor_a": [
        0.6938166351950097,
        0.6938166351950097,
        0.6938166351950097,
        0.6938166351950097,
        0.6938166351950097,
        0.6938166351950097,
        0.6938166351950097,
        0.6938166351950097,
        0.6938166351950097,
        0.6938166351950097
    ],
    "same_PointLightsColor": true,
    "totalSpotLights": 3,
    "SpotLightsRadius": [
        16.201648093972956,
        9.82807473869661,
        8.550581688190537
    ],
    "SpotLightsPhi": [
        257.95723541875316,
        22.689446412100885,
        303.1347479917441
    ],
    "SpotLightsTheta": [
        24.09632775441989,
        53.09609751138431,
        57.2204239421518
    ],
    "SpotLightsIntensity": [
        14.72394438696531,
        10.685651136703488,
        8.360658389549362
    ],
    "SpotLightsRange": [
        9.41823860087405,
        10.594957344343204,
        18.261884695948602
    ],
    "SpotLightsColor_r": [
        0.5466932204122449,
        0.5466932204122449,
        0.5466932204122449
    ],
    "SpotLightsColor_g": [
        0.5443727644381731,
        0.5443727644381731,
        0.5443727644381731
    ],
    "SpotLightsColor_b": [
        0.4789458519701224,
        0.4789458519701224,
        0.4789458519701224
    ],
    "SpotLightsColor_a": [
        0.8263154224580533,
        0.8263154224580533,
        0.8263154224580533
    ],
    "same_SpotLightsColor": true,
    "SpotAngle": [
        5.822266411343135,
        46.106770698913344,
        45.68845809899781
    ]
}