{
    "CameraRes_width": 520,
    "CameraRes_height": 520,
    "Camera_FieldofView": 80,
    "CameraRadius": 10.0,
    "CameraTheta": 64.07237654831191,
    "CameraPhi": 244.36834508516358,
    "CameraVerticalOffset": 0,
    "total_cuboids": 2,
    "scale": [
        1.4550419855639392,
        2.0318918261253733
    ],
    "same_scale": false,
    "total_branches": [
        1
    ],
    "same_theta": true,
    "theta": [
        37.533870874636925
    ],
    "phi": 83.50501661991314,
    "same_material": true,
    "r": 0.40129379588572844,
    "g": 0.5612711116959598,
    "b": 0.48077931789703665,
    "a": 0.5748708255141928,
    "metallic": 0.18369163778507147,
    "smoothness": 0.4268374191272608,
    "DirectionalLightTheta": 22.28291668351269,
    "DirectionalLightIntensity": 0.943687457170231,
    "totalPointLights": 5,
    "PointLightsRadius": [
        9.218101281395288,
        17.985508526240594,
        15.078219546876733,
        16.30443621065855,
        16.04464636465388
    ],
    "PointLightsPhi": [
        227.81687962259343,
        3.282880573630411,
        68.64553552632444,
        97.67105739289401,
        241.17835362000707
    ],
    "PointLightsTheta": [
        76.77594879929086,
        42.0854784877099,
        30.77546908604567,
        65.89295027407283,
        41.49578931435688
    ],
    "PointLightsIntensity": [
        12.532438657635275,
        12.21844152947546,
        12.368456322121986,
        12.144804468905651,
        9.05335474494758
    ],
    "PointLightsRange": [
        17.89165792329525,
        20.60290333334676,
        24.333868165168326,
        17.281704507956054,
        23.559493865463217
    ],
    "PointLightsColor_r": [
        0.2929869821867459,
        0.2929869821867459,
        0.2929869821867459,
        0.2929869821867459,
        0.2929869821867459
    ],
    "PointLightsColor_g": [
        0.12463454529670193,
        0.12463454529670193,
        0.12463454529670193,
        0.12463454529670193,
        0.12463454529670193
    ],
    "PointLightsColor_b": [
        0.13298548410696787,
        0.13298548410696787,
        0.13298548410696787,
        0.13298548410696787,
        0.13298548410696787
    ],
    "PointLightsColor_a": [
        0.8592481036199975,
        0.8592481036199975,
        0.8592481036199975,
        0.8592481036199975,
        0.8592481036199975
    ],
    "same_PointLightsColor": true,
    "totalSpotLights": 4,
    "SpotLightsRadius": [
        18.210729676799573,
        16.400536583744728,
        19.897915826076485,
        19.41127784732852
    ],
    "SpotLightsPhi": [
        304.6340593375946,
        137.75321094131755,
        176.2202857959343,
        195.41782549324623
    ],
    "SpotLightsTheta": [
        62.396738806574106,
        20.322021050575174,
        6.586998178466433,
        30.55504878944169
    ],
    "SpotLightsIntensity": [
        13.589755905039526,
        13.859969239986704,
        13.498664619187782,
        13.943782425102599
    ],
    "SpotLightsRange": [
        12.774361715420346,
        24.19225845831899,
        19.43458799062635,
        24.110428627957106
    ],
    "SpotLightsColor_r": [
        0.32508944451878896,
        0.8853475520848072,
        0.2335343350845298,
        0.8770119347986148
    ],
    "SpotLightsColor_g": [
        0.0006239190831885955,
        0.11068860438817041,
        0.09166052175710471,
        0.020451727858559865
    ],
    "SpotLightsColor_b": [
        0.05632908752223309,
        0.8496503333952343,
        0.3709331423915686,
        0.43829317990037286
    ],
    "SpotLightsColor_a": [
        0.9194608478469157,
        0.9620156954279204,
        0.9487404674098059,
        0.9426652389480947
    ],
    "same_SpotLightsColor": false,
    "SpotAngle": [
        83.30893395542329,
        85.39939496184036,
        111.33242967218108,
        116.45715038472596
    ]
}