{
    "CameraRes_width": 520,
    "CameraRes_height": 520,
    "Camera_FieldofView": 80,
    "CameraRadius": 10.0,
    "CameraTheta": 68.23841994076827,
    "CameraPhi": 271.0521713092309,
    "CameraVerticalOffset": 0,
    "total_cuboids": 4,
    "scale": 2.105330039804553,
    "same_scale": true,
    "total_branches": [
        1,
        1,
        1
    ],
    "same_theta": false,
    "theta": [
        81.44493186573773,
        88.6552777277835,
        61.371292970886586
    ],
    "phi": 336.39220808411386,
    "same_material": true,
    "r": 0.43772737354712454,
    "g": 0.8577844896367384,
    "b": 0.38535231228361666,
    "a": 0.9205039058950519,
    "metallic": 0.3948580929005817,
    "smoothness": 0.10620449762397699,
    "DirectionalLightTheta": 69.0842968748409,
    "DirectionalLightIntensity": 0.9428068993447706,
    "totalPointLights": 7,
    "PointLightsRadius": [
        18.721529602767653,
        16.644830963847433,
        9.479236895012484,
        8.473896610278164,
        16.247168010894413,
        12.24602951839437,
        7.939810406528272
    ],
    "PointLightsPhi": [
        91.46360243298098,
        196.22354731506334,
        235.75945057766853,
        150.03200861906802,
        17.076206457684826,
        125.14420836942973,
        221.03836904318027
    ],
    "PointLightsTheta": [
        50.21153588134701,
        21.369019325397225,
        43.10494546117392,
        9.565105917494147,
        69.6553098622474,
        50.098955923935854,
        13.656216911740604
    ],
    "PointLightsIntensity": [
        16.71707618508728,
        16.09273253403849,
        16.96477474929026,
        9.2771566022647,
        13.494217872105926,
        16.799218200445193,
        14.822538315874414
    ],
    "PointLightsRange": [
        22.237766127987037,
        20.481344338158927,
        5.893420560395031,
        20.0454143557425,
        21.541658133268832,
        6.122517314030489,
        13.04596608949278
    ],
    "PointLightsColor_r": [
        0.13923149943565072,
        0.1345337992470903,
        0.44355946632482224,
        0.4406409623956624,
        0.029242523008196963,
        0.4065153213077324,
        0.5475366465315485
    ],
    "PointLightsColor_g": [
        0.9845811295559805,
        0.8416495985735185,
        0.07674206723200061,
        0.8586367346650573,
        0.4361075438358365,
        0.7015206829366172,
        0.08180392182628371
    ],
    "PointLightsColor_b": [
        0.6922475958155528,
        0.6073768281063056,
        0.8862054383120306,
        0.6130408735120096,
        0.6270026736610311,
        0.08892098321707365,
        0.7785203019168188
    ],
    "PointLightsColor_a": [
        0.5362359823682563,
        0.9984126163304909,
        0.8643311051630715,
        0.7253530156103332,
        0.6432281716927354,
        0.9487091644314697,
        0.7033819815738159
    ],
    "same_PointLightsColor": false,
    "totalSpotLights": 4,
    "SpotLightsRadius": [
        5.5597571828828,
        19.973938243196493,
        13.495921683666396,
        19.273623004722698
    ],
    "SpotLightsPhi": [
        78.99474047372557,
        68.12471963294401,
        132.76351135080336,
        345.8031944636076
    ],
    "SpotLightsTheta": [
        4.291803026585291,
        0.835514020996202,
        2.0326162654181887,
        2.065713227950229
    ],
    "SpotLightsIntensity": [
        5.496961104999382,
        12.965609720106864,
        9.682588287629653,
        6.0839867047732845
    ],
    "SpotLightsRange": [
        5.6359625430878735,
        8.903489230073598,
        22.14847902753476,
        21.12862921944669
    ],
    "SpotLightsColor_r": [
        0.08183294087830428,
        0.08183294087830428,
        0.08183294087830428,
        0.08183294087830428
    ],
    "SpotLightsColor_g": [
        0.5192626979202997,
        0.5192626979202997,
        0.5192626979202997,
        0.5192626979202997
    ],
    "SpotLightsColor_b": [
        0.26484071923676267,
        0.26484071923676267,
        0.26484071923676267,
        0.26484071923676267
    ],
    "SpotLightsColor_a": [
        0.7166024695151616,
        0.7166024695151616,
        0.7166024695151616,
        0.7166024695151616
    ],
    "same_SpotLightsColor": true,
    "SpotAngle": [
        25.78887682744798,
        48.91577501177095,
        83.52802809617303,
        90.55184876949552
    ]
}