{
    "CameraRes_width": 520,
    "CameraRes_height": 520,
    "Camera_FieldofView": 80,
    "CameraRadius": 10.0,
    "CameraTheta": 74.95434894214938,
    "CameraPhi": 276.9442431497782,
    "CameraVerticalOffset": 0,
    "total_cuboids": 2,
    "scale": 2.5394525305285947,
    "same_scale": true,
    "total_branches": [
        1
    ],
    "same_theta": false,
    "theta": [
        126.64502383702184
    ],
    "phi": 344.65000294682056,
    "same_material": false,
    "r": [
        0.8822487618482177,
        0.59447081695197
    ],
    "g": [
        0.579168524532711,
        0.986308046866847
    ],
    "b": [
        0.269886549041119,
        0.88621634239089
    ],
    "a": [
        0.6332681488675076,
        0.6226701203446996
    ],
    "metallic": [
        0.38948162350050775,
        0.5968571672917264
    ],
    "smoothness": [
        0.061660184965919074,
        0.05033246193391527
    ],
    "DirectionalLightTheta": 83.7018698432786,
    "DirectionalLightIntensity": 1.0286966586057467,
    "totalPointLights": 0,
    "PointLightsRadius": null,
    "PointLightsPhi": null,
    "PointLightsTheta": null,
    "PointLightsIntensity": null,
    "PointLightsRange": null,
    "PointLightsColor_r": null,
    "PointLightsColor_g": null,
    "PointLightsColor_b": null,
    "PointLightsColor_a": null,
    "same_PointLightsColor": null,
    "totalSpotLights": 0,
    "SpotLightsRadius": null,
    "SpotLightsPhi": null,
    "SpotLightsTheta": null,
    "SpotLightsIntensity": null,
    "SpotLightsRange": null,
    "SpotLightsColor_r": null,
    "SpotLightsColor_g": null,
    "SpotLightsColor_b": null,
    "SpotLightsColor_a": null,
    "same_SpotLightsColor": null,
    "SpotAngle": null
}