{
    "CameraRes_width": 520,
    "CameraRes_height": 520,
    "Camera_FieldofView": 80,
    "CameraRadius": 10.0,
    "CameraTheta": 80.4601487847744,
    "CameraPhi": 282.6092913627526,
    "CameraVerticalOffset": 0,
    "total_cuboids": 2,
    "scale": 2.045017894793564,
    "same_scale": true,
    "total_branches": [
        1
    ],
    "same_theta": false,
    "theta": [
        4.700742339446409
    ],
    "phi": 259.4530745833071,
    "same_material": true,
    "r": 0.29746233802702926,
    "g": 0.988332114291288,
    "b": 0.2660205153349926,
    "a": 0.5670341257372367,
    "metallic": 0.10148543668202126,
    "smoothness": 0.991819521156086,
    "DirectionalLightTheta": 71.04380923348901,
    "DirectionalLightIntensity": 0.7687321111140659,
    "totalPointLights": 9,
    "PointLightsRadius": [
        12.92799062383312,
        19.929359950320954,
        16.336708466871343,
        16.625867664168677,
        17.638937700521282,
        7.963743497745309,
        5.2198908136813875,
        9.87857939595553,
        12.91380424558152
    ],
    "PointLightsPhi": [
        352.3898699174153,
        221.42432611384476,
        131.32331107088206,
        241.6524193501923,
        337.8105301560097,
        181.8025691952783,
        284.47743823222805,
        122.65682518959089,
        124.7562386863492
    ],
    "PointLightsTheta": [
        59.78396719535516,
        44.354230170058834,
        43.87938898075495,
        82.59397351719109,
        64.07471913345626,
        82.2986762784995,
        35.519279167867325,
        63.78479043401257,
        11.657836077568787
    ],
    "PointLightsIntensity": [
        10.7220636712083,
        12.520782676898257,
        16.83205409356413,
        15.485067444128275,
        10.272138843254464,
        16.483097630033818,
        11.725662159830003,
        7.573177191632746,
        13.076959956315306
    ],
    "PointLightsRange": [
        13.81275799649812,
        20.503135331584076,
        15.413373403114774,
        18.27569947968436,
        7.63723974822613,
        6.801724168434782,
        19.346980033755905,
        20.15085466851374,
        11.426951208061492
    ],
    "PointLightsColor_r": [
        0.1887702768397812,
        0.1887702768397812,
        0.1887702768397812,
        0.1887702768397812,
        0.1887702768397812,
        0.1887702768397812,
        0.1887702768397812,
        0.1887702768397812,
        0.1887702768397812
    ],
    "PointLightsColor_g": [
        0.15908816174828921,
        0.15908816174828921,
        0.15908816174828921,
        0.15908816174828921,
        0.15908816174828921,
        0.15908816174828921,
        0.15908816174828921,
        0.15908816174828921,
        0.15908816174828921
    ],
    "PointLightsColor_b": [
        0.19703587475852768,
        0.19703587475852768,
        0.19703587475852768,
        0.19703587475852768,
        0.19703587475852768,
        0.19703587475852768,
        0.19703587475852768,
        0.19703587475852768,
        0.19703587475852768
    ],
    "PointLightsColor_a": [
        0.6826080590160849,
        0.6826080590160849,
        0.6826080590160849,
        0.6826080590160849,
        0.6826080590160849,
        0.6826080590160849,
        0.6826080590160849,
        0.6826080590160849,
        0.6826080590160849
    ],
    "same_PointLightsColor": true,
    "totalSpotLights": 5,
    "SpotLightsRadius": [
        19.33106317722805,
        13.413865805827857,
        17.808433134317234,
        16.042171824700464,
        16.581554278533545
    ],
    "SpotLightsPhi": [
        202.70187608795666,
        127.90988820422032,
        251.57845780556747,
        94.39888884783232,
        281.3152104021755
    ],
    "SpotLightsTheta": [
        7.335726212252695,
        23.732722634692202,
        47.78579366834723,
        77.87475038864771,
        51.71110147900816
    ],
    "SpotLightsIntensity": [
        14.331978527329145,
        6.0051719923435,
        12.767280333248825,
        13.01934748723993,
        10.34970478446415
    ],
    "SpotLightsRange": [
        5.119476414458688,
        21.007486792134877,
        11.247431897336908,
        8.868112112519142,
        10.813384369985553
    ],
    "SpotLightsColor_r": [
        0.46326254640200926,
        0.3044248316734576,
        0.7737881003947342,
        0.8569712502631893,
        0.06117308442762248
    ],
    "SpotLightsColor_g": [
        0.46517297492545884,
        0.7963919160938248,
        0.0925763702890301,
        0.0993453697684139,
        0.58496881572663
    ],
    "SpotLightsColor_b": [
        0.7089559072655565,
        0.681998461447167,
        0.9791256466449545,
        0.10771639913493636,
        0.30064503986576907
    ],
    "SpotLightsColor_a": [
        0.6125301801138832,
        0.8302955331971552,
        0.7583194687100497,
        0.6311525439135413,
        0.963480633470359
    ],
    "same_SpotLightsColor": false,
    "SpotAngle": [
        21.010310393228973,
        110.54940247349197,
        16.3082253551435,
        75.10824907611499,
        80.69630604397852
    ]
}