{
    "CameraRes_width": 520,
    "CameraRes_height": 520,
    "Camera_FieldofView": 80,
    "CameraRadius": 10.0,
    "CameraTheta": 73.46486885533572,
    "CameraPhi": 242.23808403686266,
    "CameraVerticalOffset": 0,
    "total_cuboids": 2,
    "scale": [
        2.6287213581194795,
        3.860019061616688
    ],
    "same_scale": false,
    "total_branches": [
        1
    ],
    "same_theta": true,
    "theta": [
        36.367575264923154
    ],
    "phi": 77.96026993861652,
    "same_material": true,
    "r": 0.9223385886805952,
    "g": 0.20562230940962534,
    "b": 0.5398051747243827,
    "a": 0.5229764854626089,
    "metallic": 0.978507551869361,
    "smoothness": 0.36070576504770846,
    "DirectionalLightTheta": 81.32364396183264,
    "DirectionalLightIntensity": 0.4155573570290414,
    "totalPointLights": 6,
    "PointLightsRadius": [
        19.19072560500763,
        18.320546871177566,
        18.206480799840833,
        18.127908903259218,
        5.759379071987904,
        9.244718363725408
    ],
    "PointLightsPhi": [
        55.51521105224862,
        66.99979278154989,
        166.27090618769586,
        88.85170994129686,
        40.247347652728884,
        51.694875105424934
    ],
    "PointLightsTheta": [
        73.30074483195455,
        60.9337567052824,
        7.361861168937402,
        66.81799639469197,
        61.731778818792314,
        86.35349617678217
    ],
    "PointLightsIntensity": [
        11.165957028494189,
        16.73958345038686,
        8.338303829643442,
        16.207610279426774,
        8.619748660049606,
        7.317845711409687
    ],
    "PointLightsRange": [
        20.080336431274592,
        13.992317173093907,
        15.724304098961099,
        24.569243587604934,
        13.209254793104977,
        24.47763073411879
    ],
    "PointLightsColor_r": [
        0.863495259354254,
        0.863495259354254,
        0.863495259354254,
        0.863495259354254,
        0.863495259354254,
        0.863495259354254
    ],
    "PointLightsColor_g": [
        0.9482908172856658,
        0.9482908172856658,
        0.9482908172856658,
        0.9482908172856658,
        0.9482908172856658,
        0.9482908172856658
    ],
    "PointLightsColor_b": [
        0.7549764725271506,
        0.7549764725271506,
        0.7549764725271506,
        0.7549764725271506,
        0.7549764725271506,
        0.7549764725271506
    ],
    "PointLightsColor_a": [
        0.8350348520928439,
        0.8350348520928439,
        0.8350348520928439,
        0.8350348520928439,
        0.8350348520928439,
        0.8350348520928439
    ],
    "same_PointLightsColor": true,
    "totalSpotLights": 6,
    "SpotLightsRadius": [
        15.132701530074122,
        7.796511423525896,
        13.281428598875909,
        12.616550935512034,
        7.386122888633926,
        15.203242017307572
    ],
    "SpotLightsPhi": [
        240.61755880009824,
        64.42677401065225,
        351.8676924281775,
        31.00327837797842,
        267.5797938530323,
        301.63239523874745
    ],
    "SpotLightsTheta": [
        51.6207372583631,
        2.5620066867143,
        41.698471594135086,
        44.095196166914526,
        83.06059909228932,
        49.73341490205325
    ],
    "SpotLightsIntensity": [
        6.279076911856828,
        9.099055675808945,
        8.254164019700625,
        13.174257043950067,
        7.96289571652078,
        14.125531447119053
    ],
    "SpotLightsRange": [
        14.141948471822591,
        6.690181058052264,
        11.311364809324031,
        9.35599065400216,
        5.266775743958634,
        15.694039286702754
    ],
    "SpotLightsColor_r": [
        0.8589815929875474,
        0.8589815929875474,
        0.8589815929875474,
        0.8589815929875474,
        0.8589815929875474,
        0.8589815929875474
    ],
    "SpotLightsColor_g": [
        0.7545890889569761,
        0.7545890889569761,
        0.7545890889569761,
        0.7545890889569761,
        0.7545890889569761,
        0.7545890889569761
    ],
    "SpotLightsColor_b": [
        0.35762859091705224,
        0.35762859091705224,
        0.35762859091705224,
        0.35762859091705224,
        0.35762859091705224,
        0.35762859091705224
    ],
    "SpotLightsColor_a": [
        0.9888581999185243,
        0.9888581999185243,
        0.9888581999185243,
        0.9888581999185243,
        0.9888581999185243,
        0.9888581999185243
    ],
    "same_SpotLightsColor": true,
    "SpotAngle": [
        111.94552603105234,
        91.81177408630464,
        63.2539507866711,
        74.13011599056065,
        107.88298640033514,
        47.86366921334549
    ]
}