{
    "CameraRes_width": 520,
    "CameraRes_height": 520,
    "Camera_FieldofView": 80,
    "CameraRadius": 10.0,
    "CameraTheta": 62.49587527498483,
    "CameraPhi": 340.9790604637949,
    "CameraVerticalOffset": 0,
    "total_cuboids": 4,
    "scale": 0.7532883190563586,
    "same_scale": true,
    "total_branches": [
        1,
        2,
        1
    ],
    "same_theta": true,
    "theta": [
        16.26280470214777
    ],
    "phi": 265.94306334245147,
    "same_material": true,
    "r": 0.47102411447630144,
    "g": 0.8621186005959495,
    "b": 0.11520518218446696,
    "a": 0.7729482574031126,
    "metallic": 0.28190156783012443,
    "smoothness": 0.6408335593744631,
    "DirectionalLightTheta": 85.36101090022947,
    "DirectionalLightIntensity": 0.7004978712084036,
    "totalPointLights": 8,
    "PointLightsRadius": [
        13.100375489258141,
        7.474297908253582,
        11.158429460968268,
        5.899789168271525,
        5.428587882736564,
        17.0733291529509,
        18.22260568456705,
        11.846214059947947
    ],
    "PointLightsPhi": [
        138.17126792622915,
        223.58048837788826,
        18.002754932371605,
        356.8447687284503,
        212.51490035084586,
        154.60792884393868,
        100.95850482734834,
        110.3666236105482
    ],
    "PointLightsTheta": [
        31.773877960078405,
        6.5356303848632455,
        86.78849957140825,
        40.348580375418585,
        35.61780170094055,
        71.64318097562659,
        78.51219369334312,
        48.12589693136324
    ],
    "PointLightsIntensity": [
        15.627000862376574,
        7.328200088536423,
        14.340072129747798,
        9.01864948021621,
        16.949719016393892,
        15.233952249273987,
        9.20075730164723,
        15.045822948313909
    ],
    "PointLightsRange": [
        7.0194788707024,
        20.92033274662564,
        19.93364587328575,
        8.05662769883507,
        19.100592294985486,
        8.960959837888232,
        10.321469034671434,
        5.992906695352458
    ],
    "PointLightsColor_r": [
        0.34860796545102346,
        0.02454137915627963,
        0.8535051244021068,
        0.3739495802860078,
        0.5613610255352789,
        0.06262287367138397,
        0.05759627585154392,
        0.04199639328313409
    ],
    "PointLightsColor_g": [
        0.7300696709605653,
        0.5242383610006938,
        0.4602646450373282,
        0.26976338959131296,
        0.5880324628608973,
        0.053719831643654126,
        0.717302999679755,
        0.9730799292357937
    ],
    "PointLightsColor_b": [
        0.3214573866647358,
        0.5139691998385075,
        0.7529024303486044,
        0.8600204272385831,
        0.8158967950426436,
        0.5535211677675576,
        0.8152807615280965,
        0.5713357545717613
    ],
    "PointLightsColor_a": [
        0.8772118191066391,
        0.5873138887191915,
        0.5098516800257904,
        0.598857700012172,
        0.8194955851274841,
        0.9507044616857929,
        0.9347211705455123,
        0.6494756106931612
    ],
    "same_PointLightsColor": false,
    "totalSpotLights": 4,
    "SpotLightsRadius": [
        13.76586024825456,
        7.834696221319598,
        18.614281387374838,
        18.615204442205645
    ],
    "SpotLightsPhi": [
        126.10458653095176,
        192.30096228067134,
        183.82218768467655,
        335.8429372614581
    ],
    "SpotLightsTheta": [
        85.222392627193,
        23.61761512445245,
        38.27702967012151,
        31.92487932031563
    ],
    "SpotLightsIntensity": [
        12.392387425767694,
        5.094812013840028,
        5.063137021445754,
        8.698426549306166
    ],
    "SpotLightsRange": [
        19.339343643270166,
        18.153040717476397,
        10.358252009600971,
        15.020724644236125
    ],
    "SpotLightsColor_r": [
        0.21839721367714515,
        0.21839721367714515,
        0.21839721367714515,
        0.21839721367714515
    ],
    "SpotLightsColor_g": [
        0.303019825604793,
        0.303019825604793,
        0.303019825604793,
        0.303019825604793
    ],
    "SpotLightsColor_b": [
        0.2036363834491982,
        0.2036363834491982,
        0.2036363834491982,
        0.2036363834491982
    ],
    "SpotLightsColor_a": [
        0.9580663474046598,
        0.9580663474046598,
        0.9580663474046598,
        0.9580663474046598
    ],
    "same_SpotLightsColor": true,
    "SpotAngle": [
        41.75529209194734,
        106.92480646982318,
        51.29110162301964,
        27.520230512021993
    ]
}