{
    "CameraRes_width": 520,
    "CameraRes_height": 520,
    "Camera_FieldofView": 80,
    "CameraRadius": 10.0,
    "CameraTheta": 63.879597661786796,
    "CameraPhi": 191.57834347678258,
    "CameraVerticalOffset": 0,
    "total_cuboids": 4,
    "scale": 0.7931710019715288,
    "same_scale": true,
    "total_branches": [
        1,
        2,
        1
    ],
    "same_theta": false,
    "theta": [
        6.230717075017621,
        79.5283275238047,
        39.06966387042436
    ],
    "phi": 341.52438046285874,
    "same_material": true,
    "r": 0.7211844865657547,
    "g": 0.022035345718672605,
    "b": 0.39418437339378687,
    "a": 0.794963860322361,
    "metallic": 0.6618541931361315,
    "smoothness": 0.4531484762746987,
    "DirectionalLightTheta": 40.966847373696034,
    "DirectionalLightIntensity": 0.23701174145843942,
    "totalPointLights": 11,
    "PointLightsRadius": [
        16.053655173003744,
        15.095596232386098,
        8.311004502430032,
        8.175573910154103,
        13.004377401181756,
        7.281729963176418,
        8.995315456394678,
        13.09778297325955,
        16.4113743402528,
        7.890501846807547,
        17.281918833025824
    ],
    "PointLightsPhi": [
        314.36923446127213,
        125.28620885198582,
        95.8562049591267,
        109.0513823745066,
        15.015329928423906,
        109.33279096684473,
        78.29247278412294,
        288.2407822322526,
        20.51403744029536,
        355.3579441092381,
        115.13227991816287
    ],
    "PointLightsTheta": [
        11.526663656491271,
        2.755851422439025,
        64.04496335083266,
        85.57540196757667,
        5.018949395773148,
        0.9876013963027785,
        86.98837515231021,
        61.44929568247196,
        18.26388398331305,
        1.9139817759423061,
        21.571149359678074
    ],
    "PointLightsIntensity": [
        10.150813109694068,
        16.355381491826975,
        16.459139762991235,
        9.235482791215336,
        16.704313172012178,
        10.441710372824968,
        7.799448055481392,
        12.455048609721604,
        15.403714884835027,
        11.604603568420394,
        13.224827839593926
    ],
    "PointLightsRange": [
        12.966902820538575,
        9.757732185824324,
        24.496159429463248,
        6.655313545733772,
        5.724755033610265,
        18.55861232050603,
        18.653810759221912,
        9.096582750256028,
        23.15813637303641,
        10.012453256837208,
        13.044782894149918
    ],
    "PointLightsColor_r": [
        0.392962211933515,
        0.392962211933515,
        0.392962211933515,
        0.392962211933515,
        0.392962211933515,
        0.392962211933515,
        0.392962211933515,
        0.392962211933515,
        0.392962211933515,
        0.392962211933515,
        0.392962211933515
    ],
    "PointLightsColor_g": [
        0.9080616071647584,
        0.9080616071647584,
        0.9080616071647584,
        0.9080616071647584,
        0.9080616071647584,
        0.9080616071647584,
        0.9080616071647584,
        0.9080616071647584,
        0.9080616071647584,
        0.9080616071647584,
        0.9080616071647584
    ],
    "PointLightsColor_b": [
        0.2677075517112891,
        0.2677075517112891,
        0.2677075517112891,
        0.2677075517112891,
        0.2677075517112891,
        0.2677075517112891,
        0.2677075517112891,
        0.2677075517112891,
        0.2677075517112891,
        0.2677075517112891,
        0.2677075517112891
    ],
    "PointLightsColor_a": [
        0.720939097661683,
        0.720939097661683,
        0.720939097661683,
        0.720939097661683,
        0.720939097661683,
        0.720939097661683,
        0.720939097661683,
        0.720939097661683,
        0.720939097661683,
        0.720939097661683,
        0.720939097661683
    ],
    "same_PointLightsColor": true,
    "totalSpotLights": 3,
    "SpotLightsRadius": [
        11.517870335505242,
        18.711490144169836,
        11.478459900299518
    ],
    "SpotLightsPhi": [
        98.94450383020259,
        104.1048181658111,
        172.7158975102454
    ],
    "SpotLightsTheta": [
        67.74722526305145,
        52.46006267167044,
        84.11816995003902
    ],
    "SpotLightsIntensity": [
        14.587494169473475,
        7.177663626619362,
        5.1957748626184515
    ],
    "SpotLightsRange": [
        20.582994290798624,
        5.9096344565877175,
        7.394029107450821
    ],
    "SpotLightsColor_r": [
        0.012345301356104232,
        0.012345301356104232,
        0.012345301356104232
    ],
    "SpotLightsColor_g": [
        0.7576341024513955,
        0.7576341024513955,
        0.7576341024513955
    ],
    "SpotLightsColor_b": [
        0.13051584009543582,
        0.13051584009543582,
        0.13051584009543582
    ],
    "SpotLightsColor_a": [
        0.6427492089850564,
        0.6427492089850564,
        0.6427492089850564
    ],
    "same_SpotLightsColor": true,
    "SpotAngle": [
        8.466129904779171,
        74.31060937323582,
        46.76258972508576
    ]
}