{
    "CameraRes_width": 520,
    "CameraRes_height": 520,
    "Camera_FieldofView": 80,
    "CameraRadius": 10.0,
    "CameraTheta": 80.09330954962229,
    "CameraPhi": 285.4915030896583,
    "CameraVerticalOffset": 0,
    "total_cuboids": 2,
    "scale": [
        3.210102699926506,
        3.0298892677418805
    ],
    "same_scale": false,
    "total_branches": [
        1
    ],
    "same_theta": false,
    "theta": [
        117.91952576567668
    ],
    "phi": 257.7335471836634,
    "same_material": false,
    "r": [
        0.6362667547947288,
        0.5695483008716066
    ],
    "g": [
        0.20011639808039472,
        0.6963204884946416
    ],
    "b": [
        0.370325363155505,
        0.9229667280204872
    ],
    "a": [
        0.6722660548441752,
        0.8080599559155232
    ],
    "metallic": [
        0.21682418833320038,
        0.9000820433610184
    ],
    "smoothness": [
        0.06960652701651004,
        0.006270391101441231
    ],
    "DirectionalLightTheta": 86.41981734337202,
    "DirectionalLightIntensity": 0.39073991004650377,
    "totalPointLights": 0,
    "PointLightsRadius": null,
    "PointLightsPhi": null,
    "PointLightsTheta": null,
    "PointLightsIntensity": null,
    "PointLightsRange": null,
    "PointLightsColor_r": null,
    "PointLightsColor_g": null,
    "PointLightsColor_b": null,
    "PointLightsColor_a": null,
    "same_PointLightsColor": null,
    "totalSpotLights": 0,
    "SpotLightsRadius": null,
    "SpotLightsPhi": null,
    "SpotLightsTheta": null,
    "SpotLightsIntensity": null,
    "SpotLightsRange": null,
    "SpotLightsColor_r": null,
    "SpotLightsColor_g": null,
    "SpotLightsColor_b": null,
    "SpotLightsColor_a": null,
    "same_SpotLightsColor": null,
    "SpotAngle": null
}