{
    "CameraRes_width": 520,
    "CameraRes_height": 520,
    "Camera_FieldofView": 80,
    "CameraRadius": 10.0,
    "CameraTheta": 89.04683523843823,
    "CameraPhi": 155.96427995661315,
    "CameraVerticalOffset": 0,
    "total_cuboids": 2,
    "scale": 3.4117124604201146,
    "same_scale": true,
    "total_branches": [
        1
    ],
    "same_theta": false,
    "theta": [
        75.91616625217097
    ],
    "phi": 68.9956507143046,
    "same_material": true,
    "r": 0.27591434332202236,
    "g": 0.6506504540158892,
    "b": 0.5448986107708106,
    "a": 0.684052088163842,
    "metallic": 0.3974418898763027,
    "smoothness": 0.29804144473924465,
    "DirectionalLightTheta": 8.22091904597089,
    "DirectionalLightIntensity": 0.5511252694666773,
    "totalPointLights": 9,
    "PointLightsRadius": [
        11.969644063810659,
        6.827650720227884,
        12.617803528475925,
        15.223120522571673,
        14.602165366666917,
        6.351537350137392,
        14.89812085960287,
        8.481970024076091,
        6.39795580508276
    ],
    "PointLightsPhi": [
        346.6576677654493,
        84.2326697130522,
        184.6379031359087,
        115.36257597983216,
        219.6953248197443,
        293.8015440655995,
        270.2416204876425,
        0.2951824744371745,
        199.79534075991734
    ],
    "PointLightsTheta": [
        59.10845604283205,
        25.706425940797814,
        46.956810733453636,
        61.26001693999761,
        76.71592135349245,
        79.53759925384658,
        20.99624447163996,
        67.77957747571207,
        77.17490490033805
    ],
    "PointLightsIntensity": [
        12.619846140042446,
        10.31161021496889,
        14.130189803708193,
        7.016021383470798,
        16.502272464334467,
        11.248289222785033,
        8.807131476009435,
        16.161184733617823,
        9.157896656498872
    ],
    "PointLightsRange": [
        5.072672699840764,
        16.90774588241755,
        5.861946048686912,
        10.936613397698252,
        19.70642825490338,
        10.145256263116023,
        18.72980770577629,
        16.200175307383912,
        24.355153573527385
    ],
    "PointLightsColor_r": [
        0.5453399617202912,
        0.8616438599451048,
        0.7054911545993815,
        0.5017750159244385,
        0.8365527681674484,
        0.9500162825210476,
        0.2598236254179277,
        0.19032771851828356,
        0.5419473021689629
    ],
    "PointLightsColor_g": [
        0.21458442349375229,
        0.5942925448797594,
        0.057563035874227175,
        0.4760071343506571,
        0.4837466089677588,
        0.62602397989217,
        0.9545033987130985,
        0.38859826839113487,
        0.47039039190460197
    ],
    "PointLightsColor_b": [
        0.22971776170991443,
        0.10155092581673286,
        0.37703739375332,
        0.07635809633393442,
        0.15492080901376382,
        0.2209233511835188,
        0.6056980535818343,
        0.2587219464855349,
        0.3099358357671007
    ],
    "PointLightsColor_a": [
        0.9151525983897577,
        0.9524644210097426,
        0.6790706566980012,
        0.86888035669675,
        0.5171027261688861,
        0.6327638554326436,
        0.5974770636430948,
        0.6493583664467584,
        0.7696995795561481
    ],
    "same_PointLightsColor": false,
    "totalSpotLights": 5,
    "SpotLightsRadius": [
        10.735052464701475,
        11.340001719152369,
        18.249332084077473,
        19.624581956103835,
        17.569458477495644
    ],
    "SpotLightsPhi": [
        115.76544554797673,
        179.97803900006323,
        60.23666336774695,
        244.34520344276422,
        288.3141582663826
    ],
    "SpotLightsTheta": [
        56.947841353018454,
        66.22233482598838,
        10.250252242098853,
        2.639430627593237,
        25.350585943241413
    ],
    "SpotLightsIntensity": [
        10.814944276084095,
        7.196175239209471,
        12.101963712320053,
        10.950986067942623,
        7.0822872578593445
    ],
    "SpotLightsRange": [
        5.467555611109891,
        6.653193099642634,
        14.83610832435893,
        9.109042541904952,
        16.258343521906767
    ],
    "SpotLightsColor_r": [
        0.43157696542274093,
        0.37425628484939233,
        0.6728996601913314,
        0.8369861706593139,
        0.6497362829726167
    ],
    "SpotLightsColor_g": [
        0.57079816748675,
        0.0572943389091769,
        0.21153770406775885,
        0.31220195182788824,
        0.6038302069056329
    ],
    "SpotLightsColor_b": [
        0.010996825598107107,
        0.2948225520909864,
        0.3817150839729184,
        0.2721739121336514,
        0.07787703325543316
    ],
    "SpotLightsColor_a": [
        0.8706004310879303,
        0.568313646297737,
        0.5788160107589985,
        0.5206396869158412,
        0.7185934829394526
    ],
    "same_SpotLightsColor": false,
    "SpotAngle": [
        14.848538477276236,
        15.71651561217131,
        111.74980323188127,
        30.807640847225795,
        15.893618419720426
    ]
}