{
    "CameraRes_width": 520,
    "CameraRes_height": 520,
    "Camera_FieldofView": 80,
    "CameraRadius": 10.0,
    "CameraTheta": 78.44537934104272,
    "CameraPhi": 297.04430002705766,
    "CameraVerticalOffset": 0,
    "total_cuboids": 2,
    "scale": [
        1.8817975838399963,
        0.7734695401682752
    ],
    "same_scale": false,
    "total_branches": [
        1
    ],
    "same_theta": false,
    "theta": [
        140.1149459858811
    ],
    "phi": 92.88961432074115,
    "same_material": false,
    "r": [
        0.11849207467707612,
        0.6620259403007533
    ],
    "g": [
        0.7252981829280978,
        0.45629376073560124
    ],
    "b": [
        0.8135416268858584,
        0.938405679389772
    ],
    "a": [
        0.671172991062072,
        0.9528810613754808
    ],
    "metallic": [
        0.8153481504724206,
        0.3775786679008756
    ],
    "smoothness": [
        0.785875584013878,
        0.6835084408148556
    ],
    "DirectionalLightTheta": 87.69462653719569,
    "DirectionalLightIntensity": 0.36897791156012627,
    "totalPointLights": 0,
    "PointLightsRadius": null,
    "PointLightsPhi": null,
    "PointLightsTheta": null,
    "PointLightsIntensity": null,
    "PointLightsRange": null,
    "PointLightsColor_r": null,
    "PointLightsColor_g": null,
    "PointLightsColor_b": null,
    "PointLightsColor_a": null,
    "same_PointLightsColor": null,
    "totalSpotLights": 0,
    "SpotLightsRadius": null,
    "SpotLightsPhi": null,
    "SpotLightsTheta": null,
    "SpotLightsIntensity": null,
    "SpotLightsRange": null,
    "SpotLightsColor_r": null,
    "SpotLightsColor_g": null,
    "SpotLightsColor_b": null,
    "SpotLightsColor_a": null,
    "same_SpotLightsColor": null,
    "SpotAngle": null
}