{
    "CameraRes_width": 520,
    "CameraRes_height": 520,
    "Camera_FieldofView": 80,
    "CameraRadius": 10.0,
    "CameraTheta": 89.8693926822937,
    "CameraPhi": 194.27382250822563,
    "CameraVerticalOffset": 0,
    "total_cuboids": 2,
    "scale": 0.5997441823476906,
    "same_scale": true,
    "total_branches": [
        1
    ],
    "same_theta": false,
    "theta": [
        111.16965606880969
    ],
    "phi": 92.16693547484435,
    "same_material": false,
    "r": [
        0.5768575619510475,
        0.0469964865987712
    ],
    "g": [
        0.6035699766378624,
        0.22042855778098935
    ],
    "b": [
        0.8386785699790221,
        0.10376117295170573
    ],
    "a": [
        0.7980086807836011,
        0.6193644583399796
    ],
    "metallic": [
        0.9128855367839057,
        0.028806724340874168
    ],
    "smoothness": [
        0.8695333792246613,
        0.9752794886209432
    ],
    "DirectionalLightTheta": 85.68809442578716,
    "DirectionalLightIntensity": 0.5322566936677647,
    "totalPointLights": 0,
    "PointLightsRadius": null,
    "PointLightsPhi": null,
    "PointLightsTheta": null,
    "PointLightsIntensity": null,
    "PointLightsRange": null,
    "PointLightsColor_r": null,
    "PointLightsColor_g": null,
    "PointLightsColor_b": null,
    "PointLightsColor_a": null,
    "same_PointLightsColor": null,
    "totalSpotLights": 0,
    "SpotLightsRadius": null,
    "SpotLightsPhi": null,
    "SpotLightsTheta": null,
    "SpotLightsIntensity": null,
    "SpotLightsRange": null,
    "SpotLightsColor_r": null,
    "SpotLightsColor_g": null,
    "SpotLightsColor_b": null,
    "SpotLightsColor_a": null,
    "same_SpotLightsColor": null,
    "SpotAngle": null
}