{
    "CameraRes_width": 520,
    "CameraRes_height": 520,
    "Camera_FieldofView": 80,
    "CameraRadius": 10.0,
    "CameraTheta": 72.96410706799072,
    "CameraPhi": 115.95121214405548,
    "CameraVerticalOffset": 0,
    "total_cuboids": 2,
    "scale": [
        2.7843749974600054,
        3.7069252688106964
    ],
    "same_scale": false,
    "total_branches": [
        1
    ],
    "same_theta": false,
    "theta": [
        152.70714391988272
    ],
    "phi": 299.9169443945855,
    "same_material": false,
    "r": [
        0.31516229132776297,
        0.9971029098458888
    ],
    "g": [
        0.23506312563616072,
        0.8855621316286707
    ],
    "b": [
        0.9562313015532145,
        0.4549450684350185
    ],
    "a": [
        0.736470815062561,
        0.6982843164625645
    ],
    "metallic": [
        0.030796555481788168,
        0.9396941502652438
    ],
    "smoothness": [
        0.7378553628283313,
        0.27383466757611064
    ],
    "DirectionalLightTheta": 89.82100698084125,
    "DirectionalLightIntensity": 0.12085960470539617,
    "totalPointLights": 0,
    "PointLightsRadius": null,
    "PointLightsPhi": null,
    "PointLightsTheta": null,
    "PointLightsIntensity": null,
    "PointLightsRange": null,
    "PointLightsColor_r": null,
    "PointLightsColor_g": null,
    "PointLightsColor_b": null,
    "PointLightsColor_a": null,
    "same_PointLightsColor": null,
    "totalSpotLights": 0,
    "SpotLightsRadius": null,
    "SpotLightsPhi": null,
    "SpotLightsTheta": null,
    "SpotLightsIntensity": null,
    "SpotLightsRange": null,
    "SpotLightsColor_r": null,
    "SpotLightsColor_g": null,
    "SpotLightsColor_b": null,
    "SpotLightsColor_a": null,
    "same_SpotLightsColor": null,
    "SpotAngle": null
}