{
    "CameraRes_width": 520,
    "CameraRes_height": 520,
    "Camera_FieldofView": 80,
    "CameraRadius": 10.0,
    "CameraTheta": 86.37876734479264,
    "CameraPhi": 24.361565351498577,
    "CameraVerticalOffset": 0,
    "total_cuboids": 3,
    "scale": [
        3.749834287269446,
        2.883971457876232,
        0.5282256193261561
    ],
    "same_scale": false,
    "total_branches": [
        1,
        1
    ],
    "same_theta": true,
    "theta": [
        43.96492168401163
    ],
    "phi": 115.57060354304795,
    "same_material": false,
    "r": [
        0.9046440954093208,
        0.2809963834240974,
        0.7793474746900341
    ],
    "g": [
        0.5228699582175249,
        0.17328201770736495,
        0.4325687601984184
    ],
    "b": [
        0.9961200601578325,
        0.592557602384764,
        0.08136328523731395
    ],
    "a": [
        0.5850084504912865,
        0.792356023442804,
        0.6222673809665533
    ],
    "metallic": [
        0.003376929420090713,
        0.47352644014335155,
        0.7198594576781724
    ],
    "smoothness": [
        0.4819125317602061,
        0.35171442615893467,
        0.8221774531430082
    ],
    "DirectionalLightTheta": 19.05886583403904,
    "DirectionalLightIntensity": 0.2470250454590073,
    "totalPointLights": 10,
    "PointLightsRadius": [
        18.010291049513796,
        8.655779847041401,
        15.11362940847344,
        18.818369798952606,
        8.69066220789595,
        17.12915385173449,
        17.761504994800326,
        5.6519945811487275,
        10.489677246412281,
        10.390497932588698
    ],
    "PointLightsPhi": [
        85.89254222285952,
        12.5934123633874,
        267.693878311717,
        250.80058989860208,
        275.52495183007215,
        211.67400959076724,
        317.50619946218876,
        52.817979690039905,
        75.36561989383159,
        43.88191284569534
    ],
    "PointLightsTheta": [
        48.52450157294509,
        65.4667315963464,
        11.229916497307338,
        0.16640899027011935,
        21.279366114117806,
        45.88933300455472,
        67.57970597185104,
        0.3332478956209539,
        89.09264200211626,
        36.18024012992323
    ],
    "PointLightsIntensity": [
        10.002865556098397,
        11.390363754158422,
        14.11293340186742,
        9.837594703386774,
        9.059032587179644,
        14.396030307209257,
        7.886943793315055,
        14.563032546575366,
        16.290208336117125,
        16.296105579575887
    ],
    "PointLightsRange": [
        18.498581877246927,
        10.965814437688582,
        23.050205746447528,
        14.922895553037796,
        11.57512585628014,
        18.767563118007107,
        22.238992648830152,
        10.787935071635557,
        16.287969041318046,
        9.026138108145824
    ],
    "PointLightsColor_r": [
        0.49334238532174557,
        0.7386274015380282,
        0.5613364201572005,
        0.6391607837682314,
        0.8420045309808871,
        0.6706384294542246,
        0.2758209275193866,
        0.06868400965693966,
        0.7468624365956056,
        0.773035503170269
    ],
    "PointLightsColor_g": [
        0.3225021874914894,
        0.9835720642279868,
        0.00664144623934082,
        0.8423919848760999,
        0.13597457763056842,
        0.2628129775775381,
        0.8950846419275292,
        0.10374896046617721,
        0.11952427862828852,
        0.14917719344725922
    ],
    "PointLightsColor_b": [
        0.3352669851324528,
        0.2825249184115204,
        0.6520744329815074,
        0.8429192194879556,
        0.525685290182685,
        0.6514250026785191,
        0.894764251310902,
        0.6463856359819474,
        0.20013106538789183,
        0.9443045502056789
    ],
    "PointLightsColor_a": [
        0.5860311806998364,
        0.7338784492907342,
        0.8178676453998603,
        0.7607808295215917,
        0.6775488193760675,
        0.7147030962469579,
        0.6059083385234959,
        0.5064898013389736,
        0.5728395681874525,
        0.9761868764719671
    ],
    "same_PointLightsColor": false,
    "totalSpotLights": 3,
    "SpotLightsRadius": [
        15.945536264386856,
        14.875689719153797,
        10.891206825247986
    ],
    "SpotLightsPhi": [
        204.5839982775767,
        59.528865985779575,
        152.51623669107443
    ],
    "SpotLightsTheta": [
        13.720497530490261,
        66.07843338680867,
        48.92127312074413
    ],
    "SpotLightsIntensity": [
        7.3722179804157895,
        10.526382550301946,
        8.586841042418502
    ],
    "SpotLightsRange": [
        13.648052640000941,
        15.302317779142063,
        11.161992036964865
    ],
    "SpotLightsColor_r": [
        0.5675002944193328,
        0.5675002944193328,
        0.5675002944193328
    ],
    "SpotLightsColor_g": [
        0.7413075505119203,
        0.7413075505119203,
        0.7413075505119203
    ],
    "SpotLightsColor_b": [
        0.5287141454167009,
        0.5287141454167009,
        0.5287141454167009
    ],
    "SpotLightsColor_a": [
        0.8924475767047542,
        0.8924475767047542,
        0.8924475767047542
    ],
    "same_SpotLightsColor": true,
    "SpotAngle": [
        77.53421389712626,
        46.60922104651274,
        20.73471667197186
    ]
}