{
    "CameraRes_width": 520,
    "CameraRes_height": 520,
    "Camera_FieldofView": 80,
    "CameraRadius": 10.0,
    "CameraTheta": 84.13486656424203,
    "CameraPhi": 254.45701105082398,
    "CameraVerticalOffset": 0,
    "total_cuboids": 2,
    "scale": [
        3.369892390413718,
        3.576859968734431
    ],
    "same_scale": false,
    "total_branches": [
        1
    ],
    "same_theta": true,
    "theta": [
        35.759364225296714
    ],
    "phi": 139.9295117137479,
    "same_material": true,
    "r": 0.3531255021835754,
    "g": 0.595114866380331,
    "b": 0.11168034695423634,
    "a": 0.7375446846466917,
    "metallic": 0.7310235428463226,
    "smoothness": 0.5515600526423582,
    "DirectionalLightTheta": 6.072133345150112,
    "DirectionalLightIntensity": 0.276782756466463,
    "totalPointLights": 9,
    "PointLightsRadius": [
        14.990068842296148,
        9.256193682288593,
        18.561422768606974,
        5.556040355790587,
        12.668179087885072,
        19.969303673484767,
        8.670971122078317,
        9.001369006470323,
        12.51100905725521
    ],
    "PointLightsPhi": [
        97.8177652673742,
        288.885049136411,
        57.94409901330474,
        237.53227024695047,
        8.773087294099708,
        80.76739141689188,
        196.9974452223451,
        310.8850588611101,
        257.12487808395235
    ],
    "PointLightsTheta": [
        81.49871452361,
        72.81483460084425,
        57.937422553114416,
        54.183871696105015,
        26.89931879013708,
        55.38164489895751,
        2.5423131045276417,
        89.7235391004208,
        89.56136787617433
    ],
    "PointLightsIntensity": [
        15.180174598779136,
        14.146958086579273,
        15.625791445501958,
        11.431667703156085,
        10.495915949977709,
        15.803823532970744,
        10.147997545064548,
        16.838818318405686,
        15.249123945840498
    ],
    "PointLightsRange": [
        24.881184959618363,
        19.52379411568468,
        9.13812009941384,
        18.836855880158332,
        9.508319289955136,
        14.174726510955837,
        10.261788072491038,
        8.408511672359051,
        19.641678477653027
    ],
    "PointLightsColor_r": [
        0.8576694615127052,
        0.32807728687216053,
        0.002477254682451524,
        0.7368165344910043,
        0.0781191632092062,
        0.08433346281629439,
        0.2974102986512337,
        0.5169751471235815,
        0.09571273765900157
    ],
    "PointLightsColor_g": [
        0.704240660524587,
        0.9209371430563136,
        0.5648629244676482,
        0.01806223768624249,
        0.6406442206669823,
        0.36298170765872595,
        0.4493460736311856,
        0.9096103090589303,
        0.2725418732136584
    ],
    "PointLightsColor_b": [
        0.13690935416941585,
        0.5952249595436093,
        0.4603458468173215,
        0.8512953920175281,
        0.4082556872659,
        0.09887607857171254,
        0.5216220696997796,
        0.3026804164407465,
        0.5047587349493253
    ],
    "PointLightsColor_a": [
        0.5669543346337313,
        0.9120925794002228,
        0.8140588556123936,
        0.8187435316122215,
        0.7367602150518751,
        0.839575142386941,
        0.6471856604916904,
        0.7845881751483534,
        0.6824667093472419
    ],
    "same_PointLightsColor": false,
    "totalSpotLights": 5,
    "SpotLightsRadius": [
        13.519855521077169,
        12.670050766082735,
        6.393555468681539,
        7.270158372053155,
        15.123864891306692
    ],
    "SpotLightsPhi": [
        55.090904648138796,
        317.4119371393384,
        325.950294082651,
        175.78867831883056,
        54.86500231571206
    ],
    "SpotLightsTheta": [
        84.77385690014968,
        53.553449356116495,
        41.1283642629183,
        20.356146301790407,
        33.95941600752195
    ],
    "SpotLightsIntensity": [
        7.483751086196705,
        10.670867167233885,
        13.001238969323914,
        13.156588429179628,
        8.3963394830878
    ],
    "SpotLightsRange": [
        12.639149381716834,
        21.025769628758805,
        21.60450827153207,
        21.608490645429377,
        24.3579321482363
    ],
    "SpotLightsColor_r": [
        0.2368903096264513,
        0.2368903096264513,
        0.2368903096264513,
        0.2368903096264513,
        0.2368903096264513
    ],
    "SpotLightsColor_g": [
        0.25285556813685983,
        0.25285556813685983,
        0.25285556813685983,
        0.25285556813685983,
        0.25285556813685983
    ],
    "SpotLightsColor_b": [
        0.42593289247882293,
        0.42593289247882293,
        0.42593289247882293,
        0.42593289247882293,
        0.42593289247882293
    ],
    "SpotLightsColor_a": [
        0.7977719223977046,
        0.7977719223977046,
        0.7977719223977046,
        0.7977719223977046,
        0.7977719223977046
    ],
    "same_SpotLightsColor": true,
    "SpotAngle": [
        14.730367727559198,
        76.22168366753125,
        16.97942310800054,
        37.96304711755534,
        43.46276440187811
    ]
}