{
    "CameraRes_width": 520,
    "CameraRes_height": 520,
    "Camera_FieldofView": 80,
    "CameraRadius": 10.0,
    "CameraTheta": 89.51760107155904,
    "CameraPhi": 171.44920026439897,
    "CameraVerticalOffset": 0,
    "total_cuboids": 2,
    "scale": [
        1.3662758672210584,
        1.3120865291261574
    ],
    "same_scale": false,
    "total_branches": [
        1
    ],
    "same_theta": false,
    "theta": [
        119.43736282186435
    ],
    "phi": 137.95902405287734,
    "same_material": false,
    "r": [
        0.3897080600487578,
        0.7728198358777321
    ],
    "g": [
        0.6136804509306824,
        0.10761953216781506
    ],
    "b": [
        0.5872413571977507,
        0.7998085726634993
    ],
    "a": [
        0.6040766879041986,
        0.5462512432461122
    ],
    "metallic": [
        0.0825116986048573,
        0.4112046899029227
    ],
    "smoothness": [
        0.31775305888201644,
        0.33546070403749706
    ],
    "DirectionalLightTheta": 83.03188882977422,
    "DirectionalLightIntensity": 0.7168287581944297,
    "totalPointLights": 0,
    "PointLightsRadius": null,
    "PointLightsPhi": null,
    "PointLightsTheta": null,
    "PointLightsIntensity": null,
    "PointLightsRange": null,
    "PointLightsColor_r": null,
    "PointLightsColor_g": null,
    "PointLightsColor_b": null,
    "PointLightsColor_a": null,
    "same_PointLightsColor": null,
    "totalSpotLights": 0,
    "SpotLightsRadius": null,
    "SpotLightsPhi": null,
    "SpotLightsTheta": null,
    "SpotLightsIntensity": null,
    "SpotLightsRange": null,
    "SpotLightsColor_r": null,
    "SpotLightsColor_g": null,
    "SpotLightsColor_b": null,
    "SpotLightsColor_a": null,
    "same_SpotLightsColor": null,
    "SpotAngle": null
}