{
    "CameraRes_width": 520,
    "CameraRes_height": 520,
    "Camera_FieldofView": 80,
    "CameraRadius": 10.0,
    "CameraTheta": 79.93635333388247,
    "CameraPhi": 228.73878095176693,
    "CameraVerticalOffset": 0,
    "total_cuboids": 2,
    "scale": [
        0.8583421416810912,
        2.1524701128046626
    ],
    "same_scale": false,
    "total_branches": [
        1
    ],
    "same_theta": false,
    "theta": [
        29.097477715045773
    ],
    "phi": 142.58706844898586,
    "same_material": false,
    "r": [
        0.03596824122060782,
        0.7291641704985901
    ],
    "g": [
        0.40377932734974686,
        0.8025588497102246
    ],
    "b": [
        0.3651124340097204,
        0.6208670158776545
    ],
    "a": [
        0.7607255249427792,
        0.5445973267516862
    ],
    "metallic": [
        0.6428121772839945,
        0.5471696333319578
    ],
    "smoothness": [
        0.7671949371543446,
        0.15413514005274187
    ],
    "DirectionalLightTheta": 89.29178935531364,
    "DirectionalLightIntensity": 0.10000856467378563,
    "totalPointLights": 0,
    "PointLightsRadius": null,
    "PointLightsPhi": null,
    "PointLightsTheta": null,
    "PointLightsIntensity": null,
    "PointLightsRange": null,
    "PointLightsColor_r": null,
    "PointLightsColor_g": null,
    "PointLightsColor_b": null,
    "PointLightsColor_a": null,
    "same_PointLightsColor": null,
    "totalSpotLights": 0,
    "SpotLightsRadius": null,
    "SpotLightsPhi": null,
    "SpotLightsTheta": null,
    "SpotLightsIntensity": null,
    "SpotLightsRange": null,
    "SpotLightsColor_r": null,
    "SpotLightsColor_g": null,
    "SpotLightsColor_b": null,
    "SpotLightsColor_a": null,
    "same_SpotLightsColor": null,
    "SpotAngle": null
}