{
    "CameraRes_width": 520,
    "CameraRes_height": 520,
    "Camera_FieldofView": 80,
    "CameraRadius": 10.0,
    "CameraTheta": 61.367318573156865,
    "CameraPhi": 69.924011717236,
    "CameraVerticalOffset": 0,
    "total_cuboids": 4,
    "scale": [
        0.8964816816880935,
        1.7251327245142525,
        2.083964518369901,
        2.6617382809415044
    ],
    "same_scale": false,
    "total_branches": [
        1,
        1,
        1
    ],
    "same_theta": true,
    "theta": [
        48.79225495051731
    ],
    "phi": 322.8512232828138,
    "same_material": true,
    "r": 0.9087997946262003,
    "g": 0.9824258053826525,
    "b": 0.2734650841579802,
    "a": 0.6443826502441029,
    "metallic": 0.11532242880179433,
    "smoothness": 0.8497916069393546,
    "DirectionalLightTheta": 64.81723026887846,
    "DirectionalLightIntensity": 0.1924860573495876,
    "totalPointLights": 9,
    "PointLightsRadius": [
        17.273553634629607,
        10.204413725694653,
        13.012713835489992,
        5.4254008609738165,
        19.905736694427688,
        8.836689949306702,
        7.730636011434446,
        10.723613588097352,
        16.235471732333444
    ],
    "PointLightsPhi": [
        59.20712745093727,
        3.1225834012516573,
        296.87348551475975,
        90.03357822988978,
        144.1812493862712,
        200.53154820204304,
        211.01818790861176,
        299.41174093803716,
        334.51120408820844
    ],
    "PointLightsTheta": [
        16.894128809045984,
        0.32713812733082714,
        20.20823998683159,
        56.34369775843327,
        10.841986287266147,
        45.25735164199408,
        81.0528058482253,
        51.257688250035685,
        3.7552139214750433
    ],
    "PointLightsIntensity": [
        8.899984320233592,
        9.387848265440915,
        10.712790472235046,
        13.378216412049031,
        11.074208633498433,
        16.39910062390934,
        8.808973404732072,
        15.876309274003638,
        8.312132276151377
    ],
    "PointLightsRange": [
        22.665171399992325,
        12.799354326972692,
        23.320446137901193,
        23.139672218528005,
        5.3350914439219395,
        23.37620161629331,
        9.617268278141742,
        6.291643304696601,
        11.961929272297203
    ],
    "PointLightsColor_r": [
        0.6531900738907309,
        0.43099678408904774,
        0.9165946870131177,
        0.8981695846261681,
        0.500763047692221,
        0.940841227232232,
        0.719039155836963,
        0.013307643703846739,
        0.32984082592142683
    ],
    "PointLightsColor_g": [
        0.8468444359734523,
        0.45145152435293423,
        0.2935154184863782,
        0.459247179608938,
        0.3539053497759803,
        0.17463841745649955,
        0.0054528854721141995,
        0.7414146873570959,
        0.28830245013858147
    ],
    "PointLightsColor_b": [
        0.9831356071984908,
        0.6656799463564655,
        0.45360379603300016,
        0.9630116365423464,
        0.510230595203734,
        0.35354906957025356,
        0.5937046449420481,
        0.3704898864110103,
        0.8510990063601986
    ],
    "PointLightsColor_a": [
        0.7111483675047733,
        0.6956556474054121,
        0.7496862488341234,
        0.7360706589474271,
        0.8336457806155307,
        0.9680453590953599,
        0.7608177676513201,
        0.9597589663592249,
        0.9312423439366351
    ],
    "same_PointLightsColor": false,
    "totalSpotLights": 5,
    "SpotLightsRadius": [
        13.45527294609234,
        7.049944342773027,
        15.378873999112535,
        6.290979080862984,
        14.240959495558826
    ],
    "SpotLightsPhi": [
        44.68175260227952,
        109.95969628703872,
        160.7171078677647,
        296.05747925860726,
        198.40800883869846
    ],
    "SpotLightsTheta": [
        24.751662902646363,
        30.32215152203007,
        51.10845951748259,
        20.23441621491453,
        73.66475740189597
    ],
    "SpotLightsIntensity": [
        5.99964111220663,
        12.377885432869624,
        8.470911016735428,
        10.986987063683616,
        11.537852289901732
    ],
    "SpotLightsRange": [
        17.056654507530816,
        16.735569483703834,
        8.895705521289655,
        5.206790489879465,
        6.568166555565343
    ],
    "SpotLightsColor_r": [
        0.3147141529243713,
        0.9241363989366842,
        0.3889278258519503,
        0.7996420108980473,
        0.5031329581091828
    ],
    "SpotLightsColor_g": [
        0.21084658445234272,
        0.18518003444836473,
        0.268371330160054,
        0.7748244007514435,
        0.5576638224854702
    ],
    "SpotLightsColor_b": [
        0.5013712487521665,
        0.6007662275797008,
        0.4727690391443685,
        0.9211656261609107,
        0.5009165844029313
    ],
    "SpotLightsColor_a": [
        0.5413895136919888,
        0.8830879237098712,
        0.5306176187181824,
        0.9575524256694385,
        0.8642120332920461
    ],
    "same_SpotLightsColor": false,
    "SpotAngle": [
        63.40170185625488,
        118.11998083413222,
        18.856777748139738,
        92.1833040661542,
        53.035538643496196
    ]
}