{
    "CameraRes_width": 520,
    "CameraRes_height": 520,
    "Camera_FieldofView": 80,
    "CameraRadius": 10.0,
    "CameraTheta": 65.38460681380242,
    "CameraPhi": 48.08668964100042,
    "CameraVerticalOffset": 0,
    "total_cuboids": 4,
    "scale": 1.5929493978588205,
    "same_scale": true,
    "total_branches": [
        1,
        1,
        1
    ],
    "same_theta": false,
    "theta": [
        24.279200899459052,
        36.279353901972506,
        65.67688456316412
    ],
    "phi": 150.60657832727878,
    "same_material": false,
    "r": [
        0.7935318319742501,
        0.06080782279398711,
        0.9429083700757179,
        0.6552617203647016
    ],
    "g": [
        0.2671857006559054,
        0.36132133688986545,
        0.9492657456973022,
        0.6880090178255744
    ],
    "b": [
        0.6934508321842933,
        0.003704570601165247,
        0.7202107864496683,
        0.2803533397608584
    ],
    "a": [
        0.6533131061729933,
        0.8681620348796214,
        0.7297728667631593,
        0.9479596868496416
    ],
    "metallic": [
        0.11621241844804031,
        0.7247217716508256,
        0.6671158285495165,
        0.10772846535657743
    ],
    "smoothness": [
        0.06830178575034496,
        0.9329877461433359,
        0.8340174467365903,
        0.04621190249192708
    ],
    "DirectionalLightTheta": 89.55110493351239,
    "DirectionalLightIntensity": 0.292329444752913,
    "totalPointLights": 9,
    "PointLightsRadius": [
        8.889827646575542,
        10.773274448028651,
        18.65957255447774,
        14.080861070974366,
        13.630730881136445,
        16.346305855053895,
        8.809886410056722,
        12.11529437757249,
        6.003469219413811
    ],
    "PointLightsPhi": [
        54.15301091535371,
        213.98371290588918,
        50.95967536838764,
        261.8603532785775,
        187.7884003536518,
        115.6635192361616,
        157.10846757800363,
        117.97096345853834,
        38.217995270489155
    ],
    "PointLightsTheta": [
        79.56001975543393,
        86.69524410335848,
        67.71811627123645,
        16.522594141636425,
        54.60569107117976,
        38.87842115050521,
        31.06197158625739,
        59.555356548160745,
        83.59849211743744
    ],
    "PointLightsIntensity": [
        12.20057936383724,
        12.372259358792302,
        8.399463485536687,
        10.494859566912165,
        10.32081555889243,
        8.046145608024084,
        7.406310376729908,
        15.22750735248571,
        15.75655927669362
    ],
    "PointLightsRange": [
        14.16935088479766,
        10.381844705337063,
        24.753239536542914,
        12.090563809209645,
        19.630631497898737,
        18.134390068194953,
        9.240012018264181,
        15.932990770892703,
        13.650158211399843
    ],
    "PointLightsColor_r": [
        0.8712259700056108,
        0.8712259700056108,
        0.8712259700056108,
        0.8712259700056108,
        0.8712259700056108,
        0.8712259700056108,
        0.8712259700056108,
        0.8712259700056108,
        0.8712259700056108
    ],
    "PointLightsColor_g": [
        0.1369076477082377,
        0.1369076477082377,
        0.1369076477082377,
        0.1369076477082377,
        0.1369076477082377,
        0.1369076477082377,
        0.1369076477082377,
        0.1369076477082377,
        0.1369076477082377
    ],
    "PointLightsColor_b": [
        0.43457051535635804,
        0.43457051535635804,
        0.43457051535635804,
        0.43457051535635804,
        0.43457051535635804,
        0.43457051535635804,
        0.43457051535635804,
        0.43457051535635804,
        0.43457051535635804
    ],
    "PointLightsColor_a": [
        0.7762242630226797,
        0.7762242630226797,
        0.7762242630226797,
        0.7762242630226797,
        0.7762242630226797,
        0.7762242630226797,
        0.7762242630226797,
        0.7762242630226797,
        0.7762242630226797
    ],
    "same_PointLightsColor": true,
    "totalSpotLights": 5,
    "SpotLightsRadius": [
        17.802740455036687,
        18.33157946369227,
        13.0182494320635,
        15.172421039933413,
        19.965466859500758
    ],
    "SpotLightsPhi": [
        27.18941421176499,
        307.20725949069833,
        131.31361009247217,
        153.51722416689776,
        271.0590769483259
    ],
    "SpotLightsTheta": [
        31.435432724051704,
        12.947273977126233,
        75.78271659018861,
        66.27123975910216,
        14.290867331112603
    ],
    "SpotLightsIntensity": [
        11.871127021479968,
        13.952441101104213,
        9.702214131639114,
        7.938391719898036,
        9.329313591883007
    ],
    "SpotLightsRange": [
        7.561853329446162,
        20.617740988375033,
        10.23520252306946,
        17.56313071774347,
        9.211897029522301
    ],
    "SpotLightsColor_r": [
        0.6031223794286286,
        0.6031223794286286,
        0.6031223794286286,
        0.6031223794286286,
        0.6031223794286286
    ],
    "SpotLightsColor_g": [
        0.9490294973156193,
        0.9490294973156193,
        0.9490294973156193,
        0.9490294973156193,
        0.9490294973156193
    ],
    "SpotLightsColor_b": [
        0.07191142710399201,
        0.07191142710399201,
        0.07191142710399201,
        0.07191142710399201,
        0.07191142710399201
    ],
    "SpotLightsColor_a": [
        0.9002546837837597,
        0.9002546837837597,
        0.9002546837837597,
        0.9002546837837597,
        0.9002546837837597
    ],
    "same_SpotLightsColor": true,
    "SpotAngle": [
        59.72041171999647,
        54.32833139399977,
        32.215778116613095,
        80.81406058658219,
        38.89683785583371
    ]
}