{"totalSegments": 11, "scale": [1.579002726873736, 2.6581424449666313, 1.7586781620841725, 1.3031847906350051, 2.9310420986769756, 0.6039372644087599, 1.6161648401825506, 3.4358697665752946, 3.2138381592262264, 0.7337825224464593, 2.1166189119691885], "same_scale": false, "totalArms_Segment": [1, 1, 1, 1, 1, 1, 1, 1, 1, 2], "same_theta": true, "theta": [7.621419313322892], "phi": 318.69791461627887, "same_material": true, "r": 0.6860751948214361, "g": 0.2077009357428633, "b": 0.1434271905074085, "a": 0.9969621972328387, "metallic": 0.45603829240104665, "smoothness": 0.1933283554367341, "DirectionalLightTheta": 27.409204912124785, "DirectionalLightIntensity": 0.5141280881522386, "totalPointLights": 0, "PointLightsRadius": null, "PointLightsPhi": null, "PointLightsTheta": null, "PointLightsIntensity": null, "PointLightsRange": null, "PointLightsColor_r": null, "PointLightsColor_g": null, "PointLightsColor_b": null, "PointLightsColor_a": null, "same_PointLightsColor": null, "totalSpotLights": 0, "SpotLightsRadius": null, "SpotLightsPhi": null, "SpotLightsTheta": null, "SpotLightsIntensity": null, "SpotLightsRange": null, "SpotLightsColor_r": null, "SpotLightsColor_g": null, "SpotLightsColor_b": null, "SpotLightsColor_a": null, "same_SpotLightsColor": null, "SpotAngle": null, "CameraRes_width": 640, "CameraRes_height": 480, "Camera_FieldofView": 80, "CameraRadius": 13, "CameraTheta": 90, "CameraPhi": 0, "CameraVerticalOffset": 0}