{"CameraRes_width": 520, "CameraRes_height": 520, "Camera_FieldofView": 80, "CameraRadius": 10.0, "CameraTheta": 40.29604450071086, "CameraPhi": 72.90740607154764, "CameraVerticalOffset": 0, "total_cuboids": 4, "scale": [1.0355111144937785, 2.850797258585592, 3.84240278143975, 0.5813844770459274], "same_scale": false, "total_branches": [1, 1, 1], "same_theta": true, "theta": [54.373345715621866], "phi": 222.58792658092196, "same_material": true, "r": 0.6634151755469337, "g": 0.2969681437734969, "b": 0.347350246840773, "a": 0.7331395595479095, "metallic": 0.09825977362531779, "smoothness": 0.8449782135292914, "DirectionalLightTheta": 17.940463435938607, "DirectionalLightIntensity": 1.5942051374130526, "totalPointLights": 11, "PointLightsRadius": [17.820118408823355, 16.47318132434228, 8.082053043391337, 14.292206940724922, 17.979131345113608, 17.7364295081574, 14.407405701415202, 16.366353829679987, 17.83554201531997, 6.351284203036458, 19.312427610777867], "PointLightsPhi": [2.508083001665784, 137.3256310233018, 289.12636117286354, 242.73381207963226, 96.38819195195082, 90.79332134107447, 204.88632520445117, 276.99052095594794, 164.03410829021635, 241.52314865219262, 192.9644880463229], "PointLightsTheta": [54.41358230164581, 48.64073251037831, 29.158404665480557, 58.37749146226551, 25.87274992512125, 42.94373926820797, 28.992151324326485, 6.938221387560953, 82.57870331823325, 71.03981189810519, 66.97595782525104], "PointLightsIntensity": [8.597870770551852, 14.575338205264659, 7.473928503899671, 14.206571211980581, 16.307699597785472, 14.296021251980054, 8.945933685232694, 12.230823489241597, 14.440525234750847, 16.314761690766986, 16.954597209488877], "PointLightsRange": [20.793313550081123, 7.5534736345244635, 12.61526786782477, 20.942163541982424, 17.247171770825314, 9.931847577750453, 11.39659950804713, 5.656316801982579, 12.290193810891125, 15.80052572656371, 16.910300297634123], "PointLightsColor_r": [0.8434615784697277, 0.8434615784697277, 0.8434615784697277, 0.8434615784697277, 0.8434615784697277, 0.8434615784697277, 0.8434615784697277, 0.8434615784697277, 0.8434615784697277, 0.8434615784697277, 0.8434615784697277], "PointLightsColor_g": [0.7955805172328486, 0.7955805172328486, 0.7955805172328486, 0.7955805172328486, 0.7955805172328486, 0.7955805172328486, 0.7955805172328486, 0.7955805172328486, 0.7955805172328486, 0.7955805172328486, 0.7955805172328486], "PointLightsColor_b": [0.05513707142594437, 0.05513707142594437, 0.05513707142594437, 0.05513707142594437, 0.05513707142594437, 0.05513707142594437, 0.05513707142594437, 0.05513707142594437, 0.05513707142594437, 0.05513707142594437, 0.05513707142594437], "PointLightsColor_a": [0.7748223119663432, 0.7748223119663432, 0.7748223119663432, 0.7748223119663432, 0.7748223119663432, 0.7748223119663432, 0.7748223119663432, 0.7748223119663432, 0.7748223119663432, 0.7748223119663432, 0.7748223119663432], "same_PointLightsColor": true, "totalSpotLights": 4, "SpotLightsRadius": [15.126775090134085, 5.990977838060429, 15.917757306405209, 12.028223111957661], "SpotLightsPhi": [295.26223584250727, 72.95840480903392, 205.57355221406246, 216.6543482460088], "SpotLightsTheta": [11.180979374106364, 63.073447145447815, 44.50865962352756, 10.973533017748004], "SpotLightsIntensity": [10.731360308280273, 10.881813584544243, 8.403034163030604, 12.715293532447895], "SpotLightsRange": [13.31768724228449, 21.904092002407317, 24.998565822444373, 18.518999460786294], "SpotLightsColor_r": [0.21772731916553456, 0.21772731916553456, 0.21772731916553456, 0.21772731916553456], "SpotLightsColor_g": [0.08639044462344336, 0.08639044462344336, 0.08639044462344336, 0.08639044462344336], "SpotLightsColor_b": [0.28793756654035874, 0.28793756654035874, 0.28793756654035874, 0.28793756654035874], "SpotLightsColor_a": [0.7396640764343723, 0.7396640764343723, 0.7396640764343723, 0.7396640764343723], "same_SpotLightsColor": true, "SpotAngle": [57.05559306038969, 104.7398547691374, 85.84695697035767, 80.6694248418587]}