{"totalSegments": 8, "scale": 3.584559098253311, "same_scale": true, "totalArms_Segment": [1, 1, 1, 1, 1, 1, 1], "same_theta": false, "theta": [18.055957042537436, 18.054430971514236, 31.891729748584527, 31.37338367161207, 11.654678129435554, 17.43405740582444, 29.419584957140824], "phi": 268.7727689554711, "same_material": false, "r": [0.12843487816231403, 0.9649520338165168, 0.31832536254049826, 0.09260814780272697, 0.5710519695730796, 0.11161888913511875, 0.353813021933303, 0.0800067628933373], "g": [0.6536963301765525, 0.009724417317508172, 0.7502115449316675, 0.7606382531364235, 0.2614446356952108, 0.947599229907777, 0.06975439750585422, 0.46276183897692524], "b": [0.5091881402654894, 0.8868755964858598, 0.7934341536541233, 0.49175462376247114, 0.7942268675507622, 0.26392929723131275, 0.04172102841663217, 0.07529443350751819], "a": [0.922158176782448, 0.5156490480086462, 0.5720071487195706, 0.8190222957486877, 0.8559112167498621, 0.7068548217378311, 0.8208272552801907, 0.5843253121859822], "metallic": [0.061307172375213326, 0.8896207799648498, 0.9596778247850458, 0.8752609987299828, 0.7645592519123788, 0.5421860628256214, 0.005170858550591184, 0.29413189033822307], "smoothness": [0.778846551641002, 0.19010261146725638, 0.3478321841837816, 0.5807814217299737, 0.6060203665605143, 0.4343965665784937, 0.5690655520338334, 0.01511397094654443], "DirectionalLightTheta": 56.13055663797722, "DirectionalLightIntensity": 1.3515927266240804, "totalPointLights": 0, "PointLightsRadius": null, "PointLightsPhi": null, "PointLightsTheta": null, "PointLightsIntensity": null, "PointLightsRange": null, "PointLightsColor_r": null, "PointLightsColor_g": null, "PointLightsColor_b": null, "PointLightsColor_a": null, "same_PointLightsColor": null, "totalSpotLights": 0, "SpotLightsRadius": null, "SpotLightsPhi": null, "SpotLightsTheta": null, "SpotLightsIntensity": null, "SpotLightsRange": null, "SpotLightsColor_r": null, "SpotLightsColor_g": null, "SpotLightsColor_b": null, "SpotLightsColor_a": null, "same_SpotLightsColor": null, "SpotAngle": null, "CameraRes_width": 640, "CameraRes_height": 480, "Camera_FieldofView": 80, "CameraRadius": 13, "CameraTheta": 90, "CameraPhi": 0, "CameraVerticalOffset": 0}