{"CameraRes_width": 520, "CameraRes_height": 520, "Camera_FieldofView": 80, "CameraRadius": 10.0, "CameraTheta": 40.65896804963016, "CameraPhi": 215.4175068567222, "CameraVerticalOffset": 0, "total_cuboids": 3, "scale": [2.7318623433599214, 3.77369338830159, 0.6980717987321612], "same_scale": false, "total_branches": [1, 1], "same_theta": false, "theta": [85.91920904011066, 103.46717329762629], "phi": 320.81889479389474, "same_material": false, "r": [0.3989459624635515, 0.5767807905507166, 0.44036832917587887], "g": [0.5353596036603528, 0.47751671815627306, 0.769960884650489], "b": [0.6647262919965442, 0.3408197121337093, 0.49691871809900856], "a": [0.5463228808816453, 0.8578015125739107, 0.8026180183483229], "metallic": [0.6662430964796728, 0.761514182602805, 0.4054969739447395], "smoothness": [0.6008448130657555, 0.9969908953724239, 0.11941545990298541], "DirectionalLightTheta": 0.05333773507869122, "DirectionalLightIntensity": 0.8262503924763275, "totalPointLights": 8, "PointLightsRadius": [15.061567290621557, 17.620629881263284, 17.00863614239854, 18.643621700728932, 14.273181277835581, 5.88324693364424, 19.71724799220579, 11.377688629112011], "PointLightsPhi": [295.28672203925123, 241.9569398106912, 328.394137870768, 259.57108058516235, 313.12738698218504, 311.20292223357353, 248.03530312753966, 223.52771438628304], "PointLightsTheta": [0.26168049150117945, 32.821497348831315, 34.50369952884386, 59.41974592345314, 33.85013895719101, 12.729693764120318, 85.16189103377074, 74.21967064216962], "PointLightsIntensity": [9.396695146106804, 7.2516642108928835, 7.025745074383171, 10.547341121022736, 9.665067072208615, 11.90825497092743, 12.586892992545213, 16.599903243266947], "PointLightsRange": [8.896688706375917, 15.731122151462575, 12.701092176159896, 16.080280297295175, 24.885975751605283, 20.4277237083985, 12.894516331088512, 11.625297563514149], "PointLightsColor_r": [0.41180094620927343, 0.3083129947656854, 0.8878617045847835, 0.652662457659449, 0.7336511957412245, 0.5288141382742619, 0.38826429162802434, 0.09334127460483177], "PointLightsColor_g": [0.28549497419670655, 0.17065230753607774, 0.4350934688942665, 0.7877174152359832, 0.5087989248534126, 0.5217550971765581, 0.18078050296173687, 0.843335445815408], "PointLightsColor_b": [0.15799380758280313, 0.8174276314379886, 0.4285832086822313, 0.331185643328345, 0.0887321667801656, 0.10052764626377797, 0.004918889954920624, 0.6023177624807645], "PointLightsColor_a": [0.5018764252229382, 0.8185425232327966, 0.563789289311607, 0.8457797274124164, 0.9317601416863511, 0.6796970067006707, 0.9492111721851093, 0.8046896274950199], "same_PointLightsColor": false, "totalSpotLights": 4, "SpotLightsRadius": [15.630177794681366, 19.40975917729664, 5.7073413947733895, 14.028682191221613], "SpotLightsPhi": [207.2344195548961, 306.0587541876726, 65.09551312225811, 294.1889960017509], "SpotLightsTheta": [21.446989202860316, 16.633970787973553, 41.767137711753804, 85.75849726847875], "SpotLightsIntensity": [6.519308430478889, 10.469694805893386, 12.601372346316532, 12.2839974996158], "SpotLightsRange": [9.937398095655784, 16.171240419829328, 13.249061657595, 7.07130551558115], "SpotLightsColor_r": [0.512813322890152, 0.8385133881600806, 0.21986037132544822, 0.7910483345901096], "SpotLightsColor_g": [0.21044954255182236, 0.4093939097294601, 0.5279224035212615, 0.03431887778269216], "SpotLightsColor_b": [0.2996875250123462, 0.6876769444175826, 0.4488338011461064, 0.343836318136603], "SpotLightsColor_a": [0.868550377061852, 0.8402808818078477, 0.6255335432166822, 0.8286409414117514], "same_SpotLightsColor": false, "SpotAngle": [106.5880344572751, 47.92485093736535, 60.91245232562492, 99.09658341498105]}