{"totalSegments": 10, "scale": 1.5975974987347887, "same_scale": true, "totalArms_Segment": [1, 1, 1, 1, 1, 1, 1, 1, 1], "same_theta": false, "theta": [29.776871122152244, 33.28664325259027, 19.303640364077523, 16.669588854207117, 30.45441392197553, 34.51918819633578, 4.906178716344318, 13.954276116022271, 1.648662660626988], "phi": 72.36135923593048, "same_material": true, "r": 0.8168406652853959, "g": 0.9201504707179193, "b": 0.7800357953028695, "a": 0.5594740436255202, "metallic": 0.1743771214984401, "smoothness": 0.10910719608293984, "DirectionalLightTheta": 26.886471295882636, "DirectionalLightIntensity": 0.32121928682459866, "totalPointLights": 0, "PointLightsRadius": null, "PointLightsPhi": null, "PointLightsTheta": null, "PointLightsIntensity": null, "PointLightsRange": null, "PointLightsColor_r": null, "PointLightsColor_g": null, "PointLightsColor_b": null, "PointLightsColor_a": null, "same_PointLightsColor": null, "totalSpotLights": 0, "SpotLightsRadius": null, "SpotLightsPhi": null, "SpotLightsTheta": null, "SpotLightsIntensity": null, "SpotLightsRange": null, "SpotLightsColor_r": null, "SpotLightsColor_g": null, "SpotLightsColor_b": null, "SpotLightsColor_a": null, "same_SpotLightsColor": null, "SpotAngle": null, "CameraRes_width": 640, "CameraRes_height": 480, "Camera_FieldofView": 80, "CameraRadius": 13, "CameraTheta": 90, "CameraPhi": 0, "CameraVerticalOffset": 0}