{"totalSegments": 10, "scale": [0.511423591475493, 1.747701285037558, 1.9412578349419558, 2.3621401040980317, 2.374510220079554, 2.3300409725123163, 0.8388868444964785, 3.94297112742833, 1.9140307995729253, 3.672701145206398], "same_scale": false, "totalArms_Segment": [1, 2, 2, 1, 1, 1, 1, 1, 1], "same_theta": true, "theta": [13.965761790215685], "phi": 202.17292439361762, "same_material": false, "r": [0.10184482395747729, 0.7356751339376058, 0.17339293528090727, 0.9644936894221283, 0.4378634648483557, 0.4760403439200188, 0.014871774015240535, 0.8325160524761521, 0.5516872061744715, 0.5619404331157153], "g": [0.8191075227281565, 0.9723127846016025, 0.6418584914175662, 0.18039938404403155, 0.45730045492203286, 0.24947521652568927, 0.7129517953182071, 0.7113863237364952, 0.266227206575125, 0.8069178352920556], "b": [0.5470472255949806, 0.3782137781353737, 0.8146431548856807, 0.7210345358915927, 0.41764951078700885, 0.2591571317811129, 0.9274177156914053, 0.3812335489126083, 0.0616389152806156, 0.9702051552863794], "a": [0.6682930680777055, 0.8639714560349607, 0.5078388049504896, 0.7718102055707211, 0.9692509287231943, 0.8966529563276489, 0.7442466597383743, 0.8284174961816115, 0.9813532781194887, 0.56885525901693], "metallic": [0.395505203265323, 0.42194411297287404, 0.6569479084848374, 0.6045937786034941, 0.8415183598245994, 0.16619932900619538, 0.6096425212718559, 0.2704264557229986, 0.8619484518390826, 0.9143327812877515], "smoothness": [0.6520347231744763, 0.11921561846475914, 0.7097645769826703, 0.16736927638000454, 0.7745010274902534, 0.02433980669050828, 0.8327863023256855, 0.6365045069895058, 0.8971861829568288, 0.1396666314255457], "DirectionalLightTheta": 28.550944371927944, "DirectionalLightIntensity": 1.733833363537547, "totalPointLights": 0, "PointLightsRadius": null, "PointLightsPhi": null, "PointLightsTheta": null, "PointLightsIntensity": null, "PointLightsRange": null, "PointLightsColor_r": null, "PointLightsColor_g": null, "PointLightsColor_b": null, "PointLightsColor_a": null, "same_PointLightsColor": null, "totalSpotLights": 0, "SpotLightsRadius": null, "SpotLightsPhi": null, "SpotLightsTheta": null, "SpotLightsIntensity": null, "SpotLightsRange": null, "SpotLightsColor_r": null, "SpotLightsColor_g": null, "SpotLightsColor_b": null, "SpotLightsColor_a": null, "same_SpotLightsColor": null, "SpotAngle": null, "CameraRes_width": 640, "CameraRes_height": 480, "Camera_FieldofView": 80, "CameraRadius": 13, "CameraTheta": 90, "CameraPhi": 0, "CameraVerticalOffset": 0}