{"totalSegments": 5, "scale": [2.543099508442532, 3.8837038688278316, 3.5067356065431308, 0.689046856744713, 0.8918262622114685], "same_scale": false, "totalArms_Segment": [1, 2, 1, 1], "same_theta": false, "theta": [31.569086690798287, 47.408253638533054, 69.19986108246304, 23.20843577389642], "phi": 3.339923050056881, "same_material": true, "r": 0.33135019039854197, "g": 0.9819278818807119, "b": 0.6710194673300657, "a": 0.95734075305229, "metallic": 0.1270814766437095, "smoothness": 0.25488490158267707, "DirectionalLightTheta": 53.37993782064524, "DirectionalLightIntensity": 0.4509547686792279, "totalPointLights": 0, "PointLightsRadius": null, "PointLightsPhi": null, "PointLightsTheta": null, "PointLightsIntensity": null, "PointLightsRange": null, "PointLightsColor_r": null, "PointLightsColor_g": null, "PointLightsColor_b": null, "PointLightsColor_a": null, "same_PointLightsColor": null, "totalSpotLights": 0, "SpotLightsRadius": null, "SpotLightsPhi": null, "SpotLightsTheta": null, "SpotLightsIntensity": null, "SpotLightsRange": null, "SpotLightsColor_r": null, "SpotLightsColor_g": null, "SpotLightsColor_b": null, "SpotLightsColor_a": null, "same_SpotLightsColor": null, "SpotAngle": null, "CameraRes_width": 640, "CameraRes_height": 480, "Camera_FieldofView": 80, "CameraRadius": 13, "CameraTheta": 90, "CameraPhi": 0, "CameraVerticalOffset": 0}