{"totalSegments": 5, "scale": [1.033336096403859, 2.3270951373149478, 3.632920524193924, 2.5768990808180914, 3.1410035656354274], "same_scale": false, "totalArms_Segment": [2, 1, 1, 1], "same_theta": false, "theta": [21.19896923740138, 23.908280983739452, 53.63863430943886, 52.51133404144117], "phi": 317.100784621769, "same_material": true, "r": 0.964279403644491, "g": 0.640638948404611, "b": 0.5900751037384906, "a": 0.7527003629443907, "metallic": 0.3270405299821987, "smoothness": 0.2830401766586653, "DirectionalLightTheta": 19.953083128045648, "DirectionalLightIntensity": 1.2370232700037966, "totalPointLights": 0, "PointLightsRadius": null, "PointLightsPhi": null, "PointLightsTheta": null, "PointLightsIntensity": null, "PointLightsRange": null, "PointLightsColor_r": null, "PointLightsColor_g": null, "PointLightsColor_b": null, "PointLightsColor_a": null, "same_PointLightsColor": null, "totalSpotLights": 0, "SpotLightsRadius": null, "SpotLightsPhi": null, "SpotLightsTheta": null, "SpotLightsIntensity": null, "SpotLightsRange": null, "SpotLightsColor_r": null, "SpotLightsColor_g": null, "SpotLightsColor_b": null, "SpotLightsColor_a": null, "same_SpotLightsColor": null, "SpotAngle": null, "CameraRes_width": 640, "CameraRes_height": 480, "Camera_FieldofView": 80, "CameraRadius": 13, "CameraTheta": 90, "CameraPhi": 0, "CameraVerticalOffset": 0}