{"totalSegments": 10, "scale": 0.9133617763518135, "same_scale": true, "totalArms_Segment": [1, 1, 1, 2, 1, 1, 1, 1, 1], "same_theta": false, "theta": [24.80313797691736, 28.722189738407316, 18.738306405839495, 16.57923718941549, 32.496798982347876, 23.011466125274953, 13.390321570249139, 3.6095964129481386, 27.072130190556557], "phi": 31.747656253705884, "same_material": true, "r": 0.8801960057889417, "g": 0.23443699195738676, "b": 0.04489942286286064, "a": 0.5836347466095406, "metallic": 0.383242974161246, "smoothness": 0.23830503811638593, "DirectionalLightTheta": 12.010760384221241, "DirectionalLightIntensity": 1.1796373005316727, "totalPointLights": 0, "PointLightsRadius": null, "PointLightsPhi": null, "PointLightsTheta": null, "PointLightsIntensity": null, "PointLightsRange": null, "PointLightsColor_r": null, "PointLightsColor_g": null, "PointLightsColor_b": null, "PointLightsColor_a": null, "same_PointLightsColor": null, "totalSpotLights": 0, "SpotLightsRadius": null, "SpotLightsPhi": null, "SpotLightsTheta": null, "SpotLightsIntensity": null, "SpotLightsRange": null, "SpotLightsColor_r": null, "SpotLightsColor_g": null, "SpotLightsColor_b": null, "SpotLightsColor_a": null, "same_SpotLightsColor": null, "SpotAngle": null, "CameraRes_width": 640, "CameraRes_height": 480, "Camera_FieldofView": 80, "CameraRadius": 13, "CameraTheta": 90, "CameraPhi": 0, "CameraVerticalOffset": 0}