{"CameraRes_width": 520, "CameraRes_height": 520, "Camera_FieldofView": 80, "CameraRadius": 10.0, "CameraTheta": 87.65793082545696, "CameraPhi": 210.2521589202627, "CameraVerticalOffset": 0, "total_cuboids": 6, "scale": [3.5455502795537424, 3.571454126758982, 3.63806352493053, 3.438408750976069, 2.6852123889888144, 0.5752933167748394], "same_scale": false, "total_branches": [1, 1, 1, 1, 1], "same_theta": false, "theta": [50.75554438553083, 35.98190764558031, 34.52214527618987, 59.732160053577424, 48.55134414988528], "phi": 64.92760785885586, "same_material": false, "r": [0.909185926761512, 0.2577570434075964, 0.2655060131938253, 0.6027412998147407, 0.6953672652230366, 0.2795420957316024], "g": [0.25611980131614365, 0.8492065381224502, 0.4422288840962725, 0.996979653409134, 0.1795241725642075, 0.9679985814910745], "b": [0.25626049748732527, 0.23288426319317834, 0.12395661464998264, 0.2853029264824989, 0.588036844533411, 0.7505479370722351], "a": [0.6280761761551945, 0.6468077821593365, 0.8606700365892436, 0.6254719713183845, 0.6756924193310807, 0.867301976568013], "metallic": [0.8640899040841307, 0.23464382569942455, 0.43958417089436186, 0.2995868250444337, 0.532398922829801, 0.18179849568506512], "smoothness": [0.6737272179919573, 0.671443095616949, 0.4460225531997365, 0.6301491615494184, 0.14828382983153598, 0.4133579101138929], "DirectionalLightTheta": 50.821833462995215, "DirectionalLightIntensity": 1.595900873055236, "totalPointLights": 5, "PointLightsRadius": [7.592902634402953, 17.659795449379864, 18.64057304953967, 16.152855954265625, 12.971393711792652], "PointLightsPhi": [84.62427099753549, 3.2057659298021557, 12.579525596077534, 314.66548002458387, 285.9754150057557], "PointLightsTheta": [14.734691060573887, 62.65348864476624, 33.75562651644094, 30.66686888991335, 40.951129040387606], "PointLightsIntensity": [14.693824463537403, 10.628394804181388, 11.752184594834869, 7.835008904711976, 14.491503619660214], "PointLightsRange": [21.211822291649995, 21.97901940010984, 14.345237248395561, 24.85329439281122, 16.130197592262974], "PointLightsColor_r": [0.6406395745509439, 0.14688987881193283, 0.5587064801681577, 0.4768866266745547, 0.30843581877707416], "PointLightsColor_g": [0.6251804717393866, 0.13796289176499577, 0.48883819791653804, 0.399253050590599, 0.2771547466095752], "PointLightsColor_b": [0.7971097534728575, 0.8277246432139864, 0.2671066092365082, 0.4647188352517453, 0.9944156883880118], "PointLightsColor_a": [0.7902794664283915, 0.5237003717619755, 0.6784860250054525, 0.9992453810531878, 0.9085652654812724], "same_PointLightsColor": false, "totalSpotLights": 3, "SpotLightsRadius": [14.63984270076607, 18.86718216564418, 19.4425385319234], "SpotLightsPhi": [240.8840512342261, 9.509890920156835, 231.75464530829632], "SpotLightsTheta": [31.273381918550484, 85.89677172753332, 12.684169128666534], "SpotLightsIntensity": [11.779663750951112, 7.881539940947673, 9.688515540268817], "SpotLightsRange": [17.205598500880843, 22.434325025638007, 19.726052704732197], "SpotLightsColor_r": [0.4653659550677274, 0.4653659550677274, 0.4653659550677274], "SpotLightsColor_g": [0.24498850028861463, 0.24498850028861463, 0.24498850028861463], "SpotLightsColor_b": [0.6740338891374006, 0.6740338891374006, 0.6740338891374006], "SpotLightsColor_a": [0.9873458831266897, 0.9873458831266897, 0.9873458831266897], "same_SpotLightsColor": true, "SpotAngle": [14.685994014815074, 70.39678324574862, 91.71820261192165]}