{"totalSegments": 9, "scale": 3.6554788781464183, "same_scale": true, "totalArms_Segment": [1, 1, 1, 1, 1, 1, 1, 1], "same_theta": true, "theta": [32.75682402229179], "phi": 298.51430599106055, "same_material": false, "r": [0.7715346562079013, 0.6368815602050731, 0.9056025150822891, 0.04864880293609386, 0.66742700451313, 0.02037087550848593, 0.5427545986787948, 0.7075674951980074, 0.023947599410298115], "g": [0.38698118818896576, 0.534692549146334, 0.38153250549588424, 0.8945601221336695, 0.9696386512811553, 0.37300950524388377, 0.8178086781225797, 0.28498800841732996, 0.03900394368648996], "b": [0.6020607248011808, 0.578618265628008, 0.4961964738289215, 0.03140080453660232, 0.49943488120064017, 0.7665035165304066, 0.3359268029458513, 0.8112370601274569, 0.8239023221889599], "a": [0.8740115547128184, 0.5937221551848073, 0.6637695892173056, 0.699441678407419, 0.7785039254916967, 0.6907684818188248, 0.8382884145877516, 0.5631293044200654, 0.5938836680015733], "metallic": [0.9437983402897423, 0.4517053052691723, 0.8212732637532133, 0.08044071274169584, 0.9672662524907769, 0.6706721391948552, 0.996267951760301, 0.6831870693139879, 0.2565400066374155], "smoothness": [0.43929314696748734, 0.996232562056643, 0.8252593488509389, 0.20241301807159784, 0.16207531430144395, 0.11235338426685992, 0.24209724963104584, 0.5477462371634518, 0.6275794295871613], "DirectionalLightTheta": 86.70230170613239, "DirectionalLightIntensity": 1.1986243421711327, "totalPointLights": 0, "PointLightsRadius": null, "PointLightsPhi": null, "PointLightsTheta": null, "PointLightsIntensity": null, "PointLightsRange": null, "PointLightsColor_r": null, "PointLightsColor_g": null, "PointLightsColor_b": null, "PointLightsColor_a": null, "same_PointLightsColor": null, "totalSpotLights": 0, "SpotLightsRadius": null, "SpotLightsPhi": null, "SpotLightsTheta": null, "SpotLightsIntensity": null, "SpotLightsRange": null, "SpotLightsColor_r": null, "SpotLightsColor_g": null, "SpotLightsColor_b": null, "SpotLightsColor_a": null, "same_SpotLightsColor": null, "SpotAngle": null, "CameraRes_width": 640, "CameraRes_height": 480, "Camera_FieldofView": 80, "CameraRadius": 13, "CameraTheta": 90, "CameraPhi": 0, "CameraVerticalOffset": 0}