{"totalSegments": 3, "scale": [2.1383422728226447, 3.9371369512769436, 3.0246134720505555], "same_scale": false, "totalArms_Segment": [1, 2], "same_theta": false, "theta": [84.42621759871139, 103.07106820143417], "phi": 95.2059905203117, "same_material": false, "r": [0.7332889180886769, 0.18981316786731928, 0.821174107513113], "g": [0.7054195916142268, 0.7564873387441315, 0.0047495109742959896], "b": [0.32338778620744846, 0.12613093621096738, 0.3011963694879034], "a": [0.6247744565172972, 0.9885670849803391, 0.5389439818164716], "metallic": [0.2613399428715888, 0.17974043705616782, 0.41610319410570706], "smoothness": [0.9404291852557018, 0.29914897650530137, 0.6810215972151464], "DirectionalLightTheta": 74.82124145759114, "DirectionalLightIntensity": 1.348109493157734, "totalPointLights": 0, "PointLightsRadius": null, "PointLightsPhi": null, "PointLightsTheta": null, "PointLightsIntensity": null, "PointLightsRange": null, "PointLightsColor_r": null, "PointLightsColor_g": null, "PointLightsColor_b": null, "PointLightsColor_a": null, "same_PointLightsColor": null, "totalSpotLights": 0, "SpotLightsRadius": null, "SpotLightsPhi": null, "SpotLightsTheta": null, "SpotLightsIntensity": null, "SpotLightsRange": null, "SpotLightsColor_r": null, "SpotLightsColor_g": null, "SpotLightsColor_b": null, "SpotLightsColor_a": null, "same_SpotLightsColor": null, "SpotAngle": null, "CameraRes_width": 640, "CameraRes_height": 480, "Camera_FieldofView": 80, "CameraRadius": 13, "CameraTheta": 90, "CameraPhi": 0, "CameraVerticalOffset": 0}