{"totalSegments": 11, "scale": 2.719503147401843, "same_scale": true, "totalArms_Segment": [1, 1, 1, 1, 1, 1, 1, 1, 1, 2], "same_theta": true, "theta": [25.285760080612548], "phi": 305.0371688788613, "same_material": false, "r": [0.5156555156929059, 0.3789495263152024, 0.2648888307891619, 0.05812175037324219, 0.5506771319509753, 0.8656750753635523, 0.12406537889776093, 0.5266128387042237, 0.11738935666589523, 0.24041526618988118, 0.2461684334097749], "g": [0.4463574121811055, 0.6232212977192634, 0.6965806075256522, 0.5197366087227695, 0.17067568637885044, 0.10170031751530118, 0.2630147320494346, 0.998751964845353, 0.7895681257915573, 0.029668749691269536, 0.7293758832819454], "b": [0.7235654525966295, 0.21326308142774164, 0.44425533469644596, 0.27110955186245933, 0.04890256611305177, 0.15339611932108044, 0.6597344376544108, 0.6870516984024746, 0.6823718431443188, 0.6710568578545735, 0.013971876851186726], "a": [0.8307933484765552, 0.8198065324239556, 0.6867690603257857, 0.5408562744594616, 0.8084317929498908, 0.5799185908332933, 0.6092420602817599, 0.7084269618291494, 0.526267346840438, 0.5198160380762359, 0.8845450230153468], "metallic": [0.9986987291749998, 0.1259600366689605, 0.3346706934186656, 0.2639642972828923, 0.5956214084483726, 0.9648083239195221, 0.8637847250410784, 0.03183639754031575, 0.3769531236281338, 0.09927714119071684, 0.47432140195487427], "smoothness": [0.6824865263790921, 0.1525154006845465, 0.8877054093612433, 0.8771147942688226, 0.45801700656855315, 0.6422677159345714, 0.42590073932412076, 0.785661046320688, 0.27341567601852823, 0.402601320786084, 0.07060118344548261], "DirectionalLightTheta": 37.98524980989231, "DirectionalLightIntensity": 1.567361840881891, "totalPointLights": 0, "PointLightsRadius": null, "PointLightsPhi": null, "PointLightsTheta": null, "PointLightsIntensity": null, "PointLightsRange": null, "PointLightsColor_r": null, "PointLightsColor_g": null, "PointLightsColor_b": null, "PointLightsColor_a": null, "same_PointLightsColor": null, "totalSpotLights": 0, "SpotLightsRadius": null, "SpotLightsPhi": null, "SpotLightsTheta": null, "SpotLightsIntensity": null, "SpotLightsRange": null, "SpotLightsColor_r": null, "SpotLightsColor_g": null, "SpotLightsColor_b": null, "SpotLightsColor_a": null, "same_SpotLightsColor": null, "SpotAngle": null, "CameraRes_width": 640, "CameraRes_height": 480, "Camera_FieldofView": 80, "CameraRadius": 13, "CameraTheta": 90, "CameraPhi": 0, "CameraVerticalOffset": 0}