{"CameraRes_width": 520, "CameraRes_height": 520, "Camera_FieldofView": 80, "CameraRadius": 10.0, "CameraTheta": 83.71081109056242, "CameraPhi": 160.78431532633334, "CameraVerticalOffset": 0, "total_cuboids": 5, "scale": 1.6792541382799735, "same_scale": true, "total_branches": [1, 1, 1, 1], "same_theta": false, "theta": [8.990364873036423, 46.238354945277145, 64.74955564956248, 65.28533912018597], "phi": 11.370929660729665, "same_material": true, "r": 0.9214525945303604, "g": 0.7381217571514551, "b": 0.05724497808036244, "a": 0.9248379530671578, "metallic": 0.31611831079416175, "smoothness": 0.9745122409782851, "DirectionalLightTheta": 39.70965491392353, "DirectionalLightIntensity": 0.7011890938620877, "totalPointLights": 5, "PointLightsRadius": [8.9895197032079, 15.436130279027362, 17.470319856515985, 15.720047744694272, 14.26877488667831], "PointLightsPhi": [183.71956277535023, 284.26405057956816, 87.87897131476707, 27.490010209033176, 131.97295988510578], "PointLightsTheta": [43.8010519004244, 87.01704106560351, 32.31884617912477, 34.76178327294121, 4.2808511058792655], "PointLightsIntensity": [15.299114036618043, 10.47621983746645, 8.473065705190763, 12.35840269188213, 14.503098311695917], "PointLightsRange": [8.085687615013736, 24.15286508029949, 15.114867424383299, 13.79374140114348, 12.685256868468269], "PointLightsColor_r": [0.044048129495584565, 0.044048129495584565, 0.044048129495584565, 0.044048129495584565, 0.044048129495584565], "PointLightsColor_g": [0.6909225534012697, 0.6909225534012697, 0.6909225534012697, 0.6909225534012697, 0.6909225534012697], "PointLightsColor_b": [0.9770902281158499, 0.9770902281158499, 0.9770902281158499, 0.9770902281158499, 0.9770902281158499], "PointLightsColor_a": [0.7712633663950941, 0.7712633663950941, 0.7712633663950941, 0.7712633663950941, 0.7712633663950941], "same_PointLightsColor": true, "totalSpotLights": 4, "SpotLightsRadius": [13.076772499549522, 17.626408696003736, 19.879407461327872, 14.694653228927809], "SpotLightsPhi": [345.7130719859483, 26.86630873812313, 248.50109162746222, 66.21211937103138], "SpotLightsTheta": [60.98360470184907, 3.912168273882657, 13.774647521593813, 87.14290898560036], "SpotLightsIntensity": [10.754453712362555, 7.894663009144565, 13.991480922404316, 11.474012752126459], "SpotLightsRange": [17.60929575029435, 21.9365238239538, 8.10774006487761, 10.85583457764874], "SpotLightsColor_r": [0.5431235297057815, 0.7555309631478724, 0.4747418415500244, 0.751001015239256], "SpotLightsColor_g": [0.2443435658744344, 0.2123002317050765, 0.4898414170458151, 0.38085234618247554], "SpotLightsColor_b": [0.512004670522381, 0.684645711079788, 0.4273506304170568, 0.7744959174869955], "SpotLightsColor_a": [0.775839407398099, 0.6226865549691434, 0.6465455207069193, 0.9494711356609402], "same_SpotLightsColor": false, "SpotAngle": [37.73365618082248, 7.321336463467931, 36.53523048450961, 55.1727776142302]}