{"CameraRes_width": 520, "CameraRes_height": 520, "Camera_FieldofView": 80, "CameraRadius": 10.0, "CameraTheta": 44.75399685718354, "CameraPhi": 66.67523336595315, "CameraVerticalOffset": 0, "total_cuboids": 2, "scale": 2.6381113876320565, "same_scale": true, "total_branches": [1], "same_theta": false, "theta": [44.59973008092265], "phi": 106.15518349807981, "same_material": true, "r": 0.9944935389441245, "g": 0.07216257910434154, "b": 0.15089064342413383, "a": 0.5041218490849533, "metallic": 0.04394300535230811, "smoothness": 0.9328067525189628, "DirectionalLightTheta": 79.95216097816501, "DirectionalLightIntensity": 0.28973241464778393, "totalPointLights": 8, "PointLightsRadius": [8.44502228998028, 13.065346425944645, 7.946017955118161, 14.186082287625284, 5.365625209365, 9.328915285678429, 17.74406621915275, 9.54549464280334], "PointLightsPhi": [182.09235978502517, 137.90404522304982, 257.11847962760027, 100.37226715061408, 86.37368657673012, 31.388739175683856, 354.2715541695752, 334.6326817084181], "PointLightsTheta": [37.04159060683923, 67.99255601413657, 68.70173167388958, 22.866013484686228, 48.577171914003415, 38.38395275736956, 56.08980334440548, 0.29556713963757697], "PointLightsIntensity": [9.13531342157783, 14.073698626547122, 10.144681258638272, 7.799401466302442, 15.866809190650399, 13.7821983713138, 10.775593792193396, 8.426341633971987], "PointLightsRange": [7.820454258053948, 5.532083365806306, 12.733635343102215, 21.445646293402454, 24.249552379829094, 16.09936901697339, 9.003656799021876, 13.502989230974823], "PointLightsColor_r": [0.07269162245413552, 0.5853342553018951, 0.5254799932152959, 0.9159971754891801, 0.3480060967951498, 0.9552130854430995, 0.7615722425284767, 0.22795924257893874], "PointLightsColor_g": [0.4981644326064496, 0.7558263472721126, 0.5139553351567892, 0.2509114189492414, 0.7207333899704986, 0.061165812133480046, 0.037366068263536834, 0.703181553295013], "PointLightsColor_b": [0.9850237073365884, 0.6858250946145276, 0.2975025269293423, 0.3205608169886739, 0.9184776663872585, 0.3233385728992596, 0.3479230003769015, 0.3827403914524432], "PointLightsColor_a": [0.953526827598908, 0.5012567412588114, 0.9752859641766851, 0.8380821546662383, 0.864067947091624, 0.5357277863028334, 0.7810297298004809, 0.5713977123661539], "same_PointLightsColor": false, "totalSpotLights": 4, "SpotLightsRadius": [16.46085607787951, 7.923968831958655, 6.73132169230721, 8.316793539947954], "SpotLightsPhi": [121.41639495487742, 330.91905266488965, 240.52404150701733, 262.6748684857914], "SpotLightsTheta": [71.57471224181462, 7.602089916636009, 39.70545510000424, 6.582564772373533], "SpotLightsIntensity": [6.288747540278353, 13.208658335547879, 12.275918353929109, 7.766245768757019], "SpotLightsRange": [22.79091090198809, 10.904219754229418, 15.03647303541365, 15.653262704461095], "SpotLightsColor_r": [0.5280057418009209, 0.5280057418009209, 0.5280057418009209, 0.5280057418009209], "SpotLightsColor_g": [0.15375424893871836, 0.15375424893871836, 0.15375424893871836, 0.15375424893871836], "SpotLightsColor_b": [0.9233212318119735, 0.9233212318119735, 0.9233212318119735, 0.9233212318119735], "SpotLightsColor_a": [0.5243693602416402, 0.5243693602416402, 0.5243693602416402, 0.5243693602416402], "same_SpotLightsColor": true, "SpotAngle": [63.901815345019585, 19.005124696670514, 117.044728819841, 77.34279055668657]}