{"CameraRes_width": 520, "CameraRes_height": 520, "Camera_FieldofView": 80, "CameraRadius": 10.0, "CameraTheta": 77.12607925997756, "CameraPhi": 267.8318285533476, "CameraVerticalOffset": 0, "total_cuboids": 2, "scale": [2.8842950160166323, 2.830686794950987], "same_scale": false, "total_branches": [1], "same_theta": false, "theta": [95.98192311583179], "phi": 108.18476171810538, "same_material": false, "r": [0.4163755450597353, 0.4871639202190968], "g": [0.33427364998416387, 0.3021303353567053], "b": [0.15867271805005512, 0.44189621783856514], "a": [0.8542792272868283, 0.8156212717433102], "metallic": [0.7109163782471998, 0.9816396595060817], "smoothness": [0.48046318978544245, 0.6684457188170638], "DirectionalLightTheta": 8.326201626399815, "DirectionalLightIntensity": 1.5102642603323526, "totalPointLights": 9, "PointLightsRadius": [14.386968871866118, 12.345139847720503, 6.138071205691469, 17.659820876518918, 14.174508465864388, 8.053767941675801, 11.144144194736882, 16.27991675443195, 14.417015031907606], "PointLightsPhi": [152.20882357693876, 19.865333566228564, 218.8265470191799, 75.46316091100297, 286.02335721379774, 338.2917943928421, 215.16485676415834, 163.2557832940988, 156.94898766367066], "PointLightsTheta": [12.433503499722411, 41.19118915982642, 87.42542497618732, 48.12072301492963, 63.80043182657797, 6.564462249497845, 49.75092369740071, 7.524288546934907, 29.335669458491306], "PointLightsIntensity": [11.71955414057451, 10.851807249371227, 14.861361781609208, 11.258135357821551, 8.886741715931834, 7.73715314346594, 11.893954733682598, 16.154297398880566, 15.901760117882748], "PointLightsRange": [12.111016918259157, 8.737376541197357, 6.700293133004783, 5.367636541974252, 12.09075342125444, 9.147608292806595, 12.44941777916263, 23.81004333691854, 24.161788720304372], "PointLightsColor_r": [0.08303580348646955, 0.08303580348646955, 0.08303580348646955, 0.08303580348646955, 0.08303580348646955, 0.08303580348646955, 0.08303580348646955, 0.08303580348646955, 0.08303580348646955], "PointLightsColor_g": [0.034349830434882045, 0.034349830434882045, 0.034349830434882045, 0.034349830434882045, 0.034349830434882045, 0.034349830434882045, 0.034349830434882045, 0.034349830434882045, 0.034349830434882045], "PointLightsColor_b": [0.45139399400533076, 0.45139399400533076, 0.45139399400533076, 0.45139399400533076, 0.45139399400533076, 0.45139399400533076, 0.45139399400533076, 0.45139399400533076, 0.45139399400533076], "PointLightsColor_a": [0.5456139098156223, 0.5456139098156223, 0.5456139098156223, 0.5456139098156223, 0.5456139098156223, 0.5456139098156223, 0.5456139098156223, 0.5456139098156223, 0.5456139098156223], "same_PointLightsColor": true, "totalSpotLights": 4, "SpotLightsRadius": [11.770042823301234, 15.290447040299004, 15.831109993632346, 16.74471020236383], "SpotLightsPhi": [89.75409095952094, 207.12777847563865, 214.3632605202094, 279.0671037179143], "SpotLightsTheta": [44.87840578509046, 89.17974076117319, 9.164260017551893, 41.712953653445744], "SpotLightsIntensity": [13.313719915257478, 11.72816064004245, 5.344736113441858, 6.224833091123671], "SpotLightsRange": [22.571466851259217, 8.522710520417276, 18.502066055143924, 23.051651357659335], "SpotLightsColor_r": [0.9581999707728371, 0.9581999707728371, 0.9581999707728371, 0.9581999707728371], "SpotLightsColor_g": [0.05148021169626538, 0.05148021169626538, 0.05148021169626538, 0.05148021169626538], "SpotLightsColor_b": [0.422540091479349, 0.422540091479349, 0.422540091479349, 0.422540091479349], "SpotLightsColor_a": [0.9487717104463845, 0.9487717104463845, 0.9487717104463845, 0.9487717104463845], "same_SpotLightsColor": true, "SpotAngle": [94.8684106713262, 28.618525880836536, 81.22439951848001, 119.00575412924259]}