{"totalSegments": 8, "scale": 2.297818327162458, "same_scale": true, "totalArms_Segment": [1, 1, 1, 1, 2, 1, 1], "same_theta": false, "theta": [21.721046388935306, 0.1357598560922174, 27.815451518596984, 1.719642772494011, 12.663625808192226, 13.520231572253461, 7.495553243339871], "phi": 187.54821873234349, "same_material": false, "r": [0.0647994553552882, 0.474591629952934, 0.23006630486783441, 0.7806191565821556, 0.7857280600547516, 0.7983210620550059, 0.5392266626789243, 0.09657092251981636], "g": [0.8002753864422174, 0.5387384596363209, 0.36455319148117427, 0.5449820060466307, 0.1166571220944177, 0.008381597142552266, 0.6572980826149993, 0.011740429153477616], "b": [0.2720593192109555, 0.6630345361384588, 0.16464177794581492, 0.03938540769701149, 0.24749046500262906, 0.031037361880797087, 0.2830160855038639, 0.6151121798244302], "a": [0.7398704048670235, 0.6815852910879561, 0.5607439341673522, 0.7459816574376471, 0.673508576769012, 0.9362542850666031, 0.9354844103927077, 0.5145516553077898], "metallic": [0.36742658883457413, 0.0028043579088399273, 0.8914251462384357, 0.5516669804306598, 0.2600316486152334, 0.9667281876188212, 0.11356562969696637, 0.2086368180939906], "smoothness": [0.6152152382938578, 0.4566485056632186, 0.6405876427730344, 0.6584609148910091, 0.5483086900154792, 0.05739903203211327, 0.9866824552683258, 0.7818207673190415], "DirectionalLightTheta": 34.78004578642398, "DirectionalLightIntensity": 0.18103133980656522, "totalPointLights": 0, "PointLightsRadius": null, "PointLightsPhi": null, "PointLightsTheta": null, "PointLightsIntensity": null, "PointLightsRange": null, "PointLightsColor_r": null, "PointLightsColor_g": null, "PointLightsColor_b": null, "PointLightsColor_a": null, "same_PointLightsColor": null, "totalSpotLights": 0, "SpotLightsRadius": null, "SpotLightsPhi": null, "SpotLightsTheta": null, "SpotLightsIntensity": null, "SpotLightsRange": null, "SpotLightsColor_r": null, "SpotLightsColor_g": null, "SpotLightsColor_b": null, "SpotLightsColor_a": null, "same_SpotLightsColor": null, "SpotAngle": null, "CameraRes_width": 640, "CameraRes_height": 480, "Camera_FieldofView": 80, "CameraRadius": 13, "CameraTheta": 90, "CameraPhi": 0, "CameraVerticalOffset": 0}