{"totalSegments": 9, "scale": 3.496317298140271, "same_scale": true, "totalArms_Segment": [1, 1, 1, 1, 2, 1, 1, 1], "same_theta": false, "theta": [32.48352340296761, 29.525254174765685, 29.603541676934107, 15.744091570569019, 9.175075546645598, 12.545705267755007, 13.69100841214034, 25.86226869712612], "phi": 80.06623936987268, "same_material": true, "r": 0.8697645177330824, "g": 0.41172604325657736, "b": 0.9732292254172727, "a": 0.6202874618463066, "metallic": 0.24823796743183324, "smoothness": 0.9682518193939287, "DirectionalLightTheta": 61.06338069828539, "DirectionalLightIntensity": 0.2606471752783489, "totalPointLights": 0, "PointLightsRadius": null, "PointLightsPhi": null, "PointLightsTheta": null, "PointLightsIntensity": null, "PointLightsRange": null, "PointLightsColor_r": null, "PointLightsColor_g": null, "PointLightsColor_b": null, "PointLightsColor_a": null, "same_PointLightsColor": null, "totalSpotLights": 0, "SpotLightsRadius": null, "SpotLightsPhi": null, "SpotLightsTheta": null, "SpotLightsIntensity": null, "SpotLightsRange": null, "SpotLightsColor_r": null, "SpotLightsColor_g": null, "SpotLightsColor_b": null, "SpotLightsColor_a": null, "same_SpotLightsColor": null, "SpotAngle": null, "CameraRes_width": 640, "CameraRes_height": 480, "Camera_FieldofView": 80, "CameraRadius": 13, "CameraTheta": 90, "CameraPhi": 0, "CameraVerticalOffset": 0}