{"totalSegments": 3, "scale": 2.5230248909114685, "same_scale": true, "totalArms_Segment": [1, 1], "same_theta": true, "theta": [85.39694505801879], "phi": 204.94916013475375, "same_material": false, "r": [0.7419595551334163, 0.17766087239778017, 0.9744693025225223], "g": [0.05166047551072528, 0.6176532616587213, 0.5560827743777629], "b": [0.5713012207896357, 0.12911302669960534, 0.9721836655087911], "a": [0.5772261451221484, 0.701692258433098, 0.7635585478866125], "metallic": [0.20033123583678192, 0.47560975253306603, 0.11454572785377726], "smoothness": [0.1023863177034886, 0.6327402575862033, 0.7395684421558089], "DirectionalLightTheta": 42.49145006636143, "DirectionalLightIntensity": 1.4452642470141133, "totalPointLights": 0, "PointLightsRadius": null, "PointLightsPhi": null, "PointLightsTheta": null, "PointLightsIntensity": null, "PointLightsRange": null, "PointLightsColor_r": null, "PointLightsColor_g": null, "PointLightsColor_b": null, "PointLightsColor_a": null, "same_PointLightsColor": null, "totalSpotLights": 0, "SpotLightsRadius": null, "SpotLightsPhi": null, "SpotLightsTheta": null, "SpotLightsIntensity": null, "SpotLightsRange": null, "SpotLightsColor_r": null, "SpotLightsColor_g": null, "SpotLightsColor_b": null, "SpotLightsColor_a": null, "same_SpotLightsColor": null, "SpotAngle": null, "CameraRes_width": 640, "CameraRes_height": 480, "Camera_FieldofView": 80, "CameraRadius": 13, "CameraTheta": 90, "CameraPhi": 0, "CameraVerticalOffset": 0}