{"totalSegments": 7, "scale": 3.84020214463101, "same_scale": true, "totalArms_Segment": [2, 1, 1, 1, 1, 1], "same_theta": false, "theta": [7.669801607354114, 15.733852589794706, 19.498342006841156, 25.473591568975266, 26.895353657443604, 35.09571203673223], "phi": 81.89062013180053, "same_material": false, "r": [0.21301074723699875, 0.4464638709623242, 0.6194413509680722, 0.7734171345063305, 0.7231835456078042, 0.3419405280712339, 0.028349384764104313], "g": [0.6878530959260373, 0.6537224775812112, 0.8627169953819639, 0.05630078728935162, 0.807761445146417, 0.30058875804254903, 0.2830403083558024], "b": [0.4937824865410939, 0.03337626549686268, 0.04062661388691524, 0.368485104746502, 0.5827364276413881, 0.2495001739906053, 0.0645415107201992], "a": [0.8615047582935144, 0.6467382308400007, 0.6319973123882666, 0.6688156659400502, 0.8835441270536066, 0.535631046419879, 0.7513131750552664], "metallic": [0.6742096871634446, 0.40041653443407077, 0.023354529241568556, 0.7198110149204765, 0.9637500751083221, 0.575066804684692, 0.47386097533259186], "smoothness": [0.1107415447713963, 0.2613919677085925, 0.6397492268887159, 0.3203223359167008, 0.49291611735924346, 0.05037545981946456, 0.5324484576115583], "DirectionalLightTheta": 88.29257897838481, "DirectionalLightIntensity": 0.3154446211207548, "totalPointLights": 0, "PointLightsRadius": null, "PointLightsPhi": null, "PointLightsTheta": null, "PointLightsIntensity": null, "PointLightsRange": null, "PointLightsColor_r": null, "PointLightsColor_g": null, "PointLightsColor_b": null, "PointLightsColor_a": null, "same_PointLightsColor": null, "totalSpotLights": 0, "SpotLightsRadius": null, "SpotLightsPhi": null, "SpotLightsTheta": null, "SpotLightsIntensity": null, "SpotLightsRange": null, "SpotLightsColor_r": null, "SpotLightsColor_g": null, "SpotLightsColor_b": null, "SpotLightsColor_a": null, "same_SpotLightsColor": null, "SpotAngle": null, "CameraRes_width": 640, "CameraRes_height": 480, "Camera_FieldofView": 80, "CameraRadius": 13, "CameraTheta": 90, "CameraPhi": 0, "CameraVerticalOffset": 0}