{"CameraRes_width": 520, "CameraRes_height": 520, "Camera_FieldofView": 80, "CameraRadius": 10.0, "CameraTheta": 47.24323352032603, "CameraPhi": 218.14592518137198, "CameraVerticalOffset": 0, "total_cuboids": 7, "scale": 0.5599879848952167, "same_scale": true, "total_branches": [1, 1, 1, 1, 1, 1], "same_theta": true, "theta": [26.792547796796722], "phi": 128.12952312343384, "same_material": true, "r": 0.8430901947157099, "g": 0.0001182318129774318, "b": 0.966396375692305, "a": 0.7834978900453163, "metallic": 0.4836997227963584, "smoothness": 0.5827773401334091, "DirectionalLightTheta": 48.37397751221752, "DirectionalLightIntensity": 0.17835246821938408, "totalPointLights": 10, "PointLightsRadius": [14.324012661023781, 10.548126816550262, 5.467051750476358, 14.58637457693191, 5.041053306462987, 18.77013200500474, 16.456206224999534, 15.897289375416214, 12.08456806543079, 11.65800400167764], "PointLightsPhi": [331.58024774923615, 149.35502873201332, 51.66891496293937, 144.2608648240087, 240.13322172025386, 339.63780811278076, 81.09264125587619, 166.27808444644188, 219.32562113893545, 319.0852213030385], "PointLightsTheta": [76.14563057866182, 3.9936572249788194, 84.88676958990509, 65.89478909756652, 11.926543943310406, 35.72625019182431, 12.501664195687672, 19.480950267727067, 39.4476755072248, 64.15043497483461], "PointLightsIntensity": [16.85387998442025, 10.572397160448944, 16.854988103085926, 14.387226982760989, 8.410702057397707, 16.81805834782537, 16.35034176468588, 11.198612363341853, 15.185419953267832, 11.430886701518546], "PointLightsRange": [10.058182204961332, 18.178340213320183, 24.55927245239694, 19.22331470682197, 21.339515870276493, 22.03117700653442, 23.28873319229454, 17.932820140359937, 13.783095522359975, 16.252905482415223], "PointLightsColor_r": [0.27124747884170375, 0.27124747884170375, 0.27124747884170375, 0.27124747884170375, 0.27124747884170375, 0.27124747884170375, 0.27124747884170375, 0.27124747884170375, 0.27124747884170375, 0.27124747884170375], "PointLightsColor_g": [0.38013158436880956, 0.38013158436880956, 0.38013158436880956, 0.38013158436880956, 0.38013158436880956, 0.38013158436880956, 0.38013158436880956, 0.38013158436880956, 0.38013158436880956, 0.38013158436880956], "PointLightsColor_b": [0.00024650487047117586, 0.00024650487047117586, 0.00024650487047117586, 0.00024650487047117586, 0.00024650487047117586, 0.00024650487047117586, 0.00024650487047117586, 0.00024650487047117586, 0.00024650487047117586, 0.00024650487047117586], "PointLightsColor_a": [0.6689706906529282, 0.6689706906529282, 0.6689706906529282, 0.6689706906529282, 0.6689706906529282, 0.6689706906529282, 0.6689706906529282, 0.6689706906529282, 0.6689706906529282, 0.6689706906529282], "same_PointLightsColor": true, "totalSpotLights": 6, "SpotLightsRadius": [19.48796333658906, 12.204557077614758, 10.795384838408921, 18.22584496348974, 9.181165635684085, 18.062820374231375], "SpotLightsPhi": [298.12768294499574, 167.63098659081734, 181.38834602374595, 196.04908603590957, 340.49227071412724, 213.07200830903213], "SpotLightsTheta": [80.65284545542472, 46.72879250224163, 60.9105049839282, 74.13955298157103, 32.1779682698414, 28.237074796137428], "SpotLightsIntensity": [13.4621074478553, 10.530589070075667, 8.253216303428719, 11.150713341349986, 7.539639207268816, 7.138424279395485], "SpotLightsRange": [13.127371462358857, 22.5373355641328, 12.134356666510557, 5.303235491107927, 11.082221432269137, 17.005546750070984], "SpotLightsColor_r": [0.8095787423107755, 0.2330045087912691, 0.5268530159102033, 0.30658722035651753, 0.23346498825442608, 0.5630735018170631], "SpotLightsColor_g": [0.578331447223101, 0.6842594007408779, 0.25747528230815475, 0.5239220233353487, 0.38382914675785307, 0.7638959822806826], "SpotLightsColor_b": [0.7671879965755877, 0.08431519578226077, 0.2699920513222648, 0.7851018794658756, 0.29571355959428314, 0.07832251599750961], "SpotLightsColor_a": [0.5206757080726608, 0.6505803780444348, 0.5852335661371666, 0.6835332823927753, 0.8604947982908484, 0.5962912217301048], "same_SpotLightsColor": false, "SpotAngle": [86.69906757498869, 26.643419071092804, 24.352778718340513, 68.4440164120751, 109.51022915142622, 71.15535712419776]}