{"totalSegments": 11, "scale": 2.6744389060035507, "same_scale": true, "totalArms_Segment": [1, 1, 1, 1, 1, 1, 1, 2, 1, 1], "same_theta": true, "theta": [19.068895203040366], "phi": 304.4828435720033, "same_material": false, "r": [0.890396076892777, 0.9753567019672489, 0.12853183961250392, 0.24766553769774058, 0.5221468246287194, 0.014843103705629246, 0.6043806260026778, 0.930294128245689, 0.8921097646612741, 0.11164544788499131, 0.4984641576716272], "g": [0.2450643689655525, 0.974202775954187, 0.1680529266478784, 0.17489864282644074, 0.5543362512158679, 0.38203556449054277, 0.8385974065286742, 0.0428516588586062, 0.9367973084531661, 0.6620661066185767, 0.5647783451249183], "b": [0.31028424636586294, 0.0036050973906063266, 0.6163248064498512, 0.62491916159395, 0.8742623905696878, 0.8841419024526057, 0.08776499196553333, 0.5914749878166211, 0.15503093940700807, 0.5355505683681906, 0.9699299750662288], "a": [0.9732928750342086, 0.8691502455827425, 0.9176564542389843, 0.820762164622715, 0.9660267429721965, 0.7883682858288263, 0.9432861373063008, 0.8089202635283553, 0.8403314476458776, 0.5337218913191913, 0.5913236259891288], "metallic": [0.053069691819387366, 0.3751734642719943, 0.3768809807183242, 0.1675102866703697, 0.8556174126988562, 0.801525140279818, 0.7469876473695323, 0.7908132041528314, 0.586390118121115, 0.6011458884062413, 0.5635262898783273], "smoothness": [0.4786024533613681, 0.529520845549015, 0.38047984257909806, 0.5572859566666976, 0.774234746454801, 0.8671476289433261, 0.14456922580109244, 0.010939453710616331, 0.869603166597154, 0.6777502106547751, 0.809811824957953], "DirectionalLightTheta": 76.86832472146173, "DirectionalLightIntensity": 1.0192328809334008, "totalPointLights": 0, "PointLightsRadius": null, "PointLightsPhi": null, "PointLightsTheta": null, "PointLightsIntensity": null, "PointLightsRange": null, "PointLightsColor_r": null, "PointLightsColor_g": null, "PointLightsColor_b": null, "PointLightsColor_a": null, "same_PointLightsColor": null, "totalSpotLights": 0, "SpotLightsRadius": null, "SpotLightsPhi": null, "SpotLightsTheta": null, "SpotLightsIntensity": null, "SpotLightsRange": null, "SpotLightsColor_r": null, "SpotLightsColor_g": null, "SpotLightsColor_b": null, "SpotLightsColor_a": null, "same_SpotLightsColor": null, "SpotAngle": null, "CameraRes_width": 520, "CameraRes_height": 520, "Camera_FieldofView": 80, "CameraRadius": 13, "CameraTheta": 90, "CameraPhi": 0, "CameraVerticalOffset": 0}