{"totalSegments": 11, "scale": [2.6811369389498214, 0.5399781600425431, 1.1276574277882823, 3.6782246630303925, 2.85745727226248, 2.8343676413522556, 1.9217394662745513, 3.784717518762468, 2.5300422131710834, 2.0656179732101854, 2.0342414997823854], "same_scale": false, "totalArms_Segment": [1, 1, 1, 2, 1, 1, 1, 1, 1, 1], "same_theta": false, "theta": [20.536738068855954, 31.61623568577732, 28.65150739009825, 10.508994958552151, 2.328223853434663, 15.900607977596696, 15.252134635939102, 13.751970137386422, 10.858295241488007, 29.20711717467369], "phi": 335.06020460715314, "same_material": true, "r": 0.30116494149408357, "g": 0.5724826978611103, "b": 0.47927600734593123, "a": 0.822021766942042, "metallic": 0.46467909262558205, "smoothness": 0.5290032859613407, "DirectionalLightTheta": 10.15966549964406, "DirectionalLightIntensity": 0.548097005177388, "totalPointLights": 0, "PointLightsRadius": null, "PointLightsPhi": null, "PointLightsTheta": null, "PointLightsIntensity": null, "PointLightsRange": null, "PointLightsColor_r": null, "PointLightsColor_g": null, "PointLightsColor_b": null, "PointLightsColor_a": null, "same_PointLightsColor": null, "totalSpotLights": 0, "SpotLightsRadius": null, "SpotLightsPhi": null, "SpotLightsTheta": null, "SpotLightsIntensity": null, "SpotLightsRange": null, "SpotLightsColor_r": null, "SpotLightsColor_g": null, "SpotLightsColor_b": null, "SpotLightsColor_a": null, "same_SpotLightsColor": null, "SpotAngle": null, "CameraRes_width": 640, "CameraRes_height": 480, "Camera_FieldofView": 80, "CameraRadius": 13, "CameraTheta": 90, "CameraPhi": 0, "CameraVerticalOffset": 0}