{"totalSegments": 11, "scale": 0.9917375875628331, "same_scale": true, "totalArms_Segment": [1, 1, 1, 1, 2, 1, 1, 1, 1, 1], "same_theta": true, "theta": [11.47312358954308], "phi": 259.3037943107808, "same_material": false, "r": [0.22926858580350196, 0.5123076444401578, 0.7050053547249648, 0.8394365358004235, 0.23256902901034526, 0.4631748870975646, 0.18882305523949094, 0.15262602540888004, 0.11195815484296023, 0.5792946165748105, 0.11483713927024475], "g": [0.896367361490795, 0.4028069452217139, 0.760098710018679, 0.7669144429221454, 0.3604545099324302, 0.6429143020568793, 0.9540054354163, 0.1785168082273949, 0.6787371680810301, 0.001076581717745051, 0.9601158714596383], "b": [0.5475518280341299, 0.13150795184224084, 0.03395646627231885, 0.7231333323995945, 0.7453794852521227, 0.18478743101282358, 0.8212834539147792, 0.2120946688131916, 0.46527709936391015, 0.8751999841416195, 0.6231841318734299], "a": [0.8645900959987325, 0.7259017485108474, 0.6753021361316389, 0.8505376885698686, 0.8168596530790745, 0.5273971407577656, 0.9389152111401564, 0.9781638222394233, 0.6969707232272981, 0.8835321176116758, 0.7155125007785504], "metallic": [0.9394606537612191, 0.4177544136884779, 0.25298761728582675, 0.23895307988977754, 0.07486320710846783, 0.3282473292513133, 0.37232878846629414, 0.1091664013246445, 0.621999174613032, 0.9180168555897968, 0.4632340062260437], "smoothness": [0.3687562741080924, 0.1353284410475335, 0.6036679236334191, 0.7195771703874166, 0.14355747476679648, 0.4230224066696421, 0.14051403440839572, 0.49132634799488784, 0.923368012393766, 0.2645855554188461, 0.11325474811854253], "DirectionalLightTheta": 85.36801302499073, "DirectionalLightIntensity": 0.5080726552927772, "totalPointLights": 0, "PointLightsRadius": null, "PointLightsPhi": null, "PointLightsTheta": null, "PointLightsIntensity": null, "PointLightsRange": null, "PointLightsColor_r": null, "PointLightsColor_g": null, "PointLightsColor_b": null, "PointLightsColor_a": null, "same_PointLightsColor": null, "totalSpotLights": 0, "SpotLightsRadius": null, "SpotLightsPhi": null, "SpotLightsTheta": null, "SpotLightsIntensity": null, "SpotLightsRange": null, "SpotLightsColor_r": null, "SpotLightsColor_g": null, "SpotLightsColor_b": null, "SpotLightsColor_a": null, "same_SpotLightsColor": null, "SpotAngle": null, "CameraRes_width": 640, "CameraRes_height": 480, "Camera_FieldofView": 80, "CameraRadius": 13, "CameraTheta": 90, "CameraPhi": 0, "CameraVerticalOffset": 0}