{"totalSegments": 11, "scale": 2.191820597234064, "same_scale": true, "totalArms_Segment": [1, 1, 1, 1, 1, 1, 1, 1, 1, 1], "same_theta": true, "theta": [19.140256908611626], "phi": 112.98052388157087, "same_material": false, "r": [0.26809830343026564, 0.6072515338001285, 0.7450541751627523, 0.8222743725842606, 0.6162309097808502, 0.7068760240399319, 0.9865442292280912, 0.4942531099180225, 0.8795832179463167, 0.8769563501269229, 0.5755999099500364], "g": [0.42660629606232014, 0.6969444180389457, 0.9918071047040582, 0.6611437629464593, 0.10319501153012278, 0.06003190077664733, 0.43877511521852164, 0.09060254191050532, 0.6281720229182021, 0.801557064681475, 0.5079726016933525], "b": [0.6515520758578301, 0.36640412035438485, 0.04036666467457761, 0.003284287215412851, 0.44464239871526356, 0.9783847313374666, 0.12383454171910624, 0.5927603979885977, 0.8232612259868178, 0.14784874400846026, 0.35506822348920675], "a": [0.8268174658874217, 0.5488991864230197, 0.7818233848691953, 0.6558295848799592, 0.8204822372832025, 0.8709914348799128, 0.5429178302727078, 0.6799885605985159, 0.5366670857330463, 0.8013886732963628, 0.5257551291790954], "metallic": [0.39109302618955877, 0.5366356919485493, 0.834335594150328, 0.9154111662140538, 0.1984306780714974, 0.18582018929924882, 0.8744610780622043, 0.5119525871613555, 0.008584151093494752, 0.35785266118682924, 0.8548372851522681], "smoothness": [0.7088687787175167, 0.4540667625342021, 0.994253006956514, 0.040131683930220596, 0.31474364419113043, 0.6709576253967781, 0.6343223421326101, 0.549856001956092, 0.5195089535715633, 0.27863981101100055, 0.2965871636030001], "DirectionalLightTheta": 62.98080936144271, "DirectionalLightIntensity": 1.6837328093843564, "totalPointLights": 0, "PointLightsRadius": null, "PointLightsPhi": null, "PointLightsTheta": null, "PointLightsIntensity": null, "PointLightsRange": null, "PointLightsColor_r": null, "PointLightsColor_g": null, "PointLightsColor_b": null, "PointLightsColor_a": null, "same_PointLightsColor": null, "totalSpotLights": 0, "SpotLightsRadius": null, "SpotLightsPhi": null, "SpotLightsTheta": null, "SpotLightsIntensity": null, "SpotLightsRange": null, "SpotLightsColor_r": null, "SpotLightsColor_g": null, "SpotLightsColor_b": null, "SpotLightsColor_a": null, "same_SpotLightsColor": null, "SpotAngle": null, "CameraRes_width": 640, "CameraRes_height": 480, "Camera_FieldofView": 80, "CameraRadius": 13, "CameraTheta": 90, "CameraPhi": 0, "CameraVerticalOffset": 0}