{"totalSegments": 9, "scale": [1.6431515967272468, 3.6581126157177466, 3.6551368917295712, 1.8497238279971375, 3.3023915332992644, 3.964972205610407, 2.4065264018854493, 0.7695878060444618, 3.069938133289474], "same_scale": false, "totalArms_Segment": [1, 1, 2, 1, 1, 2, 1, 1], "same_theta": true, "theta": [39.48343907095578], "phi": 56.5120225543274, "same_material": false, "r": [0.8688827656389819, 0.8836883658216029, 0.7299457813431458, 0.5536309314711256, 0.5474528805989249, 0.2948889567242645, 0.7458882396570872, 0.5092383718917729, 0.40368562031357735], "g": [0.9572781885526849, 0.4108741985564711, 0.9366109979774924, 0.8663809203002929, 0.03979730269942083, 0.49922445370635726, 0.5088230185510083, 0.2345869957798623, 0.148848329534487], "b": [0.3161872719798673, 0.7943409061762579, 0.14630485084246903, 0.6279905262473122, 0.392449895199555, 0.9076387131621428, 0.7975393061855303, 0.6594125905252269, 0.6449157698809895], "a": [0.8342947727907775, 0.8759435475614397, 0.9307040363751531, 0.511265094491804, 0.7242409921122694, 0.806943521715211, 0.687480331945885, 0.550179052240334, 0.6935594627425117], "metallic": [0.5742567379530733, 0.5718041927332225, 0.8730982302912912, 0.30001349834556323, 0.5069290470673109, 0.86470477807003, 0.9881407809541556, 0.9670741957128306, 0.13495730701078046], "smoothness": [0.9837211295992269, 0.41110033850052197, 0.7305629981838422, 0.6037931936764707, 0.8468043552033241, 0.039646754778054794, 0.4892587587902205, 0.19697153913864807, 0.2818751223524917], "DirectionalLightTheta": 73.00617507090766, "DirectionalLightIntensity": 0.5184520976382502, "totalPointLights": 0, "PointLightsRadius": null, "PointLightsPhi": null, "PointLightsTheta": null, "PointLightsIntensity": null, "PointLightsRange": null, "PointLightsColor_r": null, "PointLightsColor_g": null, "PointLightsColor_b": null, "PointLightsColor_a": null, "same_PointLightsColor": null, "totalSpotLights": 0, "SpotLightsRadius": null, "SpotLightsPhi": null, "SpotLightsTheta": null, "SpotLightsIntensity": null, "SpotLightsRange": null, "SpotLightsColor_r": null, "SpotLightsColor_g": null, "SpotLightsColor_b": null, "SpotLightsColor_a": null, "same_SpotLightsColor": null, "SpotAngle": null, "CameraRes_width": 640, "CameraRes_height": 480, "Camera_FieldofView": 80, "CameraRadius": 13, "CameraTheta": 90, "CameraPhi": 0, "CameraVerticalOffset": 0}