{"totalSegments": 7, "scale": [3.810355937328571, 3.0476898831730725, 2.876726128846706, 3.0796048670265455, 1.4986601691925987, 2.180698133418418, 3.3644307103786186], "same_scale": false, "totalArms_Segment": [1, 2, 1, 1, 1, 1], "same_theta": true, "theta": [16.564951015328752], "phi": 220.14259612897757, "same_material": false, "r": [0.4923092752494814, 0.32191286583751266, 0.9256245426467702, 0.26404532330448294, 0.18609827091748277, 0.7818506510978015, 0.6428319606774513], "g": [0.6213216457637601, 0.45941192956770915, 0.3084664565276358, 0.19651191800818613, 0.13567468468988697, 0.5927468168312111, 0.9371144386486256], "b": [0.11172432563048906, 0.8945037684207054, 0.24809339660012641, 0.6500731825068536, 0.5087294385465181, 0.7544409200689981, 0.8531801013250692], "a": [0.5473986865160756, 0.9351335414946751, 0.7294969507053503, 0.5341392595219541, 0.9693898280168742, 0.7297702966375771, 0.5976388493164336], "metallic": [0.16775893538553432, 0.09515002283558349, 0.7729968369038304, 0.5133706099888925, 0.34963873116952704, 0.7133942989557522, 0.6287367168943895], "smoothness": [0.3654687356777927, 0.06672419247284878, 0.9490820921242188, 0.8717627209393953, 0.4411936982025467, 0.48208461319372875, 0.5874340725657565], "DirectionalLightTheta": 44.41763051848755, "DirectionalLightIntensity": 0.7549464905728214, "totalPointLights": 0, "PointLightsRadius": null, "PointLightsPhi": null, "PointLightsTheta": null, "PointLightsIntensity": null, "PointLightsRange": null, "PointLightsColor_r": null, "PointLightsColor_g": null, "PointLightsColor_b": null, "PointLightsColor_a": null, "same_PointLightsColor": null, "totalSpotLights": 0, "SpotLightsRadius": null, "SpotLightsPhi": null, "SpotLightsTheta": null, "SpotLightsIntensity": null, "SpotLightsRange": null, "SpotLightsColor_r": null, "SpotLightsColor_g": null, "SpotLightsColor_b": null, "SpotLightsColor_a": null, "same_SpotLightsColor": null, "SpotAngle": null, "CameraRes_width": 640, "CameraRes_height": 480, "Camera_FieldofView": 80, "CameraRadius": 13, "CameraTheta": 90, "CameraPhi": 0, "CameraVerticalOffset": 0}