{"totalSegments": 2, "scale": [1.7424515972414025, 2.233795485273012], "same_scale": false, "totalArms_Segment": [1], "same_theta": false, "theta": [93.85821529666836], "phi": 122.74624820409393, "same_material": false, "r": [0.3025981920280981, 0.6679904236508325], "g": [0.6198909399475202, 0.9666230539726168], "b": [0.19512139413094087, 0.8379581252312833], "a": [0.5059608062166239, 0.5967384271482881], "metallic": [0.6195387270785946, 0.09560602212980573], "smoothness": [0.9237811202792459, 0.7777677536653814], "DirectionalLightTheta": 34.61998473066357, "DirectionalLightIntensity": 1.3231816862717498, "totalPointLights": 0, "PointLightsRadius": null, "PointLightsPhi": null, "PointLightsTheta": null, "PointLightsIntensity": null, "PointLightsRange": null, "PointLightsColor_r": null, "PointLightsColor_g": null, "PointLightsColor_b": null, "PointLightsColor_a": null, "same_PointLightsColor": null, "totalSpotLights": 0, "SpotLightsRadius": null, "SpotLightsPhi": null, "SpotLightsTheta": null, "SpotLightsIntensity": null, "SpotLightsRange": null, "SpotLightsColor_r": null, "SpotLightsColor_g": null, "SpotLightsColor_b": null, "SpotLightsColor_a": null, "same_SpotLightsColor": null, "SpotAngle": null, "CameraRes_width": 640, "CameraRes_height": 480, "Camera_FieldofView": 80, "CameraRadius": 13, "CameraTheta": 90, "CameraPhi": 0, "CameraVerticalOffset": 0}