{"CameraRes_width": 520, "CameraRes_height": 520, "Camera_FieldofView": 80, "CameraRadius": 10.0, "CameraTheta": 59.362046876423804, "CameraPhi": 214.34476534985103, "CameraVerticalOffset": 0, "total_cuboids": 11, "scale": 1.530759902120026, "same_scale": true, "total_branches": [1, 1, 2, 1, 1, 1, 1, 1, 1, 1], "same_theta": true, "theta": [31.71032722801797], "phi": 148.60406837216001, "same_material": false, "r": [0.8731220641061274, 0.6063401492987317, 0.2978800801466418, 0.540815327120936, 0.8666309564865322, 0.9516779109347695, 0.3459466988627008, 0.24624212490631536, 0.11183317574950447, 0.8861330638894046, 0.011865998112545406], "g": [0.4093824611068685, 0.16212744612763108, 0.3040847200751958, 0.8393224248541858, 0.13388505873471412, 0.7796469114848888, 0.9152040002244375, 0.9899811194681283, 0.7607196696587487, 0.17920088070020745, 0.5040199505323034], "b": [0.3306319518587001, 0.1788992143630177, 0.4362345000833485, 0.8041732993927477, 0.432550613379203, 0.6276039470727409, 0.9097578116463191, 0.5771218811720641, 0.6565661923272633, 0.8317464083168158, 0.47044413658226747], "a": [0.7259945705754036, 0.9761466982492408, 0.70161729493496, 0.7837511196101735, 0.6881404536733857, 0.9288344116185963, 0.9042739988533057, 0.8643885428657962, 0.6403424569519076, 0.5854642582463194, 0.7093208494028286], "metallic": [0.3286636014809944, 0.892159472268204, 0.6147669321867815, 0.6340045719573981, 0.7709283895886395, 0.949334233908848, 0.29222223408465164, 0.575088508697892, 0.6042629163888719, 0.7785338273480562, 0.7030294825915684], "smoothness": [0.14696903556719487, 0.16193978135099907, 0.7782254934304361, 0.9142046099246709, 0.7499280374683018, 0.20556386506201207, 0.6780130178890714, 0.38518820830306977, 0.5806221025716531, 0.29190702277810265, 0.31006837488590955], "DirectionalLightTheta": 85.5607919004119, "DirectionalLightIntensity": 0.6075592167874325, "totalPointLights": 5, "PointLightsRadius": [13.228669149108294, 17.276348566253375, 19.254882121153656, 13.932665549434416, 7.03818937884197], "PointLightsPhi": [249.34374879843065, 185.44800222770095, 153.50799025645063, 345.4319915746682, 319.14198953846613], "PointLightsTheta": [77.39851125930652, 18.287542983456785, 70.62595763405567, 31.118744802328006, 64.03440996592626], "PointLightsIntensity": [12.756833156564483, 14.058449298044865, 10.15491888392242, 9.294084412110513, 12.439103209029774], "PointLightsRange": [7.652575400461439, 20.295498660376126, 22.0935804926531, 8.275528664311345, 13.195031347021345], "PointLightsColor_r": [0.351077535294105, 0.351077535294105, 0.351077535294105, 0.351077535294105, 0.351077535294105], "PointLightsColor_g": [0.0008351720575796584, 0.0008351720575796584, 0.0008351720575796584, 0.0008351720575796584, 0.0008351720575796584], "PointLightsColor_b": [0.07689727196801321, 0.07689727196801321, 0.07689727196801321, 0.07689727196801321, 0.07689727196801321], "PointLightsColor_a": [0.8568984444788037, 0.8568984444788037, 0.8568984444788037, 0.8568984444788037, 0.8568984444788037], "same_PointLightsColor": true, "totalSpotLights": 3, "SpotLightsRadius": [9.336754785542945, 18.334206518175776, 10.836862300038964], "SpotLightsPhi": [315.6869897280215, 94.01519317452258, 310.8358242829806], "SpotLightsTheta": [72.99619634217437, 70.41868090575397, 62.376095862771095], "SpotLightsIntensity": [7.571408216133671, 12.459230183073876, 12.117256598027595], "SpotLightsRange": [7.85606493188749, 10.567104714094086, 23.382522876678028], "SpotLightsColor_r": [0.794299383264316, 0.794299383264316, 0.794299383264316], "SpotLightsColor_g": [0.5557746847013382, 0.5557746847013382, 0.5557746847013382], "SpotLightsColor_b": [0.07459237645260519, 0.07459237645260519, 0.07459237645260519], "SpotLightsColor_a": [0.6800749650082213, 0.6800749650082213, 0.6800749650082213], "same_SpotLightsColor": true, "SpotAngle": [81.77394623674208, 81.96501918360943, 92.7991054271941]}