{"totalSegments": 5, "scale": [3.542381875006435, 2.0281173255524836, 3.7367554482219667, 0.675128619437845, 2.6294449287311346], "same_scale": false, "totalArms_Segment": [1, 1, 1, 1], "same_theta": false, "theta": [20.011254185431767, 43.90909296947575, 68.13167303433664, 20.218122224942604], "phi": 218.66630747023328, "same_material": true, "r": 0.7863620914630577, "g": 0.5903921119716703, "b": 0.46621759592703804, "a": 0.7449679817181472, "metallic": 0.5031454493330044, "smoothness": 0.9103290996236769, "DirectionalLightTheta": 48.13621657997281, "DirectionalLightIntensity": 0.37866114733131584, "totalPointLights": 0, "PointLightsRadius": null, "PointLightsPhi": null, "PointLightsTheta": null, "PointLightsIntensity": null, "PointLightsRange": null, "PointLightsColor_r": null, "PointLightsColor_g": null, "PointLightsColor_b": null, "PointLightsColor_a": null, "same_PointLightsColor": null, "totalSpotLights": 0, "SpotLightsRadius": null, "SpotLightsPhi": null, "SpotLightsTheta": null, "SpotLightsIntensity": null, "SpotLightsRange": null, "SpotLightsColor_r": null, "SpotLightsColor_g": null, "SpotLightsColor_b": null, "SpotLightsColor_a": null, "same_SpotLightsColor": null, "SpotAngle": null, "CameraRes_width": 640, "CameraRes_height": 480, "Camera_FieldofView": 80, "CameraRadius": 13, "CameraTheta": 90, "CameraPhi": 0, "CameraVerticalOffset": 0}