{"totalSegments": 7, "scale": [1.5548747269812653, 2.53658231080482, 3.5384361191910303, 2.376547197063794, 2.0971733476213577, 0.7341961605070202, 3.0257006704362186], "same_scale": false, "totalArms_Segment": [1, 1, 1, 1, 1, 1], "same_theta": true, "theta": [31.099792744051314], "phi": 55.83799133555154, "same_material": false, "r": [0.8180241027404141, 0.09203681311732193, 0.7909416888887303, 0.33975970758392504, 0.32605726235507126, 0.08336869464164043, 0.06301945756151961], "g": [0.5798950021284024, 0.7282712137865645, 0.005877691122527673, 0.23578009443425962, 0.4859440006346174, 0.08506784326035732, 0.2603978321298738], "b": [0.9994818338437123, 0.4487648184762483, 0.9043573721806183, 0.9972395553893171, 0.6484810534905756, 0.03085521296120397, 0.6492286213296763], "a": [0.6183883127901869, 0.6543540829706693, 0.9626800969456983, 0.6245383312035148, 0.7081004722149108, 0.9078477879324287, 0.9633455220033993], "metallic": [0.5448815566326801, 0.7897121344213089, 0.7523792825815865, 0.6885106271733034, 0.3139935274445671, 0.27116038021058086, 0.08048314595411987], "smoothness": [0.6709730406376571, 0.18469100284641882, 0.03519823281619605, 0.15884899231509064, 0.8963909264448415, 0.2875419236737684, 0.884333674821969], "DirectionalLightTheta": 14.845993852142124, "DirectionalLightIntensity": 1.054020315978303, "totalPointLights": 0, "PointLightsRadius": null, "PointLightsPhi": null, "PointLightsTheta": null, "PointLightsIntensity": null, "PointLightsRange": null, "PointLightsColor_r": null, "PointLightsColor_g": null, "PointLightsColor_b": null, "PointLightsColor_a": null, "same_PointLightsColor": null, "totalSpotLights": 0, "SpotLightsRadius": null, "SpotLightsPhi": null, "SpotLightsTheta": null, "SpotLightsIntensity": null, "SpotLightsRange": null, "SpotLightsColor_r": null, "SpotLightsColor_g": null, "SpotLightsColor_b": null, "SpotLightsColor_a": null, "same_SpotLightsColor": null, "SpotAngle": null, "CameraRes_width": 640, "CameraRes_height": 480, "Camera_FieldofView": 80, "CameraRadius": 13, "CameraTheta": 90, "CameraPhi": 0, "CameraVerticalOffset": 0}