{"totalSegments": 8, "scale": 0.7706085778943017, "same_scale": true, "totalArms_Segment": [2, 1, 1, 2, 1, 2, 1], "same_theta": false, "theta": [26.631180021113707, 32.44043670579444, 39.99460627329002, 10.95114082753311, 5.280443635431529, 25.98342565990117, 10.41499542290059], "phi": 288.66207537828564, "same_material": false, "r": [0.05585376790206786, 0.60421425589873, 0.9808366081171482, 0.5621414114402832, 0.1601815900130905, 0.2468604859197746, 0.30066426452619965, 0.8200717019973562], "g": [0.5109148719745599, 0.17790166307947408, 0.09016466355025221, 0.9044225164374764, 0.8570613844745951, 0.1873155694634694, 0.5937543105717836, 0.4380938158017216], "b": [0.7538533397068309, 0.004657053600641725, 0.1692938665999758, 0.18764865647424034, 0.983270495662076, 0.1376367747525964, 0.30877777277227647, 0.0602183508513181], "a": [0.9479957033566273, 0.8098905489233077, 0.8065811775845961, 0.9362413282299924, 0.739124465370741, 0.9231012754858516, 0.934963048116863, 0.8801537252035714], "metallic": [0.21592990884000196, 0.8041036391018973, 0.29198764124711796, 0.5740753436049156, 0.23394907312192048, 0.24628786941999237, 0.5735082334927732, 0.0720750447676356], "smoothness": [0.09155118066600587, 0.11869650478022753, 0.6773366048519668, 0.5857683398028938, 0.3216950704366922, 0.8791578936733012, 0.02587382753765821, 0.046479723239097104], "DirectionalLightTheta": 42.87075483102208, "DirectionalLightIntensity": 1.4253872065028683, "totalPointLights": 0, "PointLightsRadius": null, "PointLightsPhi": null, "PointLightsTheta": null, "PointLightsIntensity": null, "PointLightsRange": null, "PointLightsColor_r": null, "PointLightsColor_g": null, "PointLightsColor_b": null, "PointLightsColor_a": null, "same_PointLightsColor": null, "totalSpotLights": 0, "SpotLightsRadius": null, "SpotLightsPhi": null, "SpotLightsTheta": null, "SpotLightsIntensity": null, "SpotLightsRange": null, "SpotLightsColor_r": null, "SpotLightsColor_g": null, "SpotLightsColor_b": null, "SpotLightsColor_a": null, "same_SpotLightsColor": null, "SpotAngle": null, "CameraRes_width": 640, "CameraRes_height": 480, "Camera_FieldofView": 80, "CameraRadius": 13, "CameraTheta": 90, "CameraPhi": 0, "CameraVerticalOffset": 0}