{"totalSegments": 2, "scale": [3.9822772106898072, 3.3100297045440605], "same_scale": false, "totalArms_Segment": [1], "same_theta": false, "theta": [77.48138396770527], "phi": 218.49552219096603, "same_material": false, "r": [0.37285274055594464, 0.9125079039476786], "g": [0.2231240429484318, 0.16082946663385034], "b": [0.9345030583334794, 0.5888779125996635], "a": [0.6543701542660811, 0.81852071763806], "metallic": [0.615987281677859, 0.5792162396323239], "smoothness": [0.30731299643619336, 0.7681454499657855], "DirectionalLightTheta": 85.72738647454149, "DirectionalLightIntensity": 1.6634091647436844, "totalPointLights": 0, "PointLightsRadius": null, "PointLightsPhi": null, "PointLightsTheta": null, "PointLightsIntensity": null, "PointLightsRange": null, "PointLightsColor_r": null, "PointLightsColor_g": null, "PointLightsColor_b": null, "PointLightsColor_a": null, "same_PointLightsColor": null, "totalSpotLights": 0, "SpotLightsRadius": null, "SpotLightsPhi": null, "SpotLightsTheta": null, "SpotLightsIntensity": null, "SpotLightsRange": null, "SpotLightsColor_r": null, "SpotLightsColor_g": null, "SpotLightsColor_b": null, "SpotLightsColor_a": null, "same_SpotLightsColor": null, "SpotAngle": null, "CameraRes_width": 640, "CameraRes_height": 480, "Camera_FieldofView": 80, "CameraRadius": 13, "CameraTheta": 90, "CameraPhi": 0, "CameraVerticalOffset": 0}