{"totalSegments": 10, "scale": 1.7223422342330754, "same_scale": true, "totalArms_Segment": [1, 1, 1, 1, 1, 1, 1, 1, 1], "same_theta": false, "theta": [10.18341202127151, 10.362466771119918, 26.75527728751941, 10.59538644867784, 0.9589564610692869, 14.162625384614662, 11.349607382505516, 20.86191387839203, 22.958074082409517], "phi": 26.539239220770234, "same_material": false, "r": [0.672610357289727, 0.7287378461236257, 0.11147419667242531, 0.9547919074352762, 0.7006175969484162, 0.08705267013847218, 0.4558097285735728, 0.7676180787374861, 0.5759201576518748, 0.798105214930657], "g": [0.8191807047259874, 0.4552382859370123, 0.3279339407031261, 0.5691891758653149, 0.5265203262677073, 0.7522894747027274, 0.24744236801961672, 0.2582499344984581, 0.5283527250704316, 0.4309438586133736], "b": [0.409371980015962, 0.8611443328533676, 0.659074622048855, 0.17278459863507356, 0.7737143779704132, 0.7136095796881549, 0.9563829633180546, 0.1071047439025189, 0.6643513333094064, 0.8393459735168677], "a": [0.7018424171362687, 0.5609933501592683, 0.5714638650415156, 0.6323777379808442, 0.5259016729762973, 0.7332937310246395, 0.9175906896330945, 0.7930347379502047, 0.5780092294411229, 0.7026686715613615], "metallic": [0.8309336054059409, 0.7170382980260326, 0.3534192592414902, 0.456050029038766, 0.04482018875351257, 0.9907484962103402, 0.21064071722114386, 0.5295395042054162, 0.9072653487187585, 0.23738194956737912], "smoothness": [0.1840622870309998, 0.1695064382628534, 0.28092349735347355, 0.14796738121924857, 0.9507214542047963, 0.5901491048896175, 0.4599212459610157, 0.9548372955504928, 0.6799233767774017, 0.3696336296392465], "DirectionalLightTheta": 61.46767179532518, "DirectionalLightIntensity": 0.7914255605734747, "totalPointLights": 0, "PointLightsRadius": null, "PointLightsPhi": null, "PointLightsTheta": null, "PointLightsIntensity": null, "PointLightsRange": null, "PointLightsColor_r": null, "PointLightsColor_g": null, "PointLightsColor_b": null, "PointLightsColor_a": null, "same_PointLightsColor": null, "totalSpotLights": 0, "SpotLightsRadius": null, "SpotLightsPhi": null, "SpotLightsTheta": null, "SpotLightsIntensity": null, "SpotLightsRange": null, "SpotLightsColor_r": null, "SpotLightsColor_g": null, "SpotLightsColor_b": null, "SpotLightsColor_a": null, "same_SpotLightsColor": null, "SpotAngle": null, "CameraRes_width": 520, "CameraRes_height": 520, "Camera_FieldofView": 80, "CameraRadius": 13, "CameraTheta": 90, "CameraPhi": 0, "CameraVerticalOffset": 0}