{"totalSegments": 11, "scale": [3.6901958922223077, 2.9211359876911818, 2.5220093509772257, 0.8263083812994274, 1.0771542786272637, 2.291179542757858, 3.8884968369266395, 3.121252255638547, 1.902100587810255, 1.0622168160252414, 3.7233656232366834], "same_scale": false, "totalArms_Segment": [1, 1, 1, 2, 1, 1, 2, 1, 1, 1], "same_theta": false, "theta": [14.388166568367586, 20.385703462247513, 9.118602080804761, 3.543568101729637, 22.352607264539415, 10.244625496679834, 19.837561296410797, 27.336615004453268, 6.61450112100914, 17.640346126323696], "phi": 41.925761501803976, "same_material": false, "r": [0.7120225265781531, 0.9006488847033103, 0.390746198896753, 0.46100304103005085, 0.9013397472859301, 0.9713201224296903, 0.8285208101675886, 0.2386491800465913, 0.273797555373818, 0.21140282519864595, 0.1367623667213822], "g": [0.36799193645396766, 0.5236311430413532, 0.6096311527126018, 0.42054588347729893, 0.15877843651455104, 0.5550856685187306, 0.16491366426234522, 0.1481093735202338, 0.7130414468141353, 0.4088917182638736, 0.7701549748116889], "b": [0.05241919482887614, 0.975571395764809, 0.3196897547646863, 0.6527300439818786, 0.3549312225215443, 0.21470706696681607, 0.6069755654804189, 0.8333070637869262, 0.36396526596931644, 0.6290184824192129, 0.3123803604244211], "a": [0.7472874385064425, 0.6788194682908985, 0.7157328412300654, 0.81061908345415, 0.5463658918614753, 0.6772949400920848, 0.785075272298993, 0.9979849203471918, 0.646708682985971, 0.9444533148791572, 0.6530863721912465], "metallic": [0.08942430846715854, 0.6258355917406382, 0.8043358420908184, 0.32054762664707126, 0.9758584577378964, 0.28007245760028276, 0.8016747346160222, 0.281799779035377, 0.19737366335828366, 0.31713258462388705, 0.3216521048672927], "smoothness": [0.6247646746273554, 0.47843737868160374, 0.791396070886238, 0.9070137468601244, 0.6874098618283003, 0.7721143702865633, 0.4973653809015045, 0.3266623558644347, 0.2525451510436939, 0.9405468553664125, 0.6589072519247317], "DirectionalLightTheta": 20.77352865599039, "DirectionalLightIntensity": 1.7392255747111431, "totalPointLights": 0, "PointLightsRadius": null, "PointLightsPhi": null, "PointLightsTheta": null, "PointLightsIntensity": null, "PointLightsRange": null, "PointLightsColor_r": null, "PointLightsColor_g": null, "PointLightsColor_b": null, "PointLightsColor_a": null, "same_PointLightsColor": null, "totalSpotLights": 0, "SpotLightsRadius": null, "SpotLightsPhi": null, "SpotLightsTheta": null, "SpotLightsIntensity": null, "SpotLightsRange": null, "SpotLightsColor_r": null, "SpotLightsColor_g": null, "SpotLightsColor_b": null, "SpotLightsColor_a": null, "same_SpotLightsColor": null, "SpotAngle": null, "CameraRes_width": 640, "CameraRes_height": 480, "Camera_FieldofView": 80, "CameraRadius": 13, "CameraTheta": 90, "CameraPhi": 0, "CameraVerticalOffset": 0}