{"totalSegments": 9, "scale": 1.9417497911593409, "same_scale": true, "totalArms_Segment": [1, 1, 2, 1, 1, 1, 3, 2], "same_theta": false, "theta": [28.981462085399393, 4.656435365732796, 5.374094117785013, 24.31211112633859, 10.454633276803973, 4.6292311859567326, 23.703193171435842, 1.577374336589692], "phi": 119.03576946221075, "same_material": true, "r": 0.651550762342474, "g": 0.5790448201005882, "b": 0.3363714845940652, "a": 0.7297933916638903, "metallic": 0.5296420085332254, "smoothness": 0.8265334415417857, "DirectionalLightTheta": 82.61417305590818, "DirectionalLightIntensity": 1.3524940891044628, "totalPointLights": 0, "PointLightsRadius": null, "PointLightsPhi": null, "PointLightsTheta": null, "PointLightsIntensity": null, "PointLightsRange": null, "PointLightsColor_r": null, "PointLightsColor_g": null, "PointLightsColor_b": null, "PointLightsColor_a": null, "same_PointLightsColor": null, "totalSpotLights": 0, "SpotLightsRadius": null, "SpotLightsPhi": null, "SpotLightsTheta": null, "SpotLightsIntensity": null, "SpotLightsRange": null, "SpotLightsColor_r": null, "SpotLightsColor_g": null, "SpotLightsColor_b": null, "SpotLightsColor_a": null, "same_SpotLightsColor": null, "SpotAngle": null, "CameraRes_width": 640, "CameraRes_height": 480, "Camera_FieldofView": 80, "CameraRadius": 13, "CameraTheta": 90, "CameraPhi": 0, "CameraVerticalOffset": 0}