{"totalSegments": 8, "scale": 3.1221526294210125, "same_scale": true, "totalArms_Segment": [1, 1, 1, 1, 1, 1, 1], "same_theta": false, "theta": [9.74944048202267, 7.378039812086316, 41.54133297690068, 39.123078285300025, 42.474088352732636, 29.942292517996712, 5.755675264376178], "phi": 127.22622581455188, "same_material": false, "r": [0.40366729729087725, 0.6734305199924306, 0.31314526546508314, 0.7535082701827481, 0.8131959610740201, 0.26944924489212607, 0.6591818499887455, 0.22229610453231652], "g": [0.5180810169901056, 0.4879196032280232, 0.6833972238299783, 0.7118502156915506, 0.09994971655778229, 0.2703775381128346, 0.12338815664372504, 0.5492846829295966], "b": [0.9284438156906949, 0.838722125261378, 0.8967243787972562, 0.13576084198391913, 0.07864028591408201, 0.48126381634973114, 0.9187656200891382, 0.568190169506445], "a": [0.8437220967989061, 0.7667758584825928, 0.6079548489487125, 0.9796411751271805, 0.8786506964643555, 0.7667563479826591, 0.8184235566776106, 0.6414320269797397], "metallic": [0.36879179491705527, 0.9365785881494983, 0.21032667028207352, 0.7772551064055723, 0.21725317217833273, 0.0062286387660460685, 0.15538001544343283, 0.24214897884828512], "smoothness": [0.09774861837258664, 0.5162906560517265, 0.8696728825560456, 0.4638238931901528, 0.12572170907240332, 0.975382553937127, 0.596384708396908, 0.1400042884219731], "DirectionalLightTheta": 28.41321347589428, "DirectionalLightIntensity": 1.0974888673002132, "totalPointLights": 0, "PointLightsRadius": null, "PointLightsPhi": null, "PointLightsTheta": null, "PointLightsIntensity": null, "PointLightsRange": null, "PointLightsColor_r": null, "PointLightsColor_g": null, "PointLightsColor_b": null, "PointLightsColor_a": null, "same_PointLightsColor": null, "totalSpotLights": 0, "SpotLightsRadius": null, "SpotLightsPhi": null, "SpotLightsTheta": null, "SpotLightsIntensity": null, "SpotLightsRange": null, "SpotLightsColor_r": null, "SpotLightsColor_g": null, "SpotLightsColor_b": null, "SpotLightsColor_a": null, "same_SpotLightsColor": null, "SpotAngle": null, "CameraRes_width": 640, "CameraRes_height": 480, "Camera_FieldofView": 80, "CameraRadius": 13, "CameraTheta": 90, "CameraPhi": 0, "CameraVerticalOffset": 0}