{"totalSegments": 8, "scale": 1.2962143712233911, "same_scale": true, "totalArms_Segment": [1, 1, 1, 1, 1, 2, 1], "same_theta": true, "theta": [28.627639092461816], "phi": 142.30314373816762, "same_material": false, "r": [0.9803316381363384, 0.22386342379917235, 0.8098277207175312, 0.67142300102313, 0.8394447000930967, 0.7957411364144289, 0.36855772784374685, 0.48307575017462834], "g": [0.31825552312425665, 0.5428073163466594, 0.43887477059627, 0.15427422147352932, 0.25390198148649723, 0.18730593566680354, 0.7825918086381782, 0.8318360844272762], "b": [0.06826145665684735, 0.5651329667804796, 0.8905650353126608, 0.1923391671879805, 0.6272518919296651, 0.8001375150418742, 0.9539164690976996, 0.4350645162819059], "a": [0.8509018824588315, 0.576019486442354, 0.7935955078501122, 0.8345434057859821, 0.7998689588150544, 0.9629444466212915, 0.7161897051188493, 0.6476942745313217], "metallic": [0.20645610124040492, 0.6875215678390983, 0.45868670112509424, 0.13256113570147898, 0.6530007749364474, 0.9692201534767669, 0.37789709042639064, 0.21657028754648733], "smoothness": [0.907406121814681, 0.5156749547949449, 0.2754325702819709, 0.3476718543901852, 0.7784122273939998, 0.8335408369004437, 0.8686750175731989, 0.4554117538263017], "DirectionalLightTheta": 17.986659936955736, "DirectionalLightIntensity": 0.1656273089828656, "totalPointLights": 0, "PointLightsRadius": null, "PointLightsPhi": null, "PointLightsTheta": null, "PointLightsIntensity": null, "PointLightsRange": null, "PointLightsColor_r": null, "PointLightsColor_g": null, "PointLightsColor_b": null, "PointLightsColor_a": null, "same_PointLightsColor": null, "totalSpotLights": 0, "SpotLightsRadius": null, "SpotLightsPhi": null, "SpotLightsTheta": null, "SpotLightsIntensity": null, "SpotLightsRange": null, "SpotLightsColor_r": null, "SpotLightsColor_g": null, "SpotLightsColor_b": null, "SpotLightsColor_a": null, "same_SpotLightsColor": null, "SpotAngle": null, "CameraRes_width": 520, "CameraRes_height": 520, "Camera_FieldofView": 80, "CameraRadius": 13, "CameraTheta": 90, "CameraPhi": 0, "CameraVerticalOffset": 0}