{"totalSegments": 7, "scale": [2.463302823089969, 2.358861023693418, 0.8177949055593104, 0.8051979640148683, 1.5411693582474566, 2.122320639414651, 2.432438849546311], "same_scale": false, "totalArms_Segment": [1, 1, 2, 1, 1, 2], "same_theta": false, "theta": [22.440899646606415, 26.350194164191688, 47.64394954354547, 16.330931461753455, 13.87454342359004, 31.245653467233936], "phi": 196.63208033967288, "same_material": false, "r": [0.12512305660870082, 0.12130514234515444, 0.17096293307945598, 0.32213866710620465, 0.5337318611697837, 0.3938183546196946, 0.5084545702745532], "g": [0.7191058860063618, 0.02833893804368348, 0.7954362691784292, 0.7783540562360358, 0.47293722628390955, 0.5940878806787968, 0.8196671352128522], "b": [0.3845219246560203, 0.33874379317986636, 0.22291252160226493, 0.9693996195374845, 0.7801323822428153, 0.24624964331805277, 0.9749199582093212], "a": [0.8453579476720531, 0.7701006435179065, 0.5543463481330355, 0.5431700137876205, 0.5408913614512584, 0.9056534406205579, 0.6304619934219182], "metallic": [0.05395704074489582, 0.32024112405945826, 0.20165740733114768, 0.6978504270758213, 0.8804985199150894, 0.4180785963154562, 0.009620055254736748], "smoothness": [0.965229201253033, 0.8044852695420465, 0.22917881626329228, 0.783492977294489, 0.40570311834783845, 0.23381178097409283, 0.4944601734358035], "DirectionalLightTheta": 64.05268146413928, "DirectionalLightIntensity": 0.2662898715059381, "totalPointLights": 0, "PointLightsRadius": null, "PointLightsPhi": null, "PointLightsTheta": null, "PointLightsIntensity": null, "PointLightsRange": null, "PointLightsColor_r": null, "PointLightsColor_g": null, "PointLightsColor_b": null, "PointLightsColor_a": null, "same_PointLightsColor": null, "totalSpotLights": 0, "SpotLightsRadius": null, "SpotLightsPhi": null, "SpotLightsTheta": null, "SpotLightsIntensity": null, "SpotLightsRange": null, "SpotLightsColor_r": null, "SpotLightsColor_g": null, "SpotLightsColor_b": null, "SpotLightsColor_a": null, "same_SpotLightsColor": null, "SpotAngle": null, "CameraRes_width": 520, "CameraRes_height": 520, "Camera_FieldofView": 80, "CameraRadius": 13, "CameraTheta": 90, "CameraPhi": 0, "CameraVerticalOffset": 0}