{"totalSegments": 3, "scale": [2.088265648512147, 3.6065531952934355, 0.7173703871169455], "same_scale": false, "totalArms_Segment": [1, 1], "same_theta": false, "theta": [96.16998864808893, 59.11447366259358], "phi": 316.99405549940485, "same_material": false, "r": [0.5726968603647181, 0.23285634066362926, 0.15581845243928216], "g": [0.975783379068281, 0.5568167696140337, 0.4766347231294681], "b": [0.1921530933215433, 0.8606442889485816, 0.2441541892592879], "a": [0.6053660177719188, 0.6681352914587451, 0.8418091786726274], "metallic": [0.3468261116510497, 0.1355041256595425, 0.7440866407316317], "smoothness": [0.14992201684795192, 0.12529545090692729, 0.5309795020993635], "DirectionalLightTheta": 31.047993506941513, "DirectionalLightIntensity": 0.5195449092305907, "totalPointLights": 0, "PointLightsRadius": null, "PointLightsPhi": null, "PointLightsTheta": null, "PointLightsIntensity": null, "PointLightsRange": null, "PointLightsColor_r": null, "PointLightsColor_g": null, "PointLightsColor_b": null, "PointLightsColor_a": null, "same_PointLightsColor": null, "totalSpotLights": 0, "SpotLightsRadius": null, "SpotLightsPhi": null, "SpotLightsTheta": null, "SpotLightsIntensity": null, "SpotLightsRange": null, "SpotLightsColor_r": null, "SpotLightsColor_g": null, "SpotLightsColor_b": null, "SpotLightsColor_a": null, "same_SpotLightsColor": null, "SpotAngle": null, "CameraRes_width": 640, "CameraRes_height": 480, "Camera_FieldofView": 80, "CameraRadius": 13, "CameraTheta": 90, "CameraPhi": 0, "CameraVerticalOffset": 0}