{"totalSegments": 6, "scale": [3.2822980577149403, 2.138470312248676, 3.5328919118033677, 3.0856563982890126, 3.600209931351524, 2.47031381970573], "same_scale": false, "totalArms_Segment": [1, 1, 1, 1, 1], "same_theta": true, "theta": [4.628125206043143], "phi": 296.9678626672996, "same_material": false, "r": [0.725044953787702, 0.6923644898335717, 0.2645836607304072, 0.5316793545856092, 0.33829438168528625, 0.015011984194419958], "g": [0.4257868937628887, 0.6878253448979789, 0.7018931158851485, 0.46397603798456855, 0.46243032951468, 0.8834210032716927], "b": [0.23546917227027953, 0.9052143085387901, 0.23635821277653546, 0.011728520401565246, 0.2018595396373235, 0.5063910331202183], "a": [0.586296541198319, 0.8802686711071418, 0.708513324242353, 0.5014846711336649, 0.9664815968690303, 0.8581109814111008], "metallic": [0.14432199220758746, 0.1572545127269982, 0.3896351554766131, 0.9087688312007589, 0.3741381993548508, 0.45617392210157115], "smoothness": [0.32416228373110145, 0.6169005976707381, 0.8624878617088542, 0.9143039750368886, 0.917748343041126, 0.43044503597431116], "DirectionalLightTheta": 80.32669693725575, "DirectionalLightIntensity": 1.6034285921584126, "totalPointLights": 0, "PointLightsRadius": null, "PointLightsPhi": null, "PointLightsTheta": null, "PointLightsIntensity": null, "PointLightsRange": null, "PointLightsColor_r": null, "PointLightsColor_g": null, "PointLightsColor_b": null, "PointLightsColor_a": null, "same_PointLightsColor": null, "totalSpotLights": 0, "SpotLightsRadius": null, "SpotLightsPhi": null, "SpotLightsTheta": null, "SpotLightsIntensity": null, "SpotLightsRange": null, "SpotLightsColor_r": null, "SpotLightsColor_g": null, "SpotLightsColor_b": null, "SpotLightsColor_a": null, "same_SpotLightsColor": null, "SpotAngle": null, "CameraRes_width": 640, "CameraRes_height": 480, "Camera_FieldofView": 80, "CameraRadius": 13, "CameraTheta": 90, "CameraPhi": 0, "CameraVerticalOffset": 0}