{"totalSegments": 7, "scale": 1.1121261459821754, "same_scale": true, "totalArms_Segment": [1, 2, 1, 1, 1, 2], "same_theta": false, "theta": [36.854511910297454, 32.24156429551506, 36.89792287665456, 26.670050978025696, 4.259257527987442, 18.287444532267482], "phi": 85.27332785506555, "same_material": false, "r": [0.7932679071371831, 0.2135714483775637, 0.7601736419656847, 0.6230940281952498, 0.4667292279271914, 0.43368554309347507, 0.65941152132188], "g": [0.9493283142821077, 0.4867446787944787, 0.36335094393612677, 0.32156261957977605, 0.8837729724878154, 0.24462833073998358, 0.5329114996234205], "b": [0.05783471014500341, 0.0007841214023835974, 0.554366338585872, 0.43542667046703654, 0.7789112102975038, 0.8492856916287986, 0.32159075749676636], "a": [0.9563483035825975, 0.9243716367101449, 0.6617845436173617, 0.6787699913591239, 0.69188854457093, 0.9827111453206732, 0.709241593138042], "metallic": [0.27044085570091336, 0.6367790013354099, 0.512783548408861, 0.5218051577789482, 0.6595337368235292, 0.987663042863601, 0.9707072980374237], "smoothness": [0.4498301264278387, 0.3713175438447722, 0.4348462332023608, 0.915117140917513, 0.7456185604964822, 0.5989925111986419, 0.738826733746796], "DirectionalLightTheta": 20.92619692204349, "DirectionalLightIntensity": 1.6371551781771099, "totalPointLights": 0, "PointLightsRadius": null, "PointLightsPhi": null, "PointLightsTheta": null, "PointLightsIntensity": null, "PointLightsRange": null, "PointLightsColor_r": null, "PointLightsColor_g": null, "PointLightsColor_b": null, "PointLightsColor_a": null, "same_PointLightsColor": null, "totalSpotLights": 0, "SpotLightsRadius": null, "SpotLightsPhi": null, "SpotLightsTheta": null, "SpotLightsIntensity": null, "SpotLightsRange": null, "SpotLightsColor_r": null, "SpotLightsColor_g": null, "SpotLightsColor_b": null, "SpotLightsColor_a": null, "same_SpotLightsColor": null, "SpotAngle": null, "CameraRes_width": 640, "CameraRes_height": 480, "Camera_FieldofView": 80, "CameraRadius": 13, "CameraTheta": 90, "CameraPhi": 0, "CameraVerticalOffset": 0}