{"totalSegments": 9, "scale": [0.7335774070405554, 3.107298419847195, 3.433564684986985, 1.727161695255267, 2.085687140667579, 0.9679591873724316, 3.365381977009988, 2.103654456994661, 1.9760606004392565], "same_scale": false, "totalArms_Segment": [1, 1, 1, 1, 1, 1, 1, 1], "same_theta": false, "theta": [25.20756941956823, 9.386858174209426, 22.74415038114619, 27.461686454798816, 0.7681655154016553, 8.817301174262848, 19.93513608840834, 38.4185286307151], "phi": 59.27809183559714, "same_material": false, "r": [0.6780328097477853, 0.048430628243269935, 0.8982411157366649, 0.34578871700069624, 0.5687722242047042, 0.7542219865536062, 0.6913357905760117, 0.48802056766242874, 0.7722128709385653], "g": [0.729387802626647, 0.6171481799361748, 0.8782865941575179, 0.8137065955278373, 0.8023307640665979, 0.5522904218463056, 0.7566625007221421, 0.267717914203098, 0.47910779791931357], "b": [0.8612535461140248, 0.4506584807080909, 0.09906590935256321, 0.9353388583002281, 0.34135483437266145, 0.8983744970851946, 0.3388753799584726, 0.000555906458765687, 0.0977314682114846], "a": [0.7394915129872898, 0.6385528579674151, 0.5798769135125459, 0.5415037536375717, 0.9751495244925301, 0.9732976954392822, 0.5689997372983331, 0.9894485298157436, 0.842901828016705], "metallic": [0.5225865315632995, 0.2974948911521669, 0.5760454398750123, 0.007955515090627197, 0.8719398536429763, 0.4300033306721359, 0.49303145559893446, 0.17528732482091813, 0.7888196274191392], "smoothness": [0.3044869511725704, 0.29246037845201855, 0.6253172373818224, 0.7586958028639113, 0.8497793109827819, 0.6011022026845436, 0.780295387064423, 0.14906878492785136, 0.23177057522583033], "DirectionalLightTheta": 3.0924317995598507, "DirectionalLightIntensity": 1.6731796724155985, "totalPointLights": 0, "PointLightsRadius": null, "PointLightsPhi": null, "PointLightsTheta": null, "PointLightsIntensity": null, "PointLightsRange": null, "PointLightsColor_r": null, "PointLightsColor_g": null, "PointLightsColor_b": null, "PointLightsColor_a": null, "same_PointLightsColor": null, "totalSpotLights": 0, "SpotLightsRadius": null, "SpotLightsPhi": null, "SpotLightsTheta": null, "SpotLightsIntensity": null, "SpotLightsRange": null, "SpotLightsColor_r": null, "SpotLightsColor_g": null, "SpotLightsColor_b": null, "SpotLightsColor_a": null, "same_SpotLightsColor": null, "SpotAngle": null, "CameraRes_width": 640, "CameraRes_height": 480, "Camera_FieldofView": 80, "CameraRadius": 13, "CameraTheta": 90, "CameraPhi": 0, "CameraVerticalOffset": 0}