{"totalSegments": 2, "scale": [1.354651930069988, 2.5418538181436054], "same_scale": false, "totalArms_Segment": [1], "same_theta": true, "theta": [74.02262326805892], "phi": 178.29114443136658, "same_material": false, "r": [0.5171257029717997, 0.9560252477391531], "g": [0.6920967411392503, 0.08725644394336496], "b": [0.7072963897736237, 0.8211855909162536], "a": [0.7982373307194959, 0.5429576955659738], "metallic": [0.648650165725738, 0.7490534993056606], "smoothness": [0.3127409296210444, 0.5805647345005447], "DirectionalLightTheta": 9.414217789313255, "DirectionalLightIntensity": 1.3932112647445811, "totalPointLights": 0, "PointLightsRadius": null, "PointLightsPhi": null, "PointLightsTheta": null, "PointLightsIntensity": null, "PointLightsRange": null, "PointLightsColor_r": null, "PointLightsColor_g": null, "PointLightsColor_b": null, "PointLightsColor_a": null, "same_PointLightsColor": null, "totalSpotLights": 0, "SpotLightsRadius": null, "SpotLightsPhi": null, "SpotLightsTheta": null, "SpotLightsIntensity": null, "SpotLightsRange": null, "SpotLightsColor_r": null, "SpotLightsColor_g": null, "SpotLightsColor_b": null, "SpotLightsColor_a": null, "same_SpotLightsColor": null, "SpotAngle": null, "CameraRes_width": 640, "CameraRes_height": 480, "Camera_FieldofView": 80, "CameraRadius": 13, "CameraTheta": 90, "CameraPhi": 0, "CameraVerticalOffset": 0}