{"totalSegments": 9, "scale": 2.904943672916936, "same_scale": true, "totalArms_Segment": [1, 1, 1, 1, 1, 1, 1, 1], "same_theta": false, "theta": [9.483544149646296, 6.114457806322049, 13.484704194993999, 22.29132967908201, 26.59171545427207, 0.7141819570600161, 1.3834452333697733, 4.724948234197863], "phi": 320.1689405937756, "same_material": false, "r": [0.6818387696034134, 0.8438071335469707, 0.4950609481194015, 0.18799197140850554, 0.1260534516875822, 0.0709348946355628, 0.6385157814491004, 0.8409271233419361, 0.9165077539704267], "g": [0.6398484363992496, 0.5288024208403016, 0.9729855188897478, 0.536929705659255, 0.9374828826683248, 0.39165810808098234, 0.3338496526236526, 0.7158376644480485, 0.6567261988983668], "b": [0.39590104122204184, 0.857921908457964, 0.6548242457740119, 0.7300719876210422, 0.5969837388578523, 0.5659474087512246, 0.2962221950512678, 0.1390957545886249, 0.658993280446056], "a": [0.807274284253217, 0.9070484518943756, 0.7669690491518046, 0.7533881200213237, 0.8369160355178249, 0.841896780104685, 0.5484729937808465, 0.7929953979650761, 0.8133517932593702], "metallic": [0.9375481662762105, 0.9031052176902866, 0.6053820779237088, 0.36774923550127414, 0.5501001503406889, 0.7108948647979274, 0.3069654773053402, 0.7621168378921375, 0.7127512057381733], "smoothness": [0.36453709546425495, 0.3984124919716162, 0.8075260275300827, 0.9787810376419817, 0.8604042663915092, 0.8562680446054705, 0.4696331458039754, 0.7962553027102998, 0.2573523488497914], "DirectionalLightTheta": 33.35971350687046, "DirectionalLightIntensity": 1.7243694675436958, "totalPointLights": 0, "PointLightsRadius": null, "PointLightsPhi": null, "PointLightsTheta": null, "PointLightsIntensity": null, "PointLightsRange": null, "PointLightsColor_r": null, "PointLightsColor_g": null, "PointLightsColor_b": null, "PointLightsColor_a": null, "same_PointLightsColor": null, "totalSpotLights": 0, "SpotLightsRadius": null, "SpotLightsPhi": null, "SpotLightsTheta": null, "SpotLightsIntensity": null, "SpotLightsRange": null, "SpotLightsColor_r": null, "SpotLightsColor_g": null, "SpotLightsColor_b": null, "SpotLightsColor_a": null, "same_SpotLightsColor": null, "SpotAngle": null, "CameraRes_width": 520, "CameraRes_height": 520, "Camera_FieldofView": 80, "CameraRadius": 13, "CameraTheta": 90, "CameraPhi": 0, "CameraVerticalOffset": 0}