{"totalSegments": 10, "scale": 2.750051875382759, "same_scale": true, "totalArms_Segment": [1, 1, 2, 1, 1, 1, 1, 1, 1], "same_theta": true, "theta": [25.15458970654078], "phi": 46.19623767940004, "same_material": false, "r": [0.18918066737139327, 0.40456112918249276, 0.38399509641957474, 0.9972024732131642, 0.7640095422965217, 0.4122292966703144, 0.7184224546959403, 0.6057720629077065, 0.6068046101685528, 0.5513924217304914], "g": [0.1651810249016138, 0.7806170701008072, 0.8708591981374909, 0.8731870000023807, 0.3029886704843273, 0.9602838909535879, 0.7709955050312771, 0.43590246738091665, 0.8978990502550729, 0.795563495172111], "b": [0.10994116648308239, 0.11305069459784223, 0.7225178051961836, 0.5891041058592004, 0.3888204509950216, 0.30168920031392077, 0.988668633135689, 0.5492980490412702, 0.5301211444165037, 0.853351298158873], "a": [0.7412738649902388, 0.9977251529615949, 0.8226200830383391, 0.928540572323175, 0.7749678327743588, 0.8528273085210705, 0.950582832747785, 0.7046888336501453, 0.9436818728105881, 0.6109994863688613], "metallic": [0.534803147018771, 0.4350681050773224, 0.7953413298364804, 0.8146672674437623, 0.5686549465783707, 0.4033008085053419, 0.4743341104689034, 0.43763539085700964, 0.7444388211554797, 0.5833655776937218], "smoothness": [0.9377321750840499, 0.4796752960606996, 0.5802195950332965, 0.363997587415286, 0.5598934492370429, 0.2024594572579016, 0.5969161558752533, 0.2924858759089979, 0.06672938306408405, 0.025601579720107348], "DirectionalLightTheta": 44.22186213193923, "DirectionalLightIntensity": 0.31582514250161625, "totalPointLights": 0, "PointLightsRadius": null, "PointLightsPhi": null, "PointLightsTheta": null, "PointLightsIntensity": null, "PointLightsRange": null, "PointLightsColor_r": null, "PointLightsColor_g": null, "PointLightsColor_b": null, "PointLightsColor_a": null, "same_PointLightsColor": null, "totalSpotLights": 0, "SpotLightsRadius": null, "SpotLightsPhi": null, "SpotLightsTheta": null, "SpotLightsIntensity": null, "SpotLightsRange": null, "SpotLightsColor_r": null, "SpotLightsColor_g": null, "SpotLightsColor_b": null, "SpotLightsColor_a": null, "same_SpotLightsColor": null, "SpotAngle": null, "CameraRes_width": 640, "CameraRes_height": 480, "Camera_FieldofView": 80, "CameraRadius": 13, "CameraTheta": 90, "CameraPhi": 0, "CameraVerticalOffset": 0}