{"totalSegments": 5, "scale": [3.854943584149879, 0.6630568049749906, 2.345833562740391, 2.4453329339031082, 3.086953093737901], "same_scale": false, "totalArms_Segment": [1, 1, 1, 1], "same_theta": false, "theta": [53.6554653077126, 11.147985643994515, 65.11252948718231, 56.69047601374015], "phi": 358.2012430980944, "same_material": false, "r": [0.7289298711817952, 0.11877280117919953, 0.19440965760013107, 0.2564273060924397, 0.53282294004467], "g": [0.22171960298629856, 0.3767100424197083, 0.6525270865479861, 0.5805124449794639, 0.07602054524498347], "b": [0.8187841773705736, 0.5115848593905616, 0.8941080842804622, 0.6120426403213224, 0.3191803650142978], "a": [0.8101470891025235, 0.705309215866508, 0.6988567353238966, 0.5216081884748334, 0.5914867232378815], "metallic": [0.9496349699272175, 0.4334155779647999, 0.6473348671911979, 0.9703366286833103, 0.5980302628210133], "smoothness": [0.9869062754957227, 0.13396396601619098, 0.7877988401989378, 0.9516635570166809, 0.498996314978419], "DirectionalLightTheta": 35.20072800993663, "DirectionalLightIntensity": 1.009866173838373, "totalPointLights": 0, "PointLightsRadius": null, "PointLightsPhi": null, "PointLightsTheta": null, "PointLightsIntensity": null, "PointLightsRange": null, "PointLightsColor_r": null, "PointLightsColor_g": null, "PointLightsColor_b": null, "PointLightsColor_a": null, "same_PointLightsColor": null, "totalSpotLights": 0, "SpotLightsRadius": null, "SpotLightsPhi": null, "SpotLightsTheta": null, "SpotLightsIntensity": null, "SpotLightsRange": null, "SpotLightsColor_r": null, "SpotLightsColor_g": null, "SpotLightsColor_b": null, "SpotLightsColor_a": null, "same_SpotLightsColor": null, "SpotAngle": null, "CameraRes_width": 640, "CameraRes_height": 480, "Camera_FieldofView": 80, "CameraRadius": 13, "CameraTheta": 90, "CameraPhi": 0, "CameraVerticalOffset": 0}