{"CameraRes_width": 520, "CameraRes_height": 520, "Camera_FieldofView": 80, "CameraRadius": 10.0, "CameraTheta": 55.23596066402874, "CameraPhi": 295.2342057604469, "CameraVerticalOffset": 0, "total_cuboids": 7, "scale": [2.963170678918068, 3.162415299881286, 0.9281201481021423, 2.9658975721222705, 0.8562338931103399, 1.2057085823857796, 0.7806443107134553], "same_scale": false, "total_branches": [1, 1, 1, 1, 2, 1], "same_theta": true, "theta": [34.89632280295298], "phi": 233.7774458531839, "same_material": false, "r": [0.9718436639466445, 0.5471113852088232, 0.34788347807634723, 0.08482857537978938, 0.0452896129545195, 0.6100871637913081, 0.5999053907226161], "g": [0.9121719229874752, 0.25734334399746117, 0.48884345644463656, 0.08702494268930228, 0.30530252678659475, 0.29910623964975, 0.11042400344170389], "b": [0.6505084423888384, 0.151979015196672, 0.27061292177589213, 0.1542730914266508, 0.6875737235322902, 0.15164434913855251, 0.6721509049395047], "a": [0.986926668410498, 0.9145750212762476, 0.645152265663912, 0.6464670383422624, 0.823224156974129, 0.8416443128345843, 0.5815988588333253], "metallic": [0.20018174156174895, 0.8437731228585414, 0.363490513724662, 0.4015784164678301, 0.9031111840684154, 0.2705739750831224, 0.5119586358112526], "smoothness": [0.8418296576079954, 0.9850541294850174, 0.045018417137651756, 0.734835164098029, 0.012671829083674702, 0.3473767546222587, 0.3146511249748566], "DirectionalLightTheta": 6.9535512076838435, "DirectionalLightIntensity": 1.7010134809741215, "totalPointLights": 10, "PointLightsRadius": [10.806289722686603, 19.157589104329695, 7.6809502401107, 17.027259157696943, 10.840807426556559, 11.77330337833598, 11.088419818993302, 15.882134906781978, 18.889362200042754, 5.882242114680499], "PointLightsPhi": [2.5358280378540243, 244.12030518741307, 209.0656790835179, 43.37466345800387, 248.80895026426796, 222.4556300736919, 223.64295062703815, 34.80569183334589, 12.054767044355742, 135.69323742860104], "PointLightsTheta": [21.21495447415692, 86.69988803465093, 59.91810236518145, 61.70636074711532, 82.91893339082196, 28.711180068945808, 30.404140954348634, 86.55183857247015, 16.807895338163192, 65.34418582696104], "PointLightsIntensity": [13.10444956769526, 10.256218237470657, 8.840857355112151, 9.468515377341557, 12.42778601279038, 9.244215872677827, 10.041739844879501, 10.501192658923557, 14.704820877942915, 12.370796251619009], "PointLightsRange": [5.50792431831008, 9.176206485621432, 11.957491045093999, 24.17490276603995, 19.709740984177024, 22.520292094781187, 16.475033267899, 5.315384152299824, 5.6782085767015715, 5.097198603200599], "PointLightsColor_r": [0.9490666310148426, 0.9490666310148426, 0.9490666310148426, 0.9490666310148426, 0.9490666310148426, 0.9490666310148426, 0.9490666310148426, 0.9490666310148426, 0.9490666310148426, 0.9490666310148426], "PointLightsColor_g": [0.2015724523241963, 0.2015724523241963, 0.2015724523241963, 0.2015724523241963, 0.2015724523241963, 0.2015724523241963, 0.2015724523241963, 0.2015724523241963, 0.2015724523241963, 0.2015724523241963], "PointLightsColor_b": [0.9490183063507884, 0.9490183063507884, 0.9490183063507884, 0.9490183063507884, 0.9490183063507884, 0.9490183063507884, 0.9490183063507884, 0.9490183063507884, 0.9490183063507884, 0.9490183063507884], "PointLightsColor_a": [0.7823403068258417, 0.7823403068258417, 0.7823403068258417, 0.7823403068258417, 0.7823403068258417, 0.7823403068258417, 0.7823403068258417, 0.7823403068258417, 0.7823403068258417, 0.7823403068258417], "same_PointLightsColor": true, "totalSpotLights": 5, "SpotLightsRadius": [7.016236013655249, 14.672071653081662, 6.704724797792592, 14.214906809325392, 17.82011220548553], "SpotLightsPhi": [340.115314548402, 201.74154822265177, 9.867346176006912, 356.8210383435476, 146.46175167914888], "SpotLightsTheta": [55.369441384521046, 24.509722693612726, 45.092703571647526, 47.86238354676279, 59.96089579562441], "SpotLightsIntensity": [13.010923629685271, 7.959053884692846, 10.546473726401095, 10.182907707266908, 12.930325262192653], "SpotLightsRange": [11.995902880337017, 24.546958924977837, 12.097289631354473, 5.351715969694175, 21.057286494571702], "SpotLightsColor_r": [0.5225533897281818, 0.5225533897281818, 0.5225533897281818, 0.5225533897281818, 0.5225533897281818], "SpotLightsColor_g": [0.0772377692120545, 0.0772377692120545, 0.0772377692120545, 0.0772377692120545, 0.0772377692120545], "SpotLightsColor_b": [0.8696319983186368, 0.8696319983186368, 0.8696319983186368, 0.8696319983186368, 0.8696319983186368], "SpotLightsColor_a": [0.5768091206498154, 0.5768091206498154, 0.5768091206498154, 0.5768091206498154, 0.5768091206498154], "same_SpotLightsColor": true, "SpotAngle": [114.15301282760824, 104.72679258139185, 116.2087705535382, 48.29897725088123, 77.3946624582789]}