{"totalSegments": 6, "scale": 3.569526832183183, "same_scale": true, "totalArms_Segment": [1, 1, 1, 2, 1], "same_theta": false, "theta": [0.4892974070694711, 57.97813403124643, 23.715359242058774, 0.39598329472292804, 24.70283470763534], "phi": 273.0563697875921, "same_material": false, "r": [0.8485026168565204, 0.8904604121372801, 0.14789985922520954, 0.9019732276222476, 0.14709474814438583, 0.31077942798796954], "g": [0.5742523470795762, 0.6705232815706129, 0.9434705458772802, 0.5015045297862702, 0.5828058711783535, 0.9437722636810704], "b": [0.9837572730501596, 0.17197159298723153, 0.07008836350982439, 0.7353116802043318, 0.390137200157332, 0.9101665154106124], "a": [0.6811140681248187, 0.8336770971744722, 0.9055152167221522, 0.73609555061793, 0.7906978469797203, 0.9762326059379411], "metallic": [0.9166669778800601, 0.2117842238779809, 0.3227611022760025, 0.8105350762281859, 0.6286012227766589, 0.8438663490604514], "smoothness": [0.6197314908454161, 0.4098885944383124, 0.44306650798888725, 0.34972423718539203, 0.725689989422724, 0.8319773175692252], "DirectionalLightTheta": 44.40955523351911, "DirectionalLightIntensity": 0.4204719562655759, "totalPointLights": 0, "PointLightsRadius": null, "PointLightsPhi": null, "PointLightsTheta": null, "PointLightsIntensity": null, "PointLightsRange": null, "PointLightsColor_r": null, "PointLightsColor_g": null, "PointLightsColor_b": null, "PointLightsColor_a": null, "same_PointLightsColor": null, "totalSpotLights": 0, "SpotLightsRadius": null, "SpotLightsPhi": null, "SpotLightsTheta": null, "SpotLightsIntensity": null, "SpotLightsRange": null, "SpotLightsColor_r": null, "SpotLightsColor_g": null, "SpotLightsColor_b": null, "SpotLightsColor_a": null, "same_SpotLightsColor": null, "SpotAngle": null, "CameraRes_width": 640, "CameraRes_height": 480, "Camera_FieldofView": 80, "CameraRadius": 13, "CameraTheta": 90, "CameraPhi": 0, "CameraVerticalOffset": 0}