{"totalSegments": 7, "scale": [2.8811687406855486, 0.7579575154836744, 0.6670930148393157, 3.1785247299236583, 3.965607518968453, 0.9126080020946673, 1.762957222069529], "same_scale": false, "totalArms_Segment": [1, 1, 1, 1, 1, 1], "same_theta": false, "theta": [29.62851197184686, 35.94383891819136, 40.17624351566149, 17.71569125005717, 37.33006722049875, 12.701589132339455], "phi": 193.01519029543175, "same_material": false, "r": [0.770948808144721, 0.1173733739032109, 0.35219050162971144, 0.4363481811994907, 0.08501819818705858, 0.08906032398438435, 0.3046045331406164], "g": [0.23406368717430936, 0.793629385185355, 0.07076710964822153, 0.08092790050861809, 0.8657952388761, 0.6537661022275134, 0.8194647594577139], "b": [0.30850578844054743, 0.5652004883603089, 0.21990125123615678, 0.21647230463679068, 0.4375791303617288, 0.5780863902766807, 0.223280807090542], "a": [0.9299906395133752, 0.8237217831299379, 0.884359152111831, 0.7345371004005161, 0.6215800112715852, 0.5134321666904056, 0.5204784807422598], "metallic": [0.22987557505105094, 0.5921163964362377, 0.022254308570938464, 0.7130742013448192, 0.7018671079073215, 0.8619365562653574, 0.08803709171354379], "smoothness": [0.9927092811281518, 0.5242088910128215, 0.30351544448954826, 0.12040022597361444, 0.07448225168192923, 0.999269863257964, 0.45186878788439166], "DirectionalLightTheta": 26.896476964521, "DirectionalLightIntensity": 1.7105432184894453, "totalPointLights": 0, "PointLightsRadius": null, "PointLightsPhi": null, "PointLightsTheta": null, "PointLightsIntensity": null, "PointLightsRange": null, "PointLightsColor_r": null, "PointLightsColor_g": null, "PointLightsColor_b": null, "PointLightsColor_a": null, "same_PointLightsColor": null, "totalSpotLights": 0, "SpotLightsRadius": null, "SpotLightsPhi": null, "SpotLightsTheta": null, "SpotLightsIntensity": null, "SpotLightsRange": null, "SpotLightsColor_r": null, "SpotLightsColor_g": null, "SpotLightsColor_b": null, "SpotLightsColor_a": null, "same_SpotLightsColor": null, "SpotAngle": null, "CameraRes_width": 640, "CameraRes_height": 480, "Camera_FieldofView": 80, "CameraRadius": 13, "CameraTheta": 90, "CameraPhi": 0, "CameraVerticalOffset": 0}