{"totalSegments": 8, "scale": [0.8627695392501413, 0.8840327142988955, 2.1027172182540768, 3.3769258736365106, 3.5733345731540864, 3.912319965543366, 3.971018911703433, 0.951094937173471], "same_scale": false, "totalArms_Segment": [1, 2, 1, 1, 1, 1, 1], "same_theta": true, "theta": [26.126999575029565], "phi": 323.74447383378964, "same_material": true, "r": 0.20213550766237465, "g": 0.17474358524325762, "b": 0.44873811671207775, "a": 0.7852039000064261, "metallic": 0.22874330902411544, "smoothness": 0.9121394321645723, "DirectionalLightTheta": 22.872674845389938, "DirectionalLightIntensity": 1.2214128145304752, "totalPointLights": 0, "PointLightsRadius": null, "PointLightsPhi": null, "PointLightsTheta": null, "PointLightsIntensity": null, "PointLightsRange": null, "PointLightsColor_r": null, "PointLightsColor_g": null, "PointLightsColor_b": null, "PointLightsColor_a": null, "same_PointLightsColor": null, "totalSpotLights": 0, "SpotLightsRadius": null, "SpotLightsPhi": null, "SpotLightsTheta": null, "SpotLightsIntensity": null, "SpotLightsRange": null, "SpotLightsColor_r": null, "SpotLightsColor_g": null, "SpotLightsColor_b": null, "SpotLightsColor_a": null, "same_SpotLightsColor": null, "SpotAngle": null, "CameraRes_width": 640, "CameraRes_height": 480, "Camera_FieldofView": 80, "CameraRadius": 13, "CameraTheta": 90, "CameraPhi": 0, "CameraVerticalOffset": 0}