{"totalSegments": 11, "scale": [3.2643726797304318, 1.3609770509151402, 1.7008591814499607, 3.335558488845942, 2.95822565611378, 1.0312641874425341, 1.7582085130476175, 1.6768783419513722, 0.6433277363765689, 1.9521607135985812, 1.8077262572444637], "same_scale": false, "totalArms_Segment": [1, 1, 1, 1, 1, 1, 1, 1, 1, 1], "same_theta": false, "theta": [26.396091225659386, 7.874060678681828, 5.920393190486042, 17.502558853121943, 14.578458371294476, 15.331248665669147, 0.6930953788455324, 15.049828260755104, 9.181800459027754, 11.897543241954022], "phi": 104.13016865622482, "same_material": false, "r": [0.2133335918410748, 0.8739385251103168, 0.8049159109525476, 0.13947589068126898, 0.652037424090531, 0.8004816543542526, 0.8489440343447112, 0.6885027033158989, 0.9342141034434801, 0.8474083071691114, 0.5127938587663192], "g": [0.6057446935020563, 0.3432904422261859, 0.41858806777134216, 0.29258502178731516, 0.425614177974705, 0.6634470825555884, 0.729914009993275, 0.0348214816859681, 0.9466681536933178, 0.93274412507369, 0.009015152152511252], "b": [0.2941340359994037, 0.7136629426106251, 0.12625861642803027, 0.36131100580032305, 0.39185540693614684, 0.9561042721103695, 0.7235144223229694, 0.9219654492576915, 0.19041978810676374, 0.7866218238374859, 0.028392857659532256], "a": [0.727698736220195, 0.679106817860837, 0.9312159569317691, 0.835263095127035, 0.7064145778064933, 0.8320991455618387, 0.7787974985829873, 0.7575345236659141, 0.6967547950956672, 0.5453380481515273, 0.5455581656393784], "metallic": [0.6143386269337358, 0.6749889708651623, 0.796462366526484, 0.9715694692501017, 0.5752775287196898, 0.2889776197301013, 0.4640708016367002, 0.8647545203662494, 0.12636956528699894, 0.6047405146337447, 0.2770410871606511], "smoothness": [0.4247082835847431, 0.7038972145874944, 0.8381362074766187, 0.7725759496217279, 0.503956166666346, 0.6116756509191876, 0.37926507578134994, 0.731758109076264, 0.09116163498909147, 0.2009607865860651, 0.7683105027943495], "DirectionalLightTheta": 81.61662087012233, "DirectionalLightIntensity": 0.11399283577074601, "totalPointLights": 0, "PointLightsRadius": null, "PointLightsPhi": null, "PointLightsTheta": null, "PointLightsIntensity": null, "PointLightsRange": null, "PointLightsColor_r": null, "PointLightsColor_g": null, "PointLightsColor_b": null, "PointLightsColor_a": null, "same_PointLightsColor": null, "totalSpotLights": 0, "SpotLightsRadius": null, "SpotLightsPhi": null, "SpotLightsTheta": null, "SpotLightsIntensity": null, "SpotLightsRange": null, "SpotLightsColor_r": null, "SpotLightsColor_g": null, "SpotLightsColor_b": null, "SpotLightsColor_a": null, "same_SpotLightsColor": null, "SpotAngle": null, "CameraRes_width": 640, "CameraRes_height": 480, "Camera_FieldofView": 80, "CameraRadius": 13, "CameraTheta": 90, "CameraPhi": 0, "CameraVerticalOffset": 0}