{"totalSegments": 11, "scale": 0.7277981466412049, "same_scale": true, "totalArms_Segment": [1, 1, 1, 1, 2, 1, 1, 2, 1, 1], "same_theta": false, "theta": [28.718832229976172, 9.701507040959354, 13.760197211453809, 4.279459965882179, 22.038871912408368, 19.470535311396358, 31.198744336109165, 2.388069863020469, 6.85701201622764, 20.63970876960309], "phi": 186.43156627411457, "same_material": true, "r": 0.662801712311178, "g": 0.8294167234395216, "b": 0.7845131587322398, "a": 0.5058903907809571, "metallic": 0.33369462476165146, "smoothness": 0.8310299013166345, "DirectionalLightTheta": 82.35836827481307, "DirectionalLightIntensity": 0.9182604255507728, "totalPointLights": 0, "PointLightsRadius": null, "PointLightsPhi": null, "PointLightsTheta": null, "PointLightsIntensity": null, "PointLightsRange": null, "PointLightsColor_r": null, "PointLightsColor_g": null, "PointLightsColor_b": null, "PointLightsColor_a": null, "same_PointLightsColor": null, "totalSpotLights": 0, "SpotLightsRadius": null, "SpotLightsPhi": null, "SpotLightsTheta": null, "SpotLightsIntensity": null, "SpotLightsRange": null, "SpotLightsColor_r": null, "SpotLightsColor_g": null, "SpotLightsColor_b": null, "SpotLightsColor_a": null, "same_SpotLightsColor": null, "SpotAngle": null, "CameraRes_width": 640, "CameraRes_height": 480, "Camera_FieldofView": 80, "CameraRadius": 13, "CameraTheta": 90, "CameraPhi": 0, "CameraVerticalOffset": 0}