{"totalSegments": 11, "scale": 1.2517695531676845, "same_scale": true, "totalArms_Segment": [2, 1, 1, 1, 1, 1, 1, 1, 1, 1], "same_theta": false, "theta": [22.347069420388788, 25.167306924012685, 25.97752653948233, 13.20976977423921, 6.45898599575138, 23.706650999574382, 17.602615073835594, 10.38345013622287, 9.715124420200034, 11.928216243177104], "phi": 291.4483576882552, "same_material": false, "r": [0.10146998890016412, 0.4887107979449422, 0.7335773440294315, 0.7867766619201262, 0.0417492870387991, 0.7039175363587887, 0.41041604876865223, 0.5183064192084704, 0.8795118293219828, 0.8471920257421091, 0.6620484415094814], "g": [0.9307045545968563, 0.0770676186445669, 0.5952538166891794, 0.675504025909357, 0.4143259242047086, 0.4447355043607397, 0.20112530283530738, 0.8877117639589699, 0.9202676524497755, 0.04422738474960364, 0.4658266127814902], "b": [0.30227980363083473, 0.8195127714702567, 0.5710421102643958, 0.5134510226187009, 0.11862489026285539, 0.27912761576811007, 0.023337357020070004, 0.5615510437936211, 0.5965171782321864, 0.7643094422723108, 0.03393319612831314], "a": [0.7719325043768606, 0.8482866901058382, 0.6938747732219215, 0.9514384988796283, 0.7260966159028172, 0.5713825127775964, 0.9004707587266756, 0.7361057629289061, 0.7882083350921697, 0.7596688437068141, 0.6234181497620757], "metallic": [0.7959832194152097, 0.6542003437618795, 0.9689881707965857, 0.5613935211273147, 0.643872486917384, 0.5008522182657807, 0.34926221884399267, 0.8196770005287504, 0.8361134246501377, 0.318846731642484, 0.38485500818350615], "smoothness": [0.5595811147616825, 0.8622098729621337, 0.5798047722239288, 0.7477472658057893, 0.9287790672511654, 0.6062623654849585, 0.8649394128414558, 0.5256223239979861, 0.5903600915273342, 0.416661713041125, 0.6299333892495076], "DirectionalLightTheta": 7.623217474693993, "DirectionalLightIntensity": 0.18751410269655994, "totalPointLights": 0, "PointLightsRadius": null, "PointLightsPhi": null, "PointLightsTheta": null, "PointLightsIntensity": null, "PointLightsRange": null, "PointLightsColor_r": null, "PointLightsColor_g": null, "PointLightsColor_b": null, "PointLightsColor_a": null, "same_PointLightsColor": null, "totalSpotLights": 0, "SpotLightsRadius": null, "SpotLightsPhi": null, "SpotLightsTheta": null, "SpotLightsIntensity": null, "SpotLightsRange": null, "SpotLightsColor_r": null, "SpotLightsColor_g": null, "SpotLightsColor_b": null, "SpotLightsColor_a": null, "same_SpotLightsColor": null, "SpotAngle": null, "CameraRes_width": 640, "CameraRes_height": 480, "Camera_FieldofView": 80, "CameraRadius": 13, "CameraTheta": 90, "CameraPhi": 0, "CameraVerticalOffset": 0}