{"totalSegments": 6, "scale": 2.5567316666699025, "same_scale": true, "totalArms_Segment": [1, 1, 1, 2, 1], "same_theta": true, "theta": [30.452060090196923], "phi": 319.65733673850553, "same_material": false, "r": [0.5241541687524982, 0.883960472415905, 0.24951182560709995, 0.3676657091120169, 0.3676502160791546, 0.7988144406341673], "g": [0.049447648602602534, 0.49138051618259404, 0.8233028913604544, 0.6388981839990137, 0.03206666727249774, 0.5977890605213696], "b": [0.05039543517149836, 0.1177078820394647, 0.6555026008256919, 0.808951389206381, 0.41376170000225176, 0.22506603352694843], "a": [0.6461428911871201, 0.7569258594853362, 0.7094880168610669, 0.7276481026786021, 0.9416852542507594, 0.5906424017147098], "metallic": [0.6988444206041511, 0.671700183465967, 0.8629404612238916, 0.8940401785735194, 0.24172992652450453, 0.2632500091604866], "smoothness": [0.9292857308463741, 0.2465205043559, 0.5100108285339264, 0.013399193850323288, 0.5941179359325405, 0.851120767333834], "DirectionalLightTheta": 62.34897449904657, "DirectionalLightIntensity": 0.7176396838646864, "totalPointLights": 0, "PointLightsRadius": null, "PointLightsPhi": null, "PointLightsTheta": null, "PointLightsIntensity": null, "PointLightsRange": null, "PointLightsColor_r": null, "PointLightsColor_g": null, "PointLightsColor_b": null, "PointLightsColor_a": null, "same_PointLightsColor": null, "totalSpotLights": 0, "SpotLightsRadius": null, "SpotLightsPhi": null, "SpotLightsTheta": null, "SpotLightsIntensity": null, "SpotLightsRange": null, "SpotLightsColor_r": null, "SpotLightsColor_g": null, "SpotLightsColor_b": null, "SpotLightsColor_a": null, "same_SpotLightsColor": null, "SpotAngle": null, "CameraRes_width": 640, "CameraRes_height": 480, "Camera_FieldofView": 80, "CameraRadius": 13, "CameraTheta": 90, "CameraPhi": 0, "CameraVerticalOffset": 0}