{"CameraRes_width": 520, "CameraRes_height": 520, "Camera_FieldofView": 80, "CameraRadius": 10.0, "CameraTheta": 70.39975047880719, "CameraPhi": 20.435016199182698, "CameraVerticalOffset": 0, "total_cuboids": 3, "scale": [0.719786621130454, 3.0627195824856654, 1.890645209885416], "same_scale": false, "total_branches": [1, 1], "same_theta": false, "theta": [30.77660777034098, 19.773767914847884], "phi": 40.922658933287195, "same_material": true, "r": 0.5636848689671563, "g": 0.7354532200072862, "b": 0.9629898009572965, "a": 0.9963418079283123, "metallic": 0.6441231881083023, "smoothness": 0.792822479477964, "DirectionalLightTheta": 55.559869820387966, "DirectionalLightIntensity": 0.258339320681343, "totalPointLights": 6, "PointLightsRadius": [17.197593295931487, 17.467336972795692, 15.942749383499509, 18.88687471792094, 9.12145382139773, 19.029712294973848], "PointLightsPhi": [4.382367544152683, 76.89688280418316, 102.75549943031953, 246.5717303125203, 358.2850183292633, 20.187371426904587], "PointLightsTheta": [77.81704248932586, 68.15808105487145, 77.10506136907534, 67.6058550257748, 10.159641418429256, 11.346997277231946], "PointLightsIntensity": [14.793204045780714, 11.692879034205472, 13.31859587873224, 7.324460242687414, 10.054467371688382, 15.346854189887571], "PointLightsRange": [14.859466306718751, 15.57367141184657, 24.941861442592504, 15.252064355052442, 6.519655873928539, 14.472394561857387], "PointLightsColor_r": [0.4244057216630658, 0.4244057216630658, 0.4244057216630658, 0.4244057216630658, 0.4244057216630658, 0.4244057216630658], "PointLightsColor_g": [0.8106516012343208, 0.8106516012343208, 0.8106516012343208, 0.8106516012343208, 0.8106516012343208, 0.8106516012343208], "PointLightsColor_b": [0.14840739565446814, 0.14840739565446814, 0.14840739565446814, 0.14840739565446814, 0.14840739565446814, 0.14840739565446814], "PointLightsColor_a": [0.6988427145790768, 0.6988427145790768, 0.6988427145790768, 0.6988427145790768, 0.6988427145790768, 0.6988427145790768], "same_PointLightsColor": true, "totalSpotLights": 5, "SpotLightsRadius": [19.320836862242682, 10.36785011357452, 7.120487147732209, 15.256284275263743, 5.20881721050535], "SpotLightsPhi": [20.975466345589027, 239.34556673664864, 35.232064547963134, 93.68049697312199, 137.2699331883442], "SpotLightsTheta": [79.64774820906632, 42.17005449641055, 21.89849128366783, 64.89990151583385, 68.36320901313383], "SpotLightsIntensity": [11.25728291239125, 8.420348721645148, 8.88184034554379, 9.169293756857572, 11.606579512181572], "SpotLightsRange": [5.365420769022, 5.013580816388867, 24.623266125329103, 18.74994083139927, 11.446631977847394], "SpotLightsColor_r": [0.12751585535825805, 0.1480324937582711, 0.37899227569719807, 0.07909234420285904, 0.42012701955221887], "SpotLightsColor_g": [0.6791345121044268, 0.7132935386093335, 0.7839464565761367, 0.20630292990642163, 0.9038477285390935], "SpotLightsColor_b": [0.3584012135264403, 0.3291407769128565, 0.678640589877626, 0.5754761602417914, 0.6031156558555593], "SpotLightsColor_a": [0.7734576905049426, 0.8982420489570374, 0.7490030209602563, 0.5813180852184892, 0.5160693637103475], "same_SpotLightsColor": false, "SpotAngle": [53.470149874726594, 39.965454831515714, 76.2940262692774, 89.86483048767175, 112.50341411130218]}