{"CameraRes_width": 520, "CameraRes_height": 520, "Camera_FieldofView": 80, "CameraRadius": 10.0, "CameraTheta": 95.67692262358214, "CameraPhi": 200.7175585242973, "CameraVerticalOffset": 0, "total_cuboids": 9, "scale": [3.7599962853448274, 0.5327939752667409, 1.0998379405266356, 2.635533933786044, 1.9946514748294677, 1.5309699658693514, 3.81341354741514, 1.0575187718130339, 2.892129157595186], "same_scale": false, "total_branches": [1, 1, 2, 2, 1, 1, 2, 1], "same_theta": true, "theta": [33.776951393022266], "phi": 301.99527943934106, "same_material": true, "r": 0.7969679624508464, "g": 0.5780340882644458, "b": 0.8568263617160322, "a": 0.986436749815855, "metallic": 0.5274043655752828, "smoothness": 0.3852328871801224, "DirectionalLightTheta": 35.29817717772331, "DirectionalLightIntensity": 0.48421429287154416, "totalPointLights": 9, "PointLightsRadius": [10.901839136103703, 18.82169956695622, 14.735828629095153, 7.2859775367200585, 17.511921067518358, 14.19152919375083, 10.706223279704934, 19.465233682336525, 6.283005027771537], "PointLightsPhi": [306.927280989527, 8.696342988084869, 222.31111389433147, 116.92500870672515, 9.810884372505345, 114.52947831726834, 152.7327468350918, 90.02555075374265, 149.55572381695063], "PointLightsTheta": [74.95624125743133, 67.97151751220754, 45.461266488803666, 2.1228539275599156, 9.858972293014704, 46.740987995101406, 66.6261458010336, 46.82762835720846, 72.4079544892486], "PointLightsIntensity": [16.52595604534254, 14.571552399889248, 12.407973956110123, 11.262958035839311, 8.259352263792561, 9.272819880129822, 8.059900962414773, 14.965421823808269, 8.98830120813733], "PointLightsRange": [18.4437769250299, 19.44209930121523, 16.989688822988843, 12.221616059277626, 10.369141917609097, 19.475943551686743, 8.665947129301966, 22.29290042099842, 8.037772704450319], "PointLightsColor_r": [0.9695999643510993, 0.2879013368827089, 0.5438235957299499, 0.2863506826745936, 0.5104122869130547, 0.22607986820303871, 0.17726597503649744, 0.030682579548279798, 0.46433314955958194], "PointLightsColor_g": [0.19104809896758224, 0.36294462845539155, 0.9560096911760421, 0.5279771599106782, 0.013625940764324329, 0.824992198732714, 0.038282960579404834, 0.865261879254744, 0.04366932996601891], "PointLightsColor_b": [0.35596691762405674, 0.07480019402474325, 0.7968334085476101, 0.5818700466552915, 0.7989461323942724, 0.9697183569527437, 0.7220872239314714, 0.1860460761055297, 0.5911627879328616], "PointLightsColor_a": [0.9378788098077013, 0.5305305306426964, 0.8405250379424349, 0.9211952897049118, 0.6249670774904742, 0.6058933044275578, 0.8234714357824551, 0.8952698019818133, 0.98259502696912], "same_PointLightsColor": false, "totalSpotLights": 6, "SpotLightsRadius": [17.80410539295465, 12.837201236388974, 19.61374155757147, 9.218078541286562, 12.58771957586939, 15.158284049197514], "SpotLightsPhi": [306.9485898885476, 331.82331896903906, 218.99735033638146, 317.48153957467144, 223.04617210297258, 332.5819069850382], "SpotLightsTheta": [29.976868643238504, 62.89912054958973, 68.43121737240065, 16.28293173334445, 32.482657622436705, 32.62996949238652], "SpotLightsIntensity": [9.444196026700473, 6.140950442747548, 6.226308195081862, 14.543462691159585, 12.786107129729075, 12.832432554391715], "SpotLightsRange": [14.67810568294123, 8.296402169443997, 23.311431665906806, 24.59752809270057, 23.51612418443127, 21.7751609226343], "SpotLightsColor_r": [0.07779591926081564, 0.8040467120581143, 0.42897293341282516, 0.18429575097509066, 0.53712794831112, 0.16636742451480813], "SpotLightsColor_g": [0.011510144758332452, 0.06452540287367692, 0.6072983609164079, 0.9397288605795014, 0.43477099351292003, 0.7467457002052201], "SpotLightsColor_b": [0.9922220008067844, 0.9453799745440098, 0.31763127918041, 0.05354987437489789, 0.22294665747980713, 0.7295817280346371], "SpotLightsColor_a": [0.8078563622275146, 0.5333297275023963, 0.9676405077158821, 0.7470730769985232, 0.7082306364876669, 0.5538274015442575], "same_SpotLightsColor": false, "SpotAngle": [100.28832976251017, 22.371317320936306, 57.15730314450547, 5.672813236206997, 36.05537817199777, 58.21444123792432]}