{"totalSegments": 9, "scale": [1.7387293555811751, 0.8801332757150049, 2.9697086904085603, 2.284174832612204, 3.282832515092965, 0.6275440444190903, 1.967411168414192, 1.4352197194459115, 1.0113113728194185], "same_scale": false, "totalArms_Segment": [1, 1, 1, 1, 1, 1, 1, 1], "same_theta": false, "theta": [12.149997315251229, 0.4348898362927711, 36.54555454759127, 6.5772129515376765, 22.87353538647603, 25.158532639314192, 14.985432902948608, 33.92645537474352], "phi": 1.5084136817599747, "same_material": false, "r": [0.4285100005455911, 0.692519151400678, 0.36847339555024716, 0.5066349240576821, 0.8499133278348145, 0.9465930865538853, 0.539340827435073, 0.18426846926159313, 0.8204913255913562], "g": [0.6694821213803217, 0.6035083366478786, 0.49658683567310846, 0.40719976601418506, 0.07264724641196285, 0.240862440146408, 0.8572061002295741, 0.060167863181796566, 0.9981615178916894], "b": [0.35432829248187403, 0.02339783179610322, 0.020008924103414816, 0.4447343615672459, 0.18045015181081248, 0.601429252619093, 0.03867608743478568, 0.3523487023508709, 0.9925299090397033], "a": [0.8194764009669606, 0.848417336182723, 0.9889926404007525, 0.8877067502680879, 0.574980495331372, 0.7958822744994571, 0.7829631309641076, 0.5195060174082826, 0.6919822442287561], "metallic": [0.2715241617951214, 0.23400753437687882, 0.5226439326883735, 0.44368054388097655, 0.5337270909661874, 0.5645691284834142, 0.7445904596556902, 0.8137232027003067, 0.2088178814293824], "smoothness": [0.6818711521570675, 0.7902727037353157, 0.3581995112651529, 0.3806059992071237, 0.8853151382268852, 0.25883071974964733, 0.9080462337218739, 0.6860803701338669, 0.7483563515890785], "DirectionalLightTheta": 72.50314982842721, "DirectionalLightIntensity": 1.0656311127209286, "totalPointLights": 0, "PointLightsRadius": null, "PointLightsPhi": null, "PointLightsTheta": null, "PointLightsIntensity": null, "PointLightsRange": null, "PointLightsColor_r": null, "PointLightsColor_g": null, "PointLightsColor_b": null, "PointLightsColor_a": null, "same_PointLightsColor": null, "totalSpotLights": 0, "SpotLightsRadius": null, "SpotLightsPhi": null, "SpotLightsTheta": null, "SpotLightsIntensity": null, "SpotLightsRange": null, "SpotLightsColor_r": null, "SpotLightsColor_g": null, "SpotLightsColor_b": null, "SpotLightsColor_a": null, "same_SpotLightsColor": null, "SpotAngle": null, "CameraRes_width": 640, "CameraRes_height": 480, "Camera_FieldofView": 80, "CameraRadius": 13, "CameraTheta": 90, "CameraPhi": 0, "CameraVerticalOffset": 0}