{"totalSegments": 5, "scale": [2.6952662905092586, 1.089196901423184, 2.4267656235343553, 2.38961519308961, 2.6161347256928056], "same_scale": false, "totalArms_Segment": [1, 1, 1, 1], "same_theta": true, "theta": [29.50135285666702], "phi": 315.6753290640724, "same_material": false, "r": [0.9354719592425458, 0.6289645626166389, 0.8659876982247401, 0.9565657094111123, 0.006067096408065353], "g": [0.8147604267957843, 0.1108855415365837, 0.7134646091370969, 0.6947609973057148, 0.46956044233995176], "b": [0.31546248543313604, 0.5242120356735271, 0.769432695297317, 0.7351342004840326, 0.3971209409153983], "a": [0.8073907654835438, 0.8170920275942292, 0.5760834491872461, 0.9677419891454357, 0.7712551684413105], "metallic": [0.40225742743463666, 0.11938393599896824, 0.7374441139765743, 0.7759984419331755, 0.8428683524112247], "smoothness": [0.11433445444351642, 0.2851955685033578, 0.06606378387454515, 0.5700268250790391, 0.19530075907500344], "DirectionalLightTheta": 34.58599339372232, "DirectionalLightIntensity": 0.6999052647520758, "totalPointLights": 0, "PointLightsRadius": null, "PointLightsPhi": null, "PointLightsTheta": null, "PointLightsIntensity": null, "PointLightsRange": null, "PointLightsColor_r": null, "PointLightsColor_g": null, "PointLightsColor_b": null, "PointLightsColor_a": null, "same_PointLightsColor": null, "totalSpotLights": 0, "SpotLightsRadius": null, "SpotLightsPhi": null, "SpotLightsTheta": null, "SpotLightsIntensity": null, "SpotLightsRange": null, "SpotLightsColor_r": null, "SpotLightsColor_g": null, "SpotLightsColor_b": null, "SpotLightsColor_a": null, "same_SpotLightsColor": null, "SpotAngle": null, "CameraRes_width": 640, "CameraRes_height": 480, "Camera_FieldofView": 80, "CameraRadius": 13, "CameraTheta": 90, "CameraPhi": 0, "CameraVerticalOffset": 0}