{"CameraRes_width": 520, "CameraRes_height": 520, "Camera_FieldofView": 80, "CameraRadius": 10.0, "CameraTheta": 85.78351185478672, "CameraPhi": 51.872956383571434, "CameraVerticalOffset": 0, "total_cuboids": 10, "scale": 1.6217528612468959, "same_scale": true, "total_branches": [1, 1, 2, 1, 2, 2, 1, 1, 1], "same_theta": true, "theta": [7.687047956602441], "phi": 225.28069747640782, "same_material": true, "r": 0.9816733561059502, "g": 0.5347068618538507, "b": 0.9999707788921771, "a": 0.9341573692897706, "metallic": 0.2078927873263524, "smoothness": 0.9381408097725273, "DirectionalLightTheta": 88.28494599737208, "DirectionalLightIntensity": 1.0303139663251606, "totalPointLights": 5, "PointLightsRadius": [5.362611761345538, 16.980870495156758, 9.942909443608968, 15.133624957821562, 6.601211963005751], "PointLightsPhi": [239.14860170597544, 174.6101671194445, 17.989233722328436, 242.6045565961927, 110.81670869516512], "PointLightsTheta": [45.36759313795401, 39.07047986304368, 20.771310047730395, 23.757710198104746, 13.724610410156151], "PointLightsIntensity": [8.560819108730996, 13.651404966244115, 11.348690346748423, 13.615737140850682, 7.568093974992134], "PointLightsRange": [8.318257411523426, 21.091217995404737, 21.438688384301837, 23.305699354674143, 8.862141970121534], "PointLightsColor_r": [0.012726656989574647, 0.012726656989574647, 0.012726656989574647, 0.012726656989574647, 0.012726656989574647], "PointLightsColor_g": [0.26130681934896505, 0.26130681934896505, 0.26130681934896505, 0.26130681934896505, 0.26130681934896505], "PointLightsColor_b": [0.6098182142541969, 0.6098182142541969, 0.6098182142541969, 0.6098182142541969, 0.6098182142541969], "PointLightsColor_a": [0.6381649093557562, 0.6381649093557562, 0.6381649093557562, 0.6381649093557562, 0.6381649093557562], "same_PointLightsColor": true, "totalSpotLights": 3, "SpotLightsRadius": [10.783918348364114, 7.906204537572858, 6.113438653103338], "SpotLightsPhi": [163.24721477925414, 265.6923959621685, 225.36341755407003], "SpotLightsTheta": [64.7104527850353, 68.96691461257579, 89.80664306964923], "SpotLightsIntensity": [6.341118624517657, 7.423978360564806, 12.236522676083133], "SpotLightsRange": [18.71887106008951, 7.874046035417468, 20.521028973333614], "SpotLightsColor_r": [0.8100776089909355, 0.4947139718833078, 0.17221556535409688], "SpotLightsColor_g": [0.7135869737396506, 0.027456976190333937, 0.818932396303271], "SpotLightsColor_b": [0.34544186083305806, 0.7361401125018141, 0.6029650899500781], "SpotLightsColor_a": [0.97157686426004, 0.9244916872939853, 0.7235951062440866], "same_SpotLightsColor": false, "SpotAngle": [104.75597753760974, 114.47242064744417, 67.4455543515798]}