{"totalSegments": 5, "scale": 1.6553326163086313, "same_scale": true, "totalArms_Segment": [2, 2, 1, 1], "same_theta": true, "theta": [14.141982973583485], "phi": 307.8445215413035, "same_material": false, "r": [0.9718764991428339, 0.910664157975233, 0.4589234990220853, 0.9831359794466049, 0.8749456500793061], "g": [0.05917574369662093, 0.02824664328412263, 0.8912127490715197, 0.09090339489343369, 0.0733813787331341], "b": [0.8405537555659864, 0.20610119415341333, 0.14906570514414874, 0.21614825857425146, 0.6462655381628281], "a": [0.9588055300202827, 0.6355624821389319, 0.8840800019711901, 0.9622477762709076, 0.7338416825423262], "metallic": [0.4806581064323201, 0.5872678634508338, 0.7260322737490937, 0.26998513399805235, 0.49545872991638507], "smoothness": [0.5327208143476787, 0.3921205542274482, 0.7933686144215626, 0.6873530577817786, 0.2935301333764512], "DirectionalLightTheta": 49.04490589009867, "DirectionalLightIntensity": 0.21115920705153124, "totalPointLights": 0, "PointLightsRadius": null, "PointLightsPhi": null, "PointLightsTheta": null, "PointLightsIntensity": null, "PointLightsRange": null, "PointLightsColor_r": null, "PointLightsColor_g": null, "PointLightsColor_b": null, "PointLightsColor_a": null, "same_PointLightsColor": null, "totalSpotLights": 0, "SpotLightsRadius": null, "SpotLightsPhi": null, "SpotLightsTheta": null, "SpotLightsIntensity": null, "SpotLightsRange": null, "SpotLightsColor_r": null, "SpotLightsColor_g": null, "SpotLightsColor_b": null, "SpotLightsColor_a": null, "same_SpotLightsColor": null, "SpotAngle": null, "CameraRes_width": 640, "CameraRes_height": 480, "Camera_FieldofView": 80, "CameraRadius": 13, "CameraTheta": 90, "CameraPhi": 0, "CameraVerticalOffset": 0}