{"totalSegments": 11, "scale": [3.8882788508035886, 0.6341773626316396, 3.9223030413181776, 0.8655575953162875, 2.2771590564380357, 1.819808839784094, 3.0203410365391976, 3.4359435594389125, 0.7776061192296309, 3.83403671553891, 0.5971664544734172], "same_scale": false, "totalArms_Segment": [1, 1, 1, 2, 1, 2, 1, 1, 1, 1], "same_theta": true, "theta": [16.13118085842524], "phi": 320.5530716480398, "same_material": true, "r": 0.5629522154951372, "g": 0.21607756860343286, "b": 0.68958939064597, "a": 0.6618975358583652, "metallic": 0.6621604008505161, "smoothness": 0.45010459635380085, "DirectionalLightTheta": 79.98337873631552, "DirectionalLightIntensity": 0.6288324329485586, "totalPointLights": 0, "PointLightsRadius": null, "PointLightsPhi": null, "PointLightsTheta": null, "PointLightsIntensity": null, "PointLightsRange": null, "PointLightsColor_r": null, "PointLightsColor_g": null, "PointLightsColor_b": null, "PointLightsColor_a": null, "same_PointLightsColor": null, "totalSpotLights": 0, "SpotLightsRadius": null, "SpotLightsPhi": null, "SpotLightsTheta": null, "SpotLightsIntensity": null, "SpotLightsRange": null, "SpotLightsColor_r": null, "SpotLightsColor_g": null, "SpotLightsColor_b": null, "SpotLightsColor_a": null, "same_SpotLightsColor": null, "SpotAngle": null, "CameraRes_width": 640, "CameraRes_height": 480, "Camera_FieldofView": 80, "CameraRadius": 13, "CameraTheta": 90, "CameraPhi": 0, "CameraVerticalOffset": 0}