{"totalSegments": 7, "scale": [0.5676673127856695, 2.3876914728982395, 0.567356902660141, 2.740775119438487, 3.880660333689474, 2.4251596596403813, 0.5900987267962412], "same_scale": false, "totalArms_Segment": [1, 2, 1, 1, 1, 1], "same_theta": false, "theta": [25.40298720323522, 41.45043081318284, 41.21246752154293, 30.029101550047017, 18.599540750144097, 42.2370880173726], "phi": 275.5354001021531, "same_material": false, "r": [0.6214346206821982, 0.4690892614319767, 0.5984626237234387, 0.012975629130946187, 0.6761524370709401, 0.003587256138822492, 0.11679821471305984], "g": [0.2892495293083567, 0.7140916747321981, 0.14293043506855485, 0.20791204053157408, 0.04824720124337767, 0.6946748111351757, 0.3560205945913174], "b": [0.24640606393012732, 0.5491314907607359, 0.5107387926785666, 0.47233751117414213, 0.39271849918938406, 0.5607987728920646, 0.1748629655122501], "a": [0.8716412427002348, 0.8493662287044229, 0.8828444416421138, 0.6897464419289298, 0.8254174569082473, 0.7368293944406039, 0.8963321769751416], "metallic": [0.09999173682642382, 0.5724740739905075, 0.5728995458364351, 0.10736221060759488, 0.8834084429956137, 0.6393466002780641, 0.04130908090881791], "smoothness": [0.3043425537587199, 0.5598862786929932, 0.016602849451693324, 0.031006786882011972, 0.7033912058796359, 0.13317427575892893, 0.3547236278581093], "DirectionalLightTheta": 42.84852708890188, "DirectionalLightIntensity": 0.6711469550770606, "totalPointLights": 0, "PointLightsRadius": null, "PointLightsPhi": null, "PointLightsTheta": null, "PointLightsIntensity": null, "PointLightsRange": null, "PointLightsColor_r": null, "PointLightsColor_g": null, "PointLightsColor_b": null, "PointLightsColor_a": null, "same_PointLightsColor": null, "totalSpotLights": 0, "SpotLightsRadius": null, "SpotLightsPhi": null, "SpotLightsTheta": null, "SpotLightsIntensity": null, "SpotLightsRange": null, "SpotLightsColor_r": null, "SpotLightsColor_g": null, "SpotLightsColor_b": null, "SpotLightsColor_a": null, "same_SpotLightsColor": null, "SpotAngle": null, "CameraRes_width": 640, "CameraRes_height": 480, "Camera_FieldofView": 80, "CameraRadius": 13, "CameraTheta": 90, "CameraPhi": 0, "CameraVerticalOffset": 0}