{"totalSegments": 9, "scale": [0.5718389482056158, 0.8495069669123465, 3.0745590648763272, 1.031344929366766, 2.4541208941054706, 2.170526818916632, 1.995794694228598, 1.550167437478748, 2.267276561533037], "same_scale": false, "totalArms_Segment": [1, 1, 1, 1, 1, 1, 1, 1], "same_theta": true, "theta": [21.731997062752054], "phi": 200.89972459245917, "same_material": true, "r": 0.4690356824672668, "g": 0.6599031776362625, "b": 0.7621252548508728, "a": 0.982661727884147, "metallic": 0.8341510034484578, "smoothness": 0.9925742674736487, "DirectionalLightTheta": 48.68983553671584, "DirectionalLightIntensity": 1.3748064597135885, "totalPointLights": 0, "PointLightsRadius": null, "PointLightsPhi": null, "PointLightsTheta": null, "PointLightsIntensity": null, "PointLightsRange": null, "PointLightsColor_r": null, "PointLightsColor_g": null, "PointLightsColor_b": null, "PointLightsColor_a": null, "same_PointLightsColor": null, "totalSpotLights": 0, "SpotLightsRadius": null, "SpotLightsPhi": null, "SpotLightsTheta": null, "SpotLightsIntensity": null, "SpotLightsRange": null, "SpotLightsColor_r": null, "SpotLightsColor_g": null, "SpotLightsColor_b": null, "SpotLightsColor_a": null, "same_SpotLightsColor": null, "SpotAngle": null, "CameraRes_width": 640, "CameraRes_height": 480, "Camera_FieldofView": 80, "CameraRadius": 13, "CameraTheta": 90, "CameraPhi": 0, "CameraVerticalOffset": 0}