{"totalSegments": 10, "scale": 3.677847260997441, "same_scale": true, "totalArms_Segment": [1, 1, 1, 1, 1, 1, 2, 1, 1], "same_theta": false, "theta": [25.003257128587126, 3.686797505448207, 34.039198689784186, 28.665196806845564, 33.671102383713105, 26.2706874543222, 28.48270686066093, 0.32220684515644216, 3.1833412359862487], "phi": 178.11170577573688, "same_material": false, "r": [0.32422597395200903, 0.9584727194268963, 0.8400796659322896, 0.7738623302298318, 0.031549155444293264, 0.751376066039988, 0.44500135971864807, 0.516336565752428, 0.912011113515345, 0.4028075907773814], "g": [0.01901709428772569, 0.9969440211438226, 0.5026341242657621, 0.28654529541069385, 0.29869731254422793, 0.9958395221471078, 0.4943506343874816, 0.6722587051477056, 0.0321641933216219, 0.8062451243933649], "b": [0.01559175818045555, 0.7375919134844129, 0.7104213248829295, 0.2980340247577504, 0.5684412789572947, 0.4060570713752035, 0.1796249449706563, 0.909515018195499, 0.1188472142774254, 0.982400365229402], "a": [0.6507177741645147, 0.8597393737511765, 0.7286947967457504, 0.6588005660433001, 0.5265889615265557, 0.8620338688993193, 0.5153350025565543, 0.8707118575614119, 0.8145695733935392, 0.9775756962238111], "metallic": [0.5891909079997576, 0.35417762657170826, 0.49389871972653965, 0.3313163537320525, 0.0815659110732907, 0.6110257787250705, 0.34449998542165927, 0.3130336624719354, 0.5139195707468298, 0.2151159034503738], "smoothness": [0.8050976165165727, 0.16607191373101304, 0.14676358438341552, 0.8800012723179577, 0.10072069784979454, 0.9906899726736869, 0.18062767538419777, 0.8015597031364747, 0.3831222558153202, 0.4949661646577017], "DirectionalLightTheta": 4.89298469501716, "DirectionalLightIntensity": 1.7983910714582692, "totalPointLights": 0, "PointLightsRadius": null, "PointLightsPhi": null, "PointLightsTheta": null, "PointLightsIntensity": null, "PointLightsRange": null, "PointLightsColor_r": null, "PointLightsColor_g": null, "PointLightsColor_b": null, "PointLightsColor_a": null, "same_PointLightsColor": null, "totalSpotLights": 0, "SpotLightsRadius": null, "SpotLightsPhi": null, "SpotLightsTheta": null, "SpotLightsIntensity": null, "SpotLightsRange": null, "SpotLightsColor_r": null, "SpotLightsColor_g": null, "SpotLightsColor_b": null, "SpotLightsColor_a": null, "same_SpotLightsColor": null, "SpotAngle": null, "CameraRes_width": 520, "CameraRes_height": 520, "Camera_FieldofView": 80, "CameraRadius": 13, "CameraTheta": 90, "CameraPhi": 0, "CameraVerticalOffset": 0}