{"totalSegments": 10, "scale": 2.5789881541343798, "same_scale": true, "totalArms_Segment": [1, 1, 1, 1, 1, 2, 1, 1, 1], "same_theta": true, "theta": [34.128275439205034], "phi": 45.69662465757615, "same_material": false, "r": [0.6958481688306517, 0.8978973734622738, 0.2667379567740945, 0.46553701041300066, 0.7026436700357517, 0.2880235945559825, 0.7392538038748095, 0.15071757210882863, 0.3054877745824063, 0.737950844154215], "g": [0.23853316253371415, 0.8454879702165738, 0.11600178201281053, 0.30632974857766737, 0.6167308039007628, 0.6720998304926935, 0.9691874789663338, 0.060655290755300295, 0.05652663618566889, 0.4970951613223852], "b": [0.18083601024073104, 0.41901942043191676, 0.7504979070136002, 0.6222041616524577, 0.8762710520607082, 0.8740665169066931, 0.7533301963228961, 0.8623946316590229, 0.13959697532681914, 0.03646682293500292], "a": [0.6130536466572574, 0.6494761834213114, 0.5214647063323862, 0.8613478864857305, 0.6529954412607568, 0.5085859472132845, 0.573730291358792, 0.6432073047726214, 0.6370805560942012, 0.8312022604413039], "metallic": [0.18852822647871803, 0.542143611857947, 0.9304756241788104, 0.4719148490965618, 0.6980381761314225, 0.4506382404919773, 0.3657594928178156, 0.4997332304726365, 0.6874300512895876, 0.31452665915039846], "smoothness": [0.33423985590162075, 0.8309623487743714, 0.877791887152309, 0.7100226206357123, 0.22090445856229612, 0.9084069776137252, 0.9970071567307137, 0.5861986346547134, 0.6663252902005172, 0.20607653332839881], "DirectionalLightTheta": 61.329080776875976, "DirectionalLightIntensity": 1.5541605515191643, "totalPointLights": 0, "PointLightsRadius": null, "PointLightsPhi": null, "PointLightsTheta": null, "PointLightsIntensity": null, "PointLightsRange": null, "PointLightsColor_r": null, "PointLightsColor_g": null, "PointLightsColor_b": null, "PointLightsColor_a": null, "same_PointLightsColor": null, "totalSpotLights": 0, "SpotLightsRadius": null, "SpotLightsPhi": null, "SpotLightsTheta": null, "SpotLightsIntensity": null, "SpotLightsRange": null, "SpotLightsColor_r": null, "SpotLightsColor_g": null, "SpotLightsColor_b": null, "SpotLightsColor_a": null, "same_SpotLightsColor": null, "SpotAngle": null, "CameraRes_width": 520, "CameraRes_height": 520, "Camera_FieldofView": 80, "CameraRadius": 13, "CameraTheta": 90, "CameraPhi": 0, "CameraVerticalOffset": 0}