{"totalSegments": 5, "scale": 2.3231473585947686, "same_scale": true, "totalArms_Segment": [1, 1, 1, 1], "same_theta": false, "theta": [35.14185454045823, 54.293123488724746, 4.597891130635271, 4.581756945425279], "phi": 269.8299106159936, "same_material": false, "r": [0.06669403953702913, 0.15001129519489864, 0.49085210694597126, 0.2562096143145173, 0.18751457103110214], "g": [0.7214297695644009, 0.2261817749343048, 0.24085984574428665, 0.20373766291371376, 0.7797091538949579], "b": [0.06630477823916148, 0.7513602779654448, 0.7053075009977963, 0.6146377194439846, 0.33630972666434455], "a": [0.5018545676929771, 0.8712058203000596, 0.8136732757029654, 0.5083691245762378, 0.8464749852234945], "metallic": [0.7416303354859138, 0.5820407816142011, 0.9451711869615499, 0.330327967443267, 0.3482035384806622], "smoothness": [0.1166976084509439, 0.8833941996151745, 0.8915341668591713, 0.8402582165364696, 0.2638994847090821], "DirectionalLightTheta": 56.181241694893174, "DirectionalLightIntensity": 0.4073821895470163, "totalPointLights": 0, "PointLightsRadius": null, "PointLightsPhi": null, "PointLightsTheta": null, "PointLightsIntensity": null, "PointLightsRange": null, "PointLightsColor_r": null, "PointLightsColor_g": null, "PointLightsColor_b": null, "PointLightsColor_a": null, "same_PointLightsColor": null, "totalSpotLights": 0, "SpotLightsRadius": null, "SpotLightsPhi": null, "SpotLightsTheta": null, "SpotLightsIntensity": null, "SpotLightsRange": null, "SpotLightsColor_r": null, "SpotLightsColor_g": null, "SpotLightsColor_b": null, "SpotLightsColor_a": null, "same_SpotLightsColor": null, "SpotAngle": null, "CameraRes_width": 640, "CameraRes_height": 480, "Camera_FieldofView": 80, "CameraRadius": 13, "CameraTheta": 90, "CameraPhi": 0, "CameraVerticalOffset": 0}