{"totalSegments": 11, "scale": 3.0026811575635475, "same_scale": true, "totalArms_Segment": [1, 1, 1, 1, 1, 1, 1, 1, 1, 2], "same_theta": false, "theta": [15.139400952146065, 31.81595609606439, 1.2389991335926793, 31.819763628582646, 1.9230499877531448, 15.45854052050563, 22.75939703061577, 21.793147540681872, 19.10712465864757, 8.234741064869553], "phi": 167.00525211134095, "same_material": true, "r": 0.894426328256891, "g": 0.6931563498053575, "b": 0.9859148172257429, "a": 0.7850334601806369, "metallic": 0.21423738481145527, "smoothness": 0.9407277998151357, "DirectionalLightTheta": 42.975144863849636, "DirectionalLightIntensity": 0.2781037139446113, "totalPointLights": 0, "PointLightsRadius": null, "PointLightsPhi": null, "PointLightsTheta": null, "PointLightsIntensity": null, "PointLightsRange": null, "PointLightsColor_r": null, "PointLightsColor_g": null, "PointLightsColor_b": null, "PointLightsColor_a": null, "same_PointLightsColor": null, "totalSpotLights": 0, "SpotLightsRadius": null, "SpotLightsPhi": null, "SpotLightsTheta": null, "SpotLightsIntensity": null, "SpotLightsRange": null, "SpotLightsColor_r": null, "SpotLightsColor_g": null, "SpotLightsColor_b": null, "SpotLightsColor_a": null, "same_SpotLightsColor": null, "SpotAngle": null, "CameraRes_width": 640, "CameraRes_height": 480, "Camera_FieldofView": 80, "CameraRadius": 13, "CameraTheta": 90, "CameraPhi": 0, "CameraVerticalOffset": 0}