{"totalSegments": 9, "scale": 1.4248867575912216, "same_scale": true, "totalArms_Segment": [1, 1, 1, 1, 1, 1, 1, 1], "same_theta": false, "theta": [39.411652662039195, 31.25087922114006, 26.437171945410306, 34.744675172954736, 28.62988897707634, 12.840377628758022, 21.64655297305114, 22.49397230385785], "phi": 133.48495263656872, "same_material": true, "r": 0.23703615517176002, "g": 0.10099884215586263, "b": 0.6952955742530657, "a": 0.6157051352908922, "metallic": 0.5513312785330583, "smoothness": 0.6251059975389192, "DirectionalLightTheta": 77.39496916462463, "DirectionalLightIntensity": 1.0214214497714793, "totalPointLights": 0, "PointLightsRadius": null, "PointLightsPhi": null, "PointLightsTheta": null, "PointLightsIntensity": null, "PointLightsRange": null, "PointLightsColor_r": null, "PointLightsColor_g": null, "PointLightsColor_b": null, "PointLightsColor_a": null, "same_PointLightsColor": null, "totalSpotLights": 0, "SpotLightsRadius": null, "SpotLightsPhi": null, "SpotLightsTheta": null, "SpotLightsIntensity": null, "SpotLightsRange": null, "SpotLightsColor_r": null, "SpotLightsColor_g": null, "SpotLightsColor_b": null, "SpotLightsColor_a": null, "same_SpotLightsColor": null, "SpotAngle": null, "CameraRes_width": 640, "CameraRes_height": 480, "Camera_FieldofView": 80, "CameraRadius": 13, "CameraTheta": 90, "CameraPhi": 0, "CameraVerticalOffset": 0}