{"totalSegments": 4, "scale": 2.631227835228912, "same_scale": true, "totalArms_Segment": [2, 1, 1], "same_theta": true, "theta": [11.60533031871241], "phi": 67.27296458025933, "same_material": false, "r": [0.5813269142431117, 0.7288960495564972, 0.8432475724729684, 0.7667050402607555], "g": [0.39567912497541824, 0.7669753944413976, 0.6165148315203896, 0.9800429404365667], "b": [0.8040618172317465, 0.4986768727460098, 0.4669341843350294, 0.09137365554126087], "a": [0.5172623512237289, 0.890224521301408, 0.9476555622442245, 0.6991352534331092], "metallic": [0.6302033730795856, 0.0964935231316193, 0.39728462086343697, 0.21121233862681954], "smoothness": [0.18315197317719045, 0.22471264644428313, 0.19630871691586405, 0.6655461638957558], "DirectionalLightTheta": 17.351685737124996, "DirectionalLightIntensity": 1.7167890418251885, "totalPointLights": 0, "PointLightsRadius": null, "PointLightsPhi": null, "PointLightsTheta": null, "PointLightsIntensity": null, "PointLightsRange": null, "PointLightsColor_r": null, "PointLightsColor_g": null, "PointLightsColor_b": null, "PointLightsColor_a": null, "same_PointLightsColor": null, "totalSpotLights": 0, "SpotLightsRadius": null, "SpotLightsPhi": null, "SpotLightsTheta": null, "SpotLightsIntensity": null, "SpotLightsRange": null, "SpotLightsColor_r": null, "SpotLightsColor_g": null, "SpotLightsColor_b": null, "SpotLightsColor_a": null, "same_SpotLightsColor": null, "SpotAngle": null, "CameraRes_width": 640, "CameraRes_height": 480, "Camera_FieldofView": 80, "CameraRadius": 13, "CameraTheta": 90, "CameraPhi": 0, "CameraVerticalOffset": 0}