{"totalSegments": 5, "scale": 2.2350707656345192, "same_scale": true, "totalArms_Segment": [1, 1, 2, 1], "same_theta": false, "theta": [63.20956875579886, 67.01862067328112, 2.6128842497420255, 43.5550766335926], "phi": 228.5206999892499, "same_material": false, "r": [0.5259729759261164, 0.39624453923205927, 0.5489446699093182, 0.5269832645874953, 0.9204867563864743], "g": [0.7218410181922504, 0.3921271394746598, 0.15362424217429316, 0.8979479027762203, 0.22670635365500702], "b": [0.6073240933736982, 0.7043164574339724, 0.41565761131134826, 0.9986267672066355, 0.9296295903557669], "a": [0.8675724405988525, 0.7936370292878664, 0.9626573053402232, 0.9560056723149648, 0.9903604013225551], "metallic": [0.96356025738419, 0.2847611053165936, 0.51702082690816, 0.1807646198591214, 0.6562222535454251], "smoothness": [0.45842738496539037, 0.5488477983633904, 0.28970787871615766, 0.7914736254876709, 0.17235905143181385], "DirectionalLightTheta": 16.9138417842711, "DirectionalLightIntensity": 0.2064176318464886, "totalPointLights": 0, "PointLightsRadius": null, "PointLightsPhi": null, "PointLightsTheta": null, "PointLightsIntensity": null, "PointLightsRange": null, "PointLightsColor_r": null, "PointLightsColor_g": null, "PointLightsColor_b": null, "PointLightsColor_a": null, "same_PointLightsColor": null, "totalSpotLights": 0, "SpotLightsRadius": null, "SpotLightsPhi": null, "SpotLightsTheta": null, "SpotLightsIntensity": null, "SpotLightsRange": null, "SpotLightsColor_r": null, "SpotLightsColor_g": null, "SpotLightsColor_b": null, "SpotLightsColor_a": null, "same_SpotLightsColor": null, "SpotAngle": null, "CameraRes_width": 640, "CameraRes_height": 480, "Camera_FieldofView": 80, "CameraRadius": 13, "CameraTheta": 90, "CameraPhi": 0, "CameraVerticalOffset": 0}