{"totalSegments": 7, "scale": [0.5495746617647259, 2.838501740231025, 0.7241649450992605, 3.36791774034896, 2.1528180396710925, 3.9701551782920657, 2.4393038097025523], "same_scale": false, "totalArms_Segment": [1, 2, 2, 1, 1, 1], "same_theta": true, "theta": [49.600918704787965], "phi": 168.38974967035108, "same_material": false, "r": [0.43257735968917543, 0.15751810826162083, 0.09514483456026135, 0.6882511919782573, 0.788527419881241, 0.7773601266291549, 0.4382059853364195], "g": [0.3763929570057183, 0.9460887038760352, 0.8548254087961571, 0.1700084779113462, 0.9473510789804089, 0.6524513686496272, 0.18448873158791934], "b": [0.20106438200174437, 0.01757631085217959, 0.8770767228315398, 0.3726288692983971, 0.15145172850312483, 0.6422194919395288, 0.7537018256095952], "a": [0.8883873977510104, 0.9566658608957834, 0.6642825040780052, 0.9613299947109015, 0.7383684545953333, 0.9751677594295936, 0.8331837744743643], "metallic": [0.655679259150399, 0.8623295196866726, 0.7448077853794216, 0.46477259853069186, 0.10114015959743838, 0.8435256527657419, 0.016368617313400002], "smoothness": [0.9423842286049192, 0.8621619050061747, 0.6642264038357188, 0.13457313351477285, 0.2577111600915526, 0.3367993619061932, 0.4733802415763141], "DirectionalLightTheta": 17.59397203294924, "DirectionalLightIntensity": 1.694543374862087, "totalPointLights": 0, "PointLightsRadius": null, "PointLightsPhi": null, "PointLightsTheta": null, "PointLightsIntensity": null, "PointLightsRange": null, "PointLightsColor_r": null, "PointLightsColor_g": null, "PointLightsColor_b": null, "PointLightsColor_a": null, "same_PointLightsColor": null, "totalSpotLights": 0, "SpotLightsRadius": null, "SpotLightsPhi": null, "SpotLightsTheta": null, "SpotLightsIntensity": null, "SpotLightsRange": null, "SpotLightsColor_r": null, "SpotLightsColor_g": null, "SpotLightsColor_b": null, "SpotLightsColor_a": null, "same_SpotLightsColor": null, "SpotAngle": null, "CameraRes_width": 640, "CameraRes_height": 480, "Camera_FieldofView": 80, "CameraRadius": 13, "CameraTheta": 90, "CameraPhi": 0, "CameraVerticalOffset": 0}