{"totalSegments": 9, "scale": [1.7480629171167292, 1.9086334017625646, 2.4356044931031566, 3.3574229764691372, 0.8655655848243027, 1.0407635289423214, 0.5300272669632061, 3.3677426072307575, 3.510533355976149], "same_scale": false, "totalArms_Segment": [1, 1, 1, 2, 1, 1, 1, 1], "same_theta": false, "theta": [7.113348280059055, 34.798732408310556, 33.52024661999487, 12.694376628370115, 27.719535622985617, 6.021871184673069, 17.608743809545253, 35.005390374297455], "phi": 321.82072362891194, "same_material": false, "r": [0.5798506282209827, 0.49803504401583, 0.7918695045087013, 0.9748629825394503, 0.8195151683192402, 0.5122070062658485, 0.7482500013122849, 0.8524069790628077, 0.5660045414809161], "g": [0.2810869253399636, 0.7135358439423525, 0.1980482374740159, 0.6980407345102639, 0.3026456819473057, 0.2950863793483991, 0.1099008564020858, 0.010547206086033434, 0.522708361747858], "b": [0.3209058232441655, 0.6728515270276227, 0.47025566154457266, 0.5513917196304217, 0.3854391759545833, 0.7284073331110258, 0.8703699004504685, 0.07983552808720074, 0.7750972938011671], "a": [0.6615697614663903, 0.6432600873550296, 0.7560841142449679, 0.8199578317232189, 0.7279641429604344, 0.6520760321026857, 0.8278546293378756, 0.7338635048290745, 0.6190481802652853], "metallic": [0.34335181562579, 0.9261066801867452, 0.49553194189599403, 0.5648492396567283, 0.10113574151649385, 0.32958998416339935, 0.32506839980420876, 0.7925950610574352, 0.8807341155375441], "smoothness": [0.8174477132424377, 0.6639228691965114, 0.2195321328189831, 0.09159089216566085, 0.6795437936101706, 0.9112139602913508, 0.2179445630900969, 0.46635454742118565, 0.2486804235363982], "DirectionalLightTheta": 83.88979308338905, "DirectionalLightIntensity": 1.3780431135245312, "totalPointLights": 0, "PointLightsRadius": null, "PointLightsPhi": null, "PointLightsTheta": null, "PointLightsIntensity": null, "PointLightsRange": null, "PointLightsColor_r": null, "PointLightsColor_g": null, "PointLightsColor_b": null, "PointLightsColor_a": null, "same_PointLightsColor": null, "totalSpotLights": 0, "SpotLightsRadius": null, "SpotLightsPhi": null, "SpotLightsTheta": null, "SpotLightsIntensity": null, "SpotLightsRange": null, "SpotLightsColor_r": null, "SpotLightsColor_g": null, "SpotLightsColor_b": null, "SpotLightsColor_a": null, "same_SpotLightsColor": null, "SpotAngle": null, "CameraRes_width": 640, "CameraRes_height": 480, "Camera_FieldofView": 80, "CameraRadius": 13, "CameraTheta": 90, "CameraPhi": 0, "CameraVerticalOffset": 0}