{"totalSegments": 2, "scale": [3.0914423453352446, 0.6335501343839276], "same_scale": false, "totalArms_Segment": [1], "same_theta": true, "theta": [161.44361059665977], "phi": 217.36367871996447, "same_material": false, "r": [0.7417751438537725, 0.16421046492691704], "g": [0.001769566134335765, 0.050663708212046465], "b": [0.1426445372999945, 0.962620115504709], "a": [0.7925528760448477, 0.6545927101166462], "metallic": [0.28222666637209015, 0.7631439632364545], "smoothness": [0.46621755494821127, 0.43316994022428545], "DirectionalLightTheta": 1.2813584044439719, "DirectionalLightIntensity": 0.11131464513576485, "totalPointLights": 0, "PointLightsRadius": null, "PointLightsPhi": null, "PointLightsTheta": null, "PointLightsIntensity": null, "PointLightsRange": null, "PointLightsColor_r": null, "PointLightsColor_g": null, "PointLightsColor_b": null, "PointLightsColor_a": null, "same_PointLightsColor": null, "totalSpotLights": 0, "SpotLightsRadius": null, "SpotLightsPhi": null, "SpotLightsTheta": null, "SpotLightsIntensity": null, "SpotLightsRange": null, "SpotLightsColor_r": null, "SpotLightsColor_g": null, "SpotLightsColor_b": null, "SpotLightsColor_a": null, "same_SpotLightsColor": null, "SpotAngle": null, "CameraRes_width": 640, "CameraRes_height": 480, "Camera_FieldofView": 80, "CameraRadius": 13, "CameraTheta": 90, "CameraPhi": 0, "CameraVerticalOffset": 0}