{"totalSegments": 9, "scale": [3.501466972979581, 2.8095655711709018, 1.7565191601524606, 2.7502337424313037, 1.5933569039212276, 2.6659337014910465, 2.414566073268924, 3.48379596472267, 0.5581214649489672], "same_scale": false, "totalArms_Segment": [1, 1, 1, 1, 2, 1, 2, 1], "same_theta": false, "theta": [25.51652614599636, 31.40800594990399, 7.224281711599154, 39.594804517704446, 29.74966016944405, 10.737539842196897, 14.84803149724565, 3.4614363592036135], "phi": 181.77237315111654, "same_material": false, "r": [0.2529716324119756, 0.43987162733865914, 0.040469660895461335, 0.6373023668930773, 0.35004531611645595, 0.3256291282455065, 0.05864459872561434, 0.6497700926791787, 0.21042290651343154], "g": [0.9534627484611025, 0.43104882078916884, 0.1478457459007434, 0.328041149763331, 0.8054037310462575, 0.7302784915785596, 0.49225469457562354, 0.47595459816059715, 0.6972654119561562], "b": [0.8546065950118455, 0.19092688401544533, 0.5336295674903851, 0.6247680299810167, 0.24907400508250066, 0.8924815698752098, 0.01192221847303887, 0.1899393524887858, 0.75217599922081], "a": [0.598869267712342, 0.7938997455209913, 0.5171044652925764, 0.9159342794645019, 0.6101232527577438, 0.5496295231671207, 0.5112845607881371, 0.5366362005783938, 0.8673381682152979], "metallic": [0.23142374141161426, 0.9839205481778754, 0.6823951737242111, 0.006755389555529567, 0.7777469185325796, 0.5141090565101468, 0.41696885322516897, 0.1451145080160101, 0.17401710062855158], "smoothness": [0.047256371739781367, 0.04955007382043719, 0.19190743778843544, 0.1769857486566504, 0.7275553199972526, 0.8222850817028743, 0.586069113784196, 0.8840630155864445, 0.8554739289466254], "DirectionalLightTheta": 31.454872011198077, "DirectionalLightIntensity": 1.6233413476479313, "totalPointLights": 0, "PointLightsRadius": null, "PointLightsPhi": null, "PointLightsTheta": null, "PointLightsIntensity": null, "PointLightsRange": null, "PointLightsColor_r": null, "PointLightsColor_g": null, "PointLightsColor_b": null, "PointLightsColor_a": null, "same_PointLightsColor": null, "totalSpotLights": 0, "SpotLightsRadius": null, "SpotLightsPhi": null, "SpotLightsTheta": null, "SpotLightsIntensity": null, "SpotLightsRange": null, "SpotLightsColor_r": null, "SpotLightsColor_g": null, "SpotLightsColor_b": null, "SpotLightsColor_a": null, "same_SpotLightsColor": null, "SpotAngle": null, "CameraRes_width": 640, "CameraRes_height": 480, "Camera_FieldofView": 80, "CameraRadius": 13, "CameraTheta": 90, "CameraPhi": 0, "CameraVerticalOffset": 0}