{"totalSegments": 6, "scale": [1.7735354069554798, 0.8860548981679783, 3.2003330496154883, 2.2329675775249282, 1.5564166906773047, 3.5175438501667298], "same_scale": false, "totalArms_Segment": [1, 1, 1, 1, 1], "same_theta": true, "theta": [33.981277985142384], "phi": 208.97380684067548, "same_material": false, "r": [0.9115225934873505, 0.3961856548408993, 0.2201198164315814, 0.9701203690965665, 0.7883800701586415, 0.8199434440116866], "g": [0.44548366665611316, 0.9153623258896557, 0.9361496208026048, 0.9747821575187371, 0.016681333324955916, 0.11667021122035814], "b": [0.8398727715106824, 0.21233080487939016, 0.6375545559801326, 0.4157172646451215, 0.5436020605982119, 0.28647465287968044], "a": [0.7588664068573554, 0.8581026050316902, 0.6886563287350489, 0.7065385787882256, 0.9929960649884637, 0.6129751885565702], "metallic": [0.18079714263437763, 0.5150189688509467, 0.8738716689994744, 0.1120117985635457, 0.5476487691102424, 0.7790766255288831], "smoothness": [0.939591197805051, 0.02738838457014181, 0.7651309898254649, 0.4633906562770713, 0.3794715487021558, 0.4323198819150078], "DirectionalLightTheta": 82.36352889617659, "DirectionalLightIntensity": 1.1386183077080168, "totalPointLights": 0, "PointLightsRadius": null, "PointLightsPhi": null, "PointLightsTheta": null, "PointLightsIntensity": null, "PointLightsRange": null, "PointLightsColor_r": null, "PointLightsColor_g": null, "PointLightsColor_b": null, "PointLightsColor_a": null, "same_PointLightsColor": null, "totalSpotLights": 0, "SpotLightsRadius": null, "SpotLightsPhi": null, "SpotLightsTheta": null, "SpotLightsIntensity": null, "SpotLightsRange": null, "SpotLightsColor_r": null, "SpotLightsColor_g": null, "SpotLightsColor_b": null, "SpotLightsColor_a": null, "same_SpotLightsColor": null, "SpotAngle": null, "CameraRes_width": 520, "CameraRes_height": 520, "Camera_FieldofView": 80, "CameraRadius": 13, "CameraTheta": 90, "CameraPhi": 0, "CameraVerticalOffset": 0}