{"totalSegments": 5, "scale": 3.2666161733356813, "same_scale": true, "totalArms_Segment": [1, 1, 1, 2], "same_theta": true, "theta": [32.856826755315346], "phi": 245.82467583108215, "same_material": false, "r": [0.3082861910164678, 0.5427020611610321, 0.1635878782622281, 0.023806021418993906, 0.2865354314062386], "g": [0.6435548301915245, 0.1268060517867844, 0.09904354523129588, 0.5287648936177991, 0.7190250584429438], "b": [0.008890387627930374, 0.3081880438554607, 0.011389737923404475, 0.7511594571448423, 0.10940069221475457], "a": [0.9526891103896324, 0.6980266693655325, 0.9999919902728629, 0.7096171974603317, 0.8107321718580798], "metallic": [0.0681445060488689, 0.8244857509286544, 0.8585298551329001, 0.4949893532314702, 0.3074644473305743], "smoothness": [0.6873947036443774, 0.08455515269748948, 0.09955306723089008, 0.6205111677889494, 0.0801480519073361], "DirectionalLightTheta": 50.05186911291699, "DirectionalLightIntensity": 0.5266110423159461, "totalPointLights": 0, "PointLightsRadius": null, "PointLightsPhi": null, "PointLightsTheta": null, "PointLightsIntensity": null, "PointLightsRange": null, "PointLightsColor_r": null, "PointLightsColor_g": null, "PointLightsColor_b": null, "PointLightsColor_a": null, "same_PointLightsColor": null, "totalSpotLights": 0, "SpotLightsRadius": null, "SpotLightsPhi": null, "SpotLightsTheta": null, "SpotLightsIntensity": null, "SpotLightsRange": null, "SpotLightsColor_r": null, "SpotLightsColor_g": null, "SpotLightsColor_b": null, "SpotLightsColor_a": null, "same_SpotLightsColor": null, "SpotAngle": null, "CameraRes_width": 640, "CameraRes_height": 480, "Camera_FieldofView": 80, "CameraRadius": 13, "CameraTheta": 90, "CameraPhi": 0, "CameraVerticalOffset": 0}