{"totalSegments": 7, "scale": 3.233634622727993, "same_scale": true, "totalArms_Segment": [1, 1, 1, 1, 1, 1], "same_theta": true, "theta": [29.066260486252283], "phi": 144.2632837106048, "same_material": false, "r": [0.6616603188087111, 0.8563076593915706, 0.7964392821585905, 0.5563609804879045, 0.25064925883588673, 0.8192726312691031, 0.8447127452746626], "g": [0.3626474052943983, 0.2007680657897416, 0.01441781610074111, 0.23998174597639887, 0.29055785740059725, 0.7424046761247731, 0.3344311697554092], "b": [0.7985824680045238, 0.5208875021869868, 0.28664243930126276, 0.1360085565193372, 0.7807299419017572, 0.05147244256251282, 0.6446819353145253], "a": [0.7027403283868835, 0.6841330283049565, 0.8282499755789536, 0.6462884063767489, 0.9843278691906359, 0.5984568774749323, 0.8380522810547819], "metallic": [0.05251177051094025, 0.34537719938916056, 0.07541741379789257, 0.18699760855272618, 0.3674684266314937, 0.24279380425248498, 0.13039630295029447], "smoothness": [0.020139218364982225, 0.2035681961336333, 0.08144529213000107, 0.8917774671661378, 0.33354689856661157, 0.143504179296012, 0.3061640609362869], "DirectionalLightTheta": 74.27659042023859, "DirectionalLightIntensity": 0.2914067906348989, "totalPointLights": 0, "PointLightsRadius": null, "PointLightsPhi": null, "PointLightsTheta": null, "PointLightsIntensity": null, "PointLightsRange": null, "PointLightsColor_r": null, "PointLightsColor_g": null, "PointLightsColor_b": null, "PointLightsColor_a": null, "same_PointLightsColor": null, "totalSpotLights": 0, "SpotLightsRadius": null, "SpotLightsPhi": null, "SpotLightsTheta": null, "SpotLightsIntensity": null, "SpotLightsRange": null, "SpotLightsColor_r": null, "SpotLightsColor_g": null, "SpotLightsColor_b": null, "SpotLightsColor_a": null, "same_SpotLightsColor": null, "SpotAngle": null, "CameraRes_width": 640, "CameraRes_height": 480, "Camera_FieldofView": 80, "CameraRadius": 13, "CameraTheta": 90, "CameraPhi": 0, "CameraVerticalOffset": 0}