{"totalSegments": 10, "scale": [3.7627577784955855, 2.42478367538213, 1.0573429411670134, 2.700330594253465, 0.6271371758192206, 1.8313113641515733, 2.0505487096155313, 1.9673829939449572, 3.553314075596311, 1.647705020217009], "same_scale": false, "totalArms_Segment": [1, 1, 1, 1, 2, 1, 2, 1, 1], "same_theta": false, "theta": [22.33216311335107, 28.983038118798078, 19.615936500673445, 12.419592558372347, 29.77796638760438, 17.928750295346674, 13.789629224687516, 1.849404712637222, 0.9340635627253548], "phi": 65.24581546299271, "same_material": true, "r": 0.11893594011755593, "g": 0.6890222801580834, "b": 0.5504040176378477, "a": 0.8294635275789148, "metallic": 0.31015358124811376, "smoothness": 0.18320557130112436, "DirectionalLightTheta": 77.69668208860026, "DirectionalLightIntensity": 0.8141234585969023, "totalPointLights": 0, "PointLightsRadius": null, "PointLightsPhi": null, "PointLightsTheta": null, "PointLightsIntensity": null, "PointLightsRange": null, "PointLightsColor_r": null, "PointLightsColor_g": null, "PointLightsColor_b": null, "PointLightsColor_a": null, "same_PointLightsColor": null, "totalSpotLights": 0, "SpotLightsRadius": null, "SpotLightsPhi": null, "SpotLightsTheta": null, "SpotLightsIntensity": null, "SpotLightsRange": null, "SpotLightsColor_r": null, "SpotLightsColor_g": null, "SpotLightsColor_b": null, "SpotLightsColor_a": null, "same_SpotLightsColor": null, "SpotAngle": null, "CameraRes_width": 640, "CameraRes_height": 480, "Camera_FieldofView": 80, "CameraRadius": 13, "CameraTheta": 90, "CameraPhi": 0, "CameraVerticalOffset": 0}