{"totalSegments": 9, "scale": 1.3757791672338837, "same_scale": true, "totalArms_Segment": [1, 2, 1, 1, 1, 1, 1, 1], "same_theta": true, "theta": [38.546412359169544], "phi": 206.39420962345773, "same_material": false, "r": [0.8803563580903896, 0.46133959783597656, 0.4623522617439959, 0.9604616626254306, 0.923128386459213, 0.4295988361595331, 0.7019211441658053, 0.8750246887165675, 0.5107458236675692], "g": [0.9054474208694461, 0.6914639868944398, 0.4238011327906922, 0.9453358640745326, 0.5208442041598769, 0.8767906587242802, 0.019052970174791795, 0.0013719379328739345, 0.27127156334323566], "b": [0.349837862574509, 0.15716609670053472, 0.5565451336322694, 0.989454963116819, 0.4838454328417924, 0.5852951305564748, 0.9672418154102351, 0.8256832679682617, 0.20950420177784412], "a": [0.5558039161103705, 0.6139559873056568, 0.904253994054407, 0.8623368573917998, 0.7766681841920328, 0.8417220377313188, 0.932698514774622, 0.5794725274182464, 0.5950216921076616], "metallic": [0.2230790989374527, 0.0002355096494172093, 0.7732396011322025, 0.6857821871776297, 0.6041487736359819, 0.9283818623898071, 0.15651476166175116, 0.5194789328789723, 0.06308287280851965], "smoothness": [0.9417908802843479, 0.6932105977115159, 0.7946919038098001, 0.8183246917636131, 0.5776006061456624, 0.1772494966350685, 0.14030082897878238, 0.13011835551697748, 0.45775390749075684], "DirectionalLightTheta": 54.852048363257104, "DirectionalLightIntensity": 1.7307758618988354, "totalPointLights": 0, "PointLightsRadius": null, "PointLightsPhi": null, "PointLightsTheta": null, "PointLightsIntensity": null, "PointLightsRange": null, "PointLightsColor_r": null, "PointLightsColor_g": null, "PointLightsColor_b": null, "PointLightsColor_a": null, "same_PointLightsColor": null, "totalSpotLights": 0, "SpotLightsRadius": null, "SpotLightsPhi": null, "SpotLightsTheta": null, "SpotLightsIntensity": null, "SpotLightsRange": null, "SpotLightsColor_r": null, "SpotLightsColor_g": null, "SpotLightsColor_b": null, "SpotLightsColor_a": null, "same_SpotLightsColor": null, "SpotAngle": null, "CameraRes_width": 640, "CameraRes_height": 480, "Camera_FieldofView": 80, "CameraRadius": 13, "CameraTheta": 90, "CameraPhi": 0, "CameraVerticalOffset": 0}