{"totalSegments": 11, "scale": [1.3831912989575605, 3.0838519606142474, 2.6342732551340515, 3.8214790150753952, 0.6101264646273546, 1.3455305802480906, 2.066240413080749, 0.7309495174247467, 1.3501017845258554, 2.824761734717927, 3.517553712822944], "same_scale": false, "totalArms_Segment": [1, 1, 1, 1, 1, 1, 2, 2, 2, 1], "same_theta": false, "theta": [32.385346460825495, 6.834333309091035, 32.716700826639325, 10.438352152021093, 8.71588653961697, 1.8095195742953503, 28.564374337755385, 16.40223702686933, 30.80893933248548, 29.387000821990455], "phi": 104.7974114904574, "same_material": true, "r": 0.4504325861592299, "g": 0.1862124491865903, "b": 0.26928036107304876, "a": 0.6512868067849997, "metallic": 0.8426077793468653, "smoothness": 0.733924822564115, "DirectionalLightTheta": 48.227912023745056, "DirectionalLightIntensity": 0.5811444345613659, "totalPointLights": 0, "PointLightsRadius": null, "PointLightsPhi": null, "PointLightsTheta": null, "PointLightsIntensity": null, "PointLightsRange": null, "PointLightsColor_r": null, "PointLightsColor_g": null, "PointLightsColor_b": null, "PointLightsColor_a": null, "same_PointLightsColor": null, "totalSpotLights": 0, "SpotLightsRadius": null, "SpotLightsPhi": null, "SpotLightsTheta": null, "SpotLightsIntensity": null, "SpotLightsRange": null, "SpotLightsColor_r": null, "SpotLightsColor_g": null, "SpotLightsColor_b": null, "SpotLightsColor_a": null, "same_SpotLightsColor": null, "SpotAngle": null, "CameraRes_width": 640, "CameraRes_height": 480, "Camera_FieldofView": 80, "CameraRadius": 13, "CameraTheta": 90, "CameraPhi": 0, "CameraVerticalOffset": 0}