{"totalSegments": 8, "scale": 3.8617539403885424, "same_scale": true, "totalArms_Segment": [1, 1, 1, 1, 2, 1, 1], "same_theta": false, "theta": [7.150346099241305, 38.89229649243809, 35.39206183260681, 26.768297900976904, 31.327945437222063, 25.058994652139663, 27.69795938892073], "phi": 337.91215852779266, "same_material": false, "r": [0.8227337399799697, 0.9704744247884529, 0.11219360930331512, 0.5881156721908745, 0.08059537474272715, 0.1062634324678905, 0.7060856459925814, 0.9941006119136518], "g": [0.15970503860795893, 0.755515263812413, 0.5139112697448784, 0.46521750372581183, 0.41543032026921933, 0.824364622163333, 0.765257640084132, 0.83822059419224], "b": [0.8627507850343984, 0.0018406801847092868, 0.3798350737689353, 0.8375024070100996, 0.7131704887232911, 0.7466817525749666, 0.048138537186446784, 0.6906942551617843], "a": [0.6686557870620031, 0.9080443295216001, 0.5303710078444537, 0.9617398219069522, 0.7455712497505333, 0.5647946151265582, 0.5153285279862401, 0.7916848138726365], "metallic": [0.9521504218224714, 0.254601498626131, 0.7684375719120976, 0.8145716305643065, 0.005332171435694755, 0.09778441629820123, 0.0035296386107566136, 0.2969771400871528], "smoothness": [0.021128645994809903, 0.8021491068089714, 0.4901385129475775, 0.36798154778068637, 0.38663091052980514, 0.003010579716271833, 0.5369270414882562, 0.06534089601907489], "DirectionalLightTheta": 12.46871940362093, "DirectionalLightIntensity": 1.7029234724474878, "totalPointLights": 0, "PointLightsRadius": null, "PointLightsPhi": null, "PointLightsTheta": null, "PointLightsIntensity": null, "PointLightsRange": null, "PointLightsColor_r": null, "PointLightsColor_g": null, "PointLightsColor_b": null, "PointLightsColor_a": null, "same_PointLightsColor": null, "totalSpotLights": 0, "SpotLightsRadius": null, "SpotLightsPhi": null, "SpotLightsTheta": null, "SpotLightsIntensity": null, "SpotLightsRange": null, "SpotLightsColor_r": null, "SpotLightsColor_g": null, "SpotLightsColor_b": null, "SpotLightsColor_a": null, "same_SpotLightsColor": null, "SpotAngle": null, "CameraRes_width": 640, "CameraRes_height": 480, "Camera_FieldofView": 80, "CameraRadius": 13, "CameraTheta": 90, "CameraPhi": 0, "CameraVerticalOffset": 0}