{"totalSegments": 11, "scale": 2.0821741503482603, "same_scale": true, "totalArms_Segment": [1, 2, 1, 1, 1, 1, 1, 1, 2, 1], "same_theta": false, "theta": [22.717243799731392, 4.422298975274679, 5.346916436421917, 30.21868725684552, 30.914665378698466, 30.325810975618488, 24.074994369525772, 14.448714201050766, 17.39289573949703, 32.62526053673624], "phi": 311.4550813452936, "same_material": true, "r": 0.5436874003207136, "g": 0.05448008815917449, "b": 0.4639678831071896, "a": 0.8966852106116627, "metallic": 0.8503100061697924, "smoothness": 0.14232994996091775, "DirectionalLightTheta": 41.94598473536644, "DirectionalLightIntensity": 1.4038108545872017, "totalPointLights": 0, "PointLightsRadius": null, "PointLightsPhi": null, "PointLightsTheta": null, "PointLightsIntensity": null, "PointLightsRange": null, "PointLightsColor_r": null, "PointLightsColor_g": null, "PointLightsColor_b": null, "PointLightsColor_a": null, "same_PointLightsColor": null, "totalSpotLights": 0, "SpotLightsRadius": null, "SpotLightsPhi": null, "SpotLightsTheta": null, "SpotLightsIntensity": null, "SpotLightsRange": null, "SpotLightsColor_r": null, "SpotLightsColor_g": null, "SpotLightsColor_b": null, "SpotLightsColor_a": null, "same_SpotLightsColor": null, "SpotAngle": null, "CameraRes_width": 640, "CameraRes_height": 480, "Camera_FieldofView": 80, "CameraRadius": 13, "CameraTheta": 90, "CameraPhi": 0, "CameraVerticalOffset": 0}