{"totalSegments": 5, "scale": 2.475610782547429, "same_scale": true, "totalArms_Segment": [1, 1, 1, 2], "same_theta": false, "theta": [4.080791894898222, 49.731424582760305, 19.740765028646322, 43.271365177279804], "phi": 46.14822575065881, "same_material": false, "r": [0.2682829938607947, 0.7010468198535585, 0.741864700851971, 0.21473163705409004, 0.5029898500068525], "g": [0.03600421774260998, 0.3377044075055141, 0.18993123327314454, 0.7317381001690333, 0.015558965442572292], "b": [0.4914326216018208, 0.2979180323081506, 0.18732691373496313, 0.8432057267868172, 0.3510507902117449], "a": [0.5905643704064727, 0.9468076259264562, 0.9732977099649835, 0.8545806066363099, 0.6068270179219961], "metallic": [0.9600877858465642, 0.2025564267259331, 0.9726212197883441, 0.6512984937905542, 0.2020281520578716], "smoothness": [0.6450648111985868, 0.2658382706073007, 0.5144737651728991, 0.2450680399865799, 0.6488149309093861], "DirectionalLightTheta": 82.1533351507716, "DirectionalLightIntensity": 0.1286504507760054, "totalPointLights": 0, "PointLightsRadius": null, "PointLightsPhi": null, "PointLightsTheta": null, "PointLightsIntensity": null, "PointLightsRange": null, "PointLightsColor_r": null, "PointLightsColor_g": null, "PointLightsColor_b": null, "PointLightsColor_a": null, "same_PointLightsColor": null, "totalSpotLights": 0, "SpotLightsRadius": null, "SpotLightsPhi": null, "SpotLightsTheta": null, "SpotLightsIntensity": null, "SpotLightsRange": null, "SpotLightsColor_r": null, "SpotLightsColor_g": null, "SpotLightsColor_b": null, "SpotLightsColor_a": null, "same_SpotLightsColor": null, "SpotAngle": null, "CameraRes_width": 640, "CameraRes_height": 480, "Camera_FieldofView": 80, "CameraRadius": 13, "CameraTheta": 90, "CameraPhi": 0, "CameraVerticalOffset": 0}