{"totalSegments": 5, "scale": [3.67888530377955, 0.6159727751397258, 0.6852854071257973, 1.249741253283845, 3.832214747995143], "same_scale": false, "totalArms_Segment": [1, 1, 1, 1], "same_theta": false, "theta": [16.790128969859452, 0.39316905890941634, 63.7852648418292, 69.26538502899204], "phi": 120.2364368128847, "same_material": true, "r": 0.08784301529023408, "g": 0.8534467657058037, "b": 0.3930257892454059, "a": 0.839595070999223, "metallic": 0.665242431919564, "smoothness": 0.040304252550344644, "DirectionalLightTheta": 19.13191432271369, "DirectionalLightIntensity": 0.5686182973981874, "totalPointLights": 0, "PointLightsRadius": null, "PointLightsPhi": null, "PointLightsTheta": null, "PointLightsIntensity": null, "PointLightsRange": null, "PointLightsColor_r": null, "PointLightsColor_g": null, "PointLightsColor_b": null, "PointLightsColor_a": null, "same_PointLightsColor": null, "totalSpotLights": 0, "SpotLightsRadius": null, "SpotLightsPhi": null, "SpotLightsTheta": null, "SpotLightsIntensity": null, "SpotLightsRange": null, "SpotLightsColor_r": null, "SpotLightsColor_g": null, "SpotLightsColor_b": null, "SpotLightsColor_a": null, "same_SpotLightsColor": null, "SpotAngle": null, "CameraRes_width": 640, "CameraRes_height": 480, "Camera_FieldofView": 80, "CameraRadius": 13, "CameraTheta": 90, "CameraPhi": 0, "CameraVerticalOffset": 0}