{"totalSegments": 9, "scale": [3.804968101721286, 3.6941797294960446, 3.065737048155608, 3.7165605062306293, 2.0096116425584656, 2.6645155838237984, 1.6699612141029758, 2.266478816913816, 2.025149975089714], "same_scale": false, "totalArms_Segment": [1, 1, 2, 1, 1, 1, 1, 1], "same_theta": true, "theta": [2.2016994410162116], "phi": 131.16019223011637, "same_material": true, "r": 0.39491779426209916, "g": 0.9984109687178923, "b": 0.6396722932510392, "a": 0.8163581760657228, "metallic": 0.9030010491953718, "smoothness": 0.09595511740083096, "DirectionalLightTheta": 62.51007352971651, "DirectionalLightIntensity": 1.1960800354208458, "totalPointLights": 0, "PointLightsRadius": null, "PointLightsPhi": null, "PointLightsTheta": null, "PointLightsIntensity": null, "PointLightsRange": null, "PointLightsColor_r": null, "PointLightsColor_g": null, "PointLightsColor_b": null, "PointLightsColor_a": null, "same_PointLightsColor": null, "totalSpotLights": 0, "SpotLightsRadius": null, "SpotLightsPhi": null, "SpotLightsTheta": null, "SpotLightsIntensity": null, "SpotLightsRange": null, "SpotLightsColor_r": null, "SpotLightsColor_g": null, "SpotLightsColor_b": null, "SpotLightsColor_a": null, "same_SpotLightsColor": null, "SpotAngle": null, "CameraRes_width": 520, "CameraRes_height": 520, "Camera_FieldofView": 80, "CameraRadius": 13, "CameraTheta": 90, "CameraPhi": 0, "CameraVerticalOffset": 0}