{"totalSegments": 10, "scale": 3.5417436873413157, "same_scale": true, "totalArms_Segment": [1, 1, 1, 1, 1, 1, 1, 1, 1], "same_theta": false, "theta": [30.79327564636022, 16.90335099417181, 4.637627672028027, 30.128890440628886, 25.681766376159153, 12.41103151343798, 31.59710208931598, 32.690623851893356, 11.7972857856345], "phi": 257.8251420509675, "same_material": true, "r": 0.17329607086938126, "g": 0.6662159259681595, "b": 0.281609675304202, "a": 0.5561996187021933, "metallic": 0.7643549160716262, "smoothness": 0.7284521703713629, "DirectionalLightTheta": 87.82247849934788, "DirectionalLightIntensity": 0.3179690270472629, "totalPointLights": 0, "PointLightsRadius": null, "PointLightsPhi": null, "PointLightsTheta": null, "PointLightsIntensity": null, "PointLightsRange": null, "PointLightsColor_r": null, "PointLightsColor_g": null, "PointLightsColor_b": null, "PointLightsColor_a": null, "same_PointLightsColor": null, "totalSpotLights": 0, "SpotLightsRadius": null, "SpotLightsPhi": null, "SpotLightsTheta": null, "SpotLightsIntensity": null, "SpotLightsRange": null, "SpotLightsColor_r": null, "SpotLightsColor_g": null, "SpotLightsColor_b": null, "SpotLightsColor_a": null, "same_SpotLightsColor": null, "SpotAngle": null, "CameraRes_width": 640, "CameraRes_height": 480, "Camera_FieldofView": 80, "CameraRadius": 13, "CameraTheta": 90, "CameraPhi": 0, "CameraVerticalOffset": 0}