{"totalSegments": 7, "scale": [3.316659175532303, 1.4305749550365503, 2.7675439949981375, 3.775106201473047, 2.8146060981022987, 2.0938582192091215, 0.8075351061027647], "same_scale": false, "totalArms_Segment": [1, 1, 1, 1, 1, 1], "same_theta": true, "theta": [15.29627515226406], "phi": 4.429633323837572, "same_material": false, "r": [0.5042063612170523, 0.30453040615331906, 0.9010774306786916, 0.8393796822414614, 0.15146653990599324, 0.9107424424174424, 0.5017761847821419], "g": [0.8168664181623073, 0.8310603134512028, 0.1098749108861995, 0.3086259657266843, 0.28693752902980885, 0.511638253431829, 0.8058211657273222], "b": [0.5848032016735191, 0.516640965592208, 0.20355158971938903, 0.8911235762845998, 0.03168771949646787, 0.21815636925975845, 0.33168248885473695], "a": [0.7880217936604346, 0.5196612252326716, 0.7042203227014344, 0.969188776124807, 0.6540820181925244, 0.8424855992025573, 0.9188133863795314], "metallic": [0.6694947188253997, 0.14154099871115555, 0.5504785682159369, 0.44334468185617504, 0.4446859941989769, 0.41048246979064373, 0.7482657117592983], "smoothness": [0.9150693913098656, 0.5954082340078366, 0.5487036023869245, 0.19744877893724389, 0.188336312746618, 0.8572538442146369, 0.14049260191441315], "DirectionalLightTheta": 7.610792779109045, "DirectionalLightIntensity": 0.9364191435467561, "totalPointLights": 0, "PointLightsRadius": null, "PointLightsPhi": null, "PointLightsTheta": null, "PointLightsIntensity": null, "PointLightsRange": null, "PointLightsColor_r": null, "PointLightsColor_g": null, "PointLightsColor_b": null, "PointLightsColor_a": null, "same_PointLightsColor": null, "totalSpotLights": 0, "SpotLightsRadius": null, "SpotLightsPhi": null, "SpotLightsTheta": null, "SpotLightsIntensity": null, "SpotLightsRange": null, "SpotLightsColor_r": null, "SpotLightsColor_g": null, "SpotLightsColor_b": null, "SpotLightsColor_a": null, "same_SpotLightsColor": null, "SpotAngle": null, "CameraRes_width": 640, "CameraRes_height": 480, "Camera_FieldofView": 80, "CameraRadius": 13, "CameraTheta": 90, "CameraPhi": 0, "CameraVerticalOffset": 0}