{"totalSegments": 10, "scale": [2.533453178183102, 0.6017148887565219, 3.816841375201458, 1.2781360471525138, 3.6215167044149736, 2.101626871980796, 1.2333848360862436, 1.2578109029379119, 3.4518594473790425, 1.549812905679713], "same_scale": false, "totalArms_Segment": [2, 1, 1, 2, 2, 2, 1, 1, 1], "same_theta": true, "theta": [3.046565536842391], "phi": 314.519174603295, "same_material": true, "r": 0.15339717060256475, "g": 0.7912000273611147, "b": 0.6400503825244604, "a": 0.5879168713263486, "metallic": 0.12111312406389263, "smoothness": 0.3218932274531542, "DirectionalLightTheta": 41.944052897708644, "DirectionalLightIntensity": 1.2399263267761615, "totalPointLights": 0, "PointLightsRadius": null, "PointLightsPhi": null, "PointLightsTheta": null, "PointLightsIntensity": null, "PointLightsRange": null, "PointLightsColor_r": null, "PointLightsColor_g": null, "PointLightsColor_b": null, "PointLightsColor_a": null, "same_PointLightsColor": null, "totalSpotLights": 0, "SpotLightsRadius": null, "SpotLightsPhi": null, "SpotLightsTheta": null, "SpotLightsIntensity": null, "SpotLightsRange": null, "SpotLightsColor_r": null, "SpotLightsColor_g": null, "SpotLightsColor_b": null, "SpotLightsColor_a": null, "same_SpotLightsColor": null, "SpotAngle": null, "CameraRes_width": 640, "CameraRes_height": 480, "Camera_FieldofView": 80, "CameraRadius": 13, "CameraTheta": 90, "CameraPhi": 0, "CameraVerticalOffset": 0}