{"totalSegments": 4, "scale": 1.162030251130123, "same_scale": true, "totalArms_Segment": [1, 1, 2], "same_theta": false, "theta": [75.45766223534567, 31.53851127680769, 45.21836925383793], "phi": 339.88463904703644, "same_material": false, "r": [0.7119777828705974, 0.0877275876697653, 0.948905552937232, 0.529906662741438], "g": [0.4121157865554619, 0.29199559136568753, 0.814448655183549, 0.681888741461315], "b": [0.07001603200619944, 0.23048853327986407, 0.804331187674749, 0.2904056796536886], "a": [0.7785071353620749, 0.5738972303286961, 0.7999148819026852, 0.5637770677365852], "metallic": [0.34366985968683117, 0.7252749989186933, 0.0457241919946062, 0.905841696887269], "smoothness": [0.7560418746718105, 0.23194600446631453, 0.4675460630093171, 0.8681313990006935], "DirectionalLightTheta": 53.73600497647215, "DirectionalLightIntensity": 1.3028875774351996, "totalPointLights": 0, "PointLightsRadius": null, "PointLightsPhi": null, "PointLightsTheta": null, "PointLightsIntensity": null, "PointLightsRange": null, "PointLightsColor_r": null, "PointLightsColor_g": null, "PointLightsColor_b": null, "PointLightsColor_a": null, "same_PointLightsColor": null, "totalSpotLights": 0, "SpotLightsRadius": null, "SpotLightsPhi": null, "SpotLightsTheta": null, "SpotLightsIntensity": null, "SpotLightsRange": null, "SpotLightsColor_r": null, "SpotLightsColor_g": null, "SpotLightsColor_b": null, "SpotLightsColor_a": null, "same_SpotLightsColor": null, "SpotAngle": null, "CameraRes_width": 640, "CameraRes_height": 480, "Camera_FieldofView": 80, "CameraRadius": 13, "CameraTheta": 90, "CameraPhi": 0, "CameraVerticalOffset": 0}