{"totalSegments": 11, "scale": [3.2438327029367406, 0.9499462442016611, 3.038994027706297, 2.8487253217780726, 1.583328017712331, 3.3886393968018527, 2.7280576293235654, 1.608328435743395, 2.9429128809372274, 1.4346362560949188, 2.1129223425788215], "same_scale": false, "totalArms_Segment": [1, 1, 1, 1, 1, 1, 2, 1, 2, 1], "same_theta": false, "theta": [29.91381392700215, 31.08783224355778, 32.403338503204075, 23.477235670153785, 11.373184772533756, 8.944537999858936, 30.14107561380619, 11.454031607941369, 27.445523863569864, 18.27029586841801], "phi": 200.07264925957634, "same_material": false, "r": [0.6773414092130471, 0.35172175372093795, 0.4696434857883569, 0.6067897378347545, 0.7377008811988496, 0.7675828915329675, 0.33750984194079514, 0.3942358416142584, 0.490964464138512, 0.3092100959163192, 0.1708818910203549], "g": [0.7264880784741063, 0.4078204535619525, 0.08020910158838168, 0.1920985736888785, 0.5213501654391695, 0.07234729911565929, 0.2533657892317669, 0.38642793345712334, 0.3474216407730202, 0.018311487248819036, 0.05783147969983171], "b": [0.6741134000410882, 0.7977342881882351, 0.35294171473263636, 0.029763584979847213, 0.48023640708299453, 0.6229488062125703, 0.3487769839412791, 0.4390223028646605, 0.3890346340546813, 0.7072767022984212, 0.19118514894697802], "a": [0.9366169763764072, 0.6390873724406909, 0.9902375058782766, 0.8156665747716139, 0.6190395565567326, 0.9421937005857364, 0.8106065240745364, 0.5355198091684577, 0.6544428209906207, 0.5061661365799719, 0.9798341542309157], "metallic": [0.7207941628895469, 0.6730454757627281, 0.28744326671512443, 0.617926863257225, 0.23082946004392757, 0.6423138892746794, 0.10319315902174431, 0.2528361358454201, 0.8470639076865168, 0.6675305442121073, 0.32774815184830863], "smoothness": [0.6521939341347046, 0.005154622776237905, 0.46546887550037763, 0.7538125036143525, 0.4892784993938474, 0.910561262126594, 0.1570142784057419, 0.9560599058192025, 0.020156684751800547, 0.11853014170132214, 0.5646467787810795], "DirectionalLightTheta": 16.09928231170006, "DirectionalLightIntensity": 0.7738517434711332, "totalPointLights": 0, "PointLightsRadius": null, "PointLightsPhi": null, "PointLightsTheta": null, "PointLightsIntensity": null, "PointLightsRange": null, "PointLightsColor_r": null, "PointLightsColor_g": null, "PointLightsColor_b": null, "PointLightsColor_a": null, "same_PointLightsColor": null, "totalSpotLights": 0, "SpotLightsRadius": null, "SpotLightsPhi": null, "SpotLightsTheta": null, "SpotLightsIntensity": null, "SpotLightsRange": null, "SpotLightsColor_r": null, "SpotLightsColor_g": null, "SpotLightsColor_b": null, "SpotLightsColor_a": null, "same_SpotLightsColor": null, "SpotAngle": null, "CameraRes_width": 640, "CameraRes_height": 480, "Camera_FieldofView": 80, "CameraRadius": 13, "CameraTheta": 90, "CameraPhi": 0, "CameraVerticalOffset": 0}