{"CameraRes_width": 520, "CameraRes_height": 520, "Camera_FieldofView": 80, "CameraRadius": 10.0, "CameraTheta": 66.78449319031776, "CameraPhi": 260.4420877167116, "CameraVerticalOffset": 0, "total_cuboids": 3, "scale": [1.422062670457261, 1.4769163703653936, 2.933753418438256], "same_scale": false, "total_branches": [1, 1], "same_theta": false, "theta": [53.448525647616464, 112.56316944502619], "phi": 58.353782033174404, "same_material": false, "r": [0.44367435414747525, 0.9558498185824517, 0.7274579642434396], "g": [0.6380778087717055, 0.07782274041694781, 0.48382619837214713], "b": [0.9829132347828823, 0.7409302225147327, 0.5640661252977796], "a": [0.7084326348163446, 0.7492869292317257, 0.9840969751364439], "metallic": [0.7473970285483695, 0.4676075083032133, 0.9569823877180174], "smoothness": [0.5107570430444105, 0.663327416931197, 0.5214598696333735], "DirectionalLightTheta": 49.34989784536434, "DirectionalLightIntensity": 1.6914566127103206, "totalPointLights": 5, "PointLightsRadius": [9.86133438326123, 5.521232665991704, 15.85966635135842, 11.483466251750507, 15.162002492249655], "PointLightsPhi": [222.62061667550097, 355.5618956393945, 274.08913154698604, 163.18251601098922, 95.46156977772621], "PointLightsTheta": [35.631074783459894, 53.54822268264295, 81.0007410124688, 9.260952567394625, 28.704472138910095], "PointLightsIntensity": [8.224323054938223, 15.52508280869604, 7.943381973166026, 12.3572084200989, 9.799186565636054], "PointLightsRange": [15.893709680074819, 5.127447723168932, 8.212707443690476, 15.32733708773806, 13.50597421423374], "PointLightsColor_r": [0.17370894929031644, 0.17370894929031644, 0.17370894929031644, 0.17370894929031644, 0.17370894929031644], "PointLightsColor_g": [0.7993500762638361, 0.7993500762638361, 0.7993500762638361, 0.7993500762638361, 0.7993500762638361], "PointLightsColor_b": [0.7548394284998853, 0.7548394284998853, 0.7548394284998853, 0.7548394284998853, 0.7548394284998853], "PointLightsColor_a": [0.6728694600415714, 0.6728694600415714, 0.6728694600415714, 0.6728694600415714, 0.6728694600415714], "same_PointLightsColor": true, "totalSpotLights": 5, "SpotLightsRadius": [10.425774293462204, 18.962950737994284, 8.791271112032796, 19.822228892350136, 15.499113095099641], "SpotLightsPhi": [35.06434865570864, 147.55666340138617, 253.39708324145164, 24.820877716873152, 257.52128322259625], "SpotLightsTheta": [89.34200059578177, 54.51208028321555, 7.3335168497205405, 15.721677480146766, 5.848723244720086], "SpotLightsIntensity": [11.046065863264236, 13.32899954101759, 13.99630501049938, 11.738242290700601, 5.611885832675588], "SpotLightsRange": [11.467795838964122, 6.683004253274478, 7.358102492872087, 8.506640887263632, 17.739920209719102], "SpotLightsColor_r": [0.4667777413577482, 0.4667777413577482, 0.4667777413577482, 0.4667777413577482, 0.4667777413577482], "SpotLightsColor_g": [0.4901509674851645, 0.4901509674851645, 0.4901509674851645, 0.4901509674851645, 0.4901509674851645], "SpotLightsColor_b": [0.9730999573912549, 0.9730999573912549, 0.9730999573912549, 0.9730999573912549, 0.9730999573912549], "SpotLightsColor_a": [0.5340360367852843, 0.5340360367852843, 0.5340360367852843, 0.5340360367852843, 0.5340360367852843], "same_SpotLightsColor": true, "SpotAngle": [52.068115271849045, 46.2818458077836, 68.696981866661, 99.89134317203519, 11.728066840136918]}