{"totalSegments": 11, "scale": [3.3629460694619735, 2.5632630790522413, 3.042578506409259, 3.4861376033733373, 1.5718583638526438, 2.0730733607583547, 3.4042483233168466, 1.4605339247461062, 3.25377716301042, 1.307913494689377, 3.615225579765929], "same_scale": false, "totalArms_Segment": [1, 1, 1, 2, 1, 1, 1, 1, 1, 1], "same_theta": false, "theta": [24.145504177191075, 10.306997881864776, 25.703496196900943, 15.804540852518052, 0.6038471200831396, 19.68141262995512, 31.979943935261595, 19.761631417646974, 8.970806124968744, 14.704750825747846], "phi": 256.9158363830386, "same_material": false, "r": [0.4392413169912758, 0.8861250642277017, 0.5391395999565808, 0.8343953023716194, 0.6741663133109047, 0.6205630387261606, 0.9589621561915561, 0.7038559503640752, 0.7994842653714797, 0.1708623960258645, 0.5462904391610656], "g": [0.2895719440546922, 0.3415830377931123, 0.021510286426974945, 0.9894975677460849, 0.11400707706265423, 0.6148832843520925, 0.11481291312440878, 0.5203009929743125, 0.16167886026168232, 0.2022600041075414, 0.37654799236715153], "b": [0.4000155241337685, 0.1661123244397401, 0.035853672727577446, 0.12762345746788362, 0.6087234734519498, 0.16008307519675313, 0.7456334099309809, 0.25744654233635056, 0.19251650735564363, 0.49222924924684164, 0.24008816583172587], "a": [0.9833200489362899, 0.7384318399642784, 0.5461329179752906, 0.749781458233783, 0.7650118872253104, 0.5818785333984189, 0.8702194347477421, 0.6756432755603623, 0.6361120997697081, 0.7719553257910818, 0.5973334684304795], "metallic": [0.14487647803013626, 0.515994036903635, 0.5364127457819751, 0.2768707932784984, 0.47922826558339215, 0.4143232903906826, 0.6488299616172697, 0.7155941998007515, 0.558444558352656, 0.838502993657417, 0.8612623344447315], "smoothness": [0.13365386164270288, 0.6759085011666118, 0.386614398141618, 0.9565528765364208, 0.03718087319784569, 0.3582823591230291, 0.1966970852296832, 0.33739027938324206, 0.34125218256374135, 0.6421632030156358, 0.9531524685253775], "DirectionalLightTheta": 82.55389851760775, "DirectionalLightIntensity": 0.6093134066326079, "totalPointLights": 0, "PointLightsRadius": null, "PointLightsPhi": null, "PointLightsTheta": null, "PointLightsIntensity": null, "PointLightsRange": null, "PointLightsColor_r": null, "PointLightsColor_g": null, "PointLightsColor_b": null, "PointLightsColor_a": null, "same_PointLightsColor": null, "totalSpotLights": 0, "SpotLightsRadius": null, "SpotLightsPhi": null, "SpotLightsTheta": null, "SpotLightsIntensity": null, "SpotLightsRange": null, "SpotLightsColor_r": null, "SpotLightsColor_g": null, "SpotLightsColor_b": null, "SpotLightsColor_a": null, "same_SpotLightsColor": null, "SpotAngle": null, "CameraRes_width": 640, "CameraRes_height": 480, "Camera_FieldofView": 80, "CameraRadius": 13, "CameraTheta": 90, "CameraPhi": 0, "CameraVerticalOffset": 0}