{"totalSegments": 10, "scale": [1.1955428705993336, 2.848112387025807, 2.9594723352034924, 2.8943832518848325, 1.6609554713321395, 2.702865971782715, 3.592353872966582, 3.680907709783522, 0.8400670026325381, 3.8610766241169143], "same_scale": false, "totalArms_Segment": [1, 1, 1, 1, 1, 1, 1, 2, 1], "same_theta": true, "theta": [13.87428849066946], "phi": 157.20179202039222, "same_material": true, "r": 0.45004415759995975, "g": 0.6309592269927724, "b": 0.7058964459306742, "a": 0.6635743555752789, "metallic": 0.4978499078579204, "smoothness": 0.20879372309866262, "DirectionalLightTheta": 67.95140004380931, "DirectionalLightIntensity": 1.5570098131487144, "totalPointLights": 0, "PointLightsRadius": null, "PointLightsPhi": null, "PointLightsTheta": null, "PointLightsIntensity": null, "PointLightsRange": null, "PointLightsColor_r": null, "PointLightsColor_g": null, "PointLightsColor_b": null, "PointLightsColor_a": null, "same_PointLightsColor": null, "totalSpotLights": 0, "SpotLightsRadius": null, "SpotLightsPhi": null, "SpotLightsTheta": null, "SpotLightsIntensity": null, "SpotLightsRange": null, "SpotLightsColor_r": null, "SpotLightsColor_g": null, "SpotLightsColor_b": null, "SpotLightsColor_a": null, "same_SpotLightsColor": null, "SpotAngle": null, "CameraRes_width": 640, "CameraRes_height": 480, "Camera_FieldofView": 80, "CameraRadius": 13, "CameraTheta": 90, "CameraPhi": 0, "CameraVerticalOffset": 0}