{"CameraRes_width": 520, "CameraRes_height": 520, "Camera_FieldofView": 80, "CameraRadius": 10.0, "CameraTheta": 55.909023907070775, "CameraPhi": 268.3422364814134, "CameraVerticalOffset": 0, "total_cuboids": 10, "scale": [2.1795030760558896, 2.270260794922633, 2.579755994698896, 2.318464155582839, 2.32051215316043, 2.14225837966715, 1.8246275311669098, 1.1913023122504558, 3.0480424457710664, 1.4401116506767035], "same_scale": false, "total_branches": [1, 1, 2, 1, 1, 1, 1, 2, 2], "same_theta": false, "theta": [15.038598676512624, 0.9377829205261414, 10.563003576684181, 1.3573494664383126, 24.506177472691743, 32.707516050336324, 22.741458376988756, 32.22551089764509, 6.97725843319494], "phi": 287.25863178346765, "same_material": true, "r": 0.7063684122684823, "g": 0.6434688655076682, "b": 0.2263661902579458, "a": 0.9820304107803361, "metallic": 0.5451226243442585, "smoothness": 0.7305674430068961, "DirectionalLightTheta": 2.3374440502990734, "DirectionalLightIntensity": 0.37300205296235966, "totalPointLights": 11, "PointLightsRadius": [17.579801333814135, 17.268118167799038, 9.745729685232488, 6.115066642476288, 8.597531823285587, 12.201108582103583, 13.665502066669383, 16.52383721960271, 15.235701537731545, 7.086979830982338, 18.53891123768767], "PointLightsPhi": [31.608363290765908, 345.02157940318216, 325.9282078187331, 222.56359744581832, 356.6033868454278, 235.1054568696254, 289.9175703158868, 194.06090270823188, 340.25281278817397, 187.4443011598522, 263.2363717847628], "PointLightsTheta": [69.81244797947848, 32.13343107011924, 39.17145981492256, 72.89494349835644, 4.354964927677797, 30.92038979860234, 61.28382052583872, 57.67782768153203, 69.96160485980408, 75.08169518661732, 15.501519407460464], "PointLightsIntensity": [15.21405291655888, 15.125324539838427, 10.155880209907114, 16.50315735753744, 7.258935712262394, 10.348597161886051, 16.093611568681638, 11.895240486894384, 16.99565403282111, 14.804042526637406, 15.180592929091622], "PointLightsRange": [6.1152008534890046, 15.774119851522912, 18.702235044445914, 9.832977523730204, 12.054782872681194, 11.575116197593927, 21.87634374569811, 14.520562297833733, 16.473224889001745, 7.378570597143199, 18.18912593942905], "PointLightsColor_r": [0.7500400155768445, 0.8504881823420117, 0.15935903348569525, 0.3923504792487368, 0.8558245648597378, 0.3566885488022289, 0.9628897233976728, 0.3014133795449909, 0.15814247341552656, 0.6473916930923852, 0.7069879423675131], "PointLightsColor_g": [0.7633299723185966, 0.23090372294267236, 0.33858403205681786, 0.33020311156409754, 0.6127996209596471, 0.37074853568636923, 0.12544927301844122, 0.9523184310813426, 0.5782016579594518, 0.1636352437642996, 0.1468236052187052], "PointLightsColor_b": [0.9190298452454864, 0.7924828456842513, 0.2874751167984493, 0.5895177774040571, 0.18264344263459154, 0.15335140738321507, 0.4002089987004104, 0.0527604520138647, 0.5088419744203787, 0.31402818978560043, 0.8517770631603498], "PointLightsColor_a": [0.5752318953302469, 0.54749736343976, 0.7281279709753956, 0.840685336744514, 0.7840703862779606, 0.607953481042274, 0.9724265406541199, 0.5833127110510069, 0.517345523128883, 0.7222233049091535, 0.8692748609312757], "same_PointLightsColor": false, "totalSpotLights": 4, "SpotLightsRadius": [12.175559424936246, 18.88640184295997, 5.2175584705656055, 14.054772627310614], "SpotLightsPhi": [212.94529513292738, 230.23802785152031, 317.84812738310643, 14.825113768534312], "SpotLightsTheta": [40.45430424766612, 59.59022409949091, 84.74249770561015, 47.1638185210816], "SpotLightsIntensity": [9.155156769491377, 9.31805334480017, 10.992396763439977, 12.165771937417343], "SpotLightsRange": [21.02885241022306, 19.872653270873773, 8.854291143196422, 7.671671081950193], "SpotLightsColor_r": [0.3721481775457852, 0.14166867475482603, 0.38116028646154, 0.5282245486482605], "SpotLightsColor_g": [0.7641562598477575, 0.7302612449557863, 0.7876310370192117, 0.018290973789784615], "SpotLightsColor_b": [0.20475060085474106, 0.5900247681111447, 0.12929725177340734, 0.47785559240922637], "SpotLightsColor_a": [0.6337402489247173, 0.5327407231169095, 0.9375947043033619, 0.8279020844625293], "same_SpotLightsColor": false, "SpotAngle": [31.765009232922445, 7.26224821136276, 95.75710901296469, 74.43221113837171]}