{"totalSegments": 11, "scale": 1.1516674195501415, "same_scale": true, "totalArms_Segment": [1, 1, 1, 1, 2, 1, 1, 1, 1, 2], "same_theta": false, "theta": [6.023401327467548, 9.09359667483599, 4.281325084473096, 26.78098525107836, 8.674455631230291, 12.534463041873146, 8.09170460566935, 27.91380692935322, 15.765798927004875, 16.54516982110742], "phi": 278.0043336547196, "same_material": true, "r": 0.5362611018673495, "g": 0.7290110550887041, "b": 0.9057466731529807, "a": 0.863020767675029, "metallic": 0.8636498645823253, "smoothness": 0.5003264380850289, "DirectionalLightTheta": 60.65869475382407, "DirectionalLightIntensity": 0.9342674552419119, "totalPointLights": 0, "PointLightsRadius": null, "PointLightsPhi": null, "PointLightsTheta": null, "PointLightsIntensity": null, "PointLightsRange": null, "PointLightsColor_r": null, "PointLightsColor_g": null, "PointLightsColor_b": null, "PointLightsColor_a": null, "same_PointLightsColor": null, "totalSpotLights": 0, "SpotLightsRadius": null, "SpotLightsPhi": null, "SpotLightsTheta": null, "SpotLightsIntensity": null, "SpotLightsRange": null, "SpotLightsColor_r": null, "SpotLightsColor_g": null, "SpotLightsColor_b": null, "SpotLightsColor_a": null, "same_SpotLightsColor": null, "SpotAngle": null, "CameraRes_width": 640, "CameraRes_height": 480, "Camera_FieldofView": 80, "CameraRadius": 13, "CameraTheta": 90, "CameraPhi": 0, "CameraVerticalOffset": 0}