{"totalSegments": 6, "scale": [3.9951874370382807, 1.4464989431753148, 3.4156727070044175, 1.4198827925455726, 3.295651450119735, 2.961357931582941], "same_scale": false, "totalArms_Segment": [1, 1, 1, 1, 1], "same_theta": false, "theta": [3.7645267958153017, 23.442537394901482, 4.896039982889599, 11.446706253813723, 13.107601618838729], "phi": 170.80976525939067, "same_material": true, "r": 0.17605292588304378, "g": 0.9064748366041335, "b": 0.01639347486644127, "a": 0.6752995464542625, "metallic": 0.8100021534777684, "smoothness": 0.4798932474639722, "DirectionalLightTheta": 31.882772128969165, "DirectionalLightIntensity": 0.25033879940926096, "totalPointLights": 0, "PointLightsRadius": null, "PointLightsPhi": null, "PointLightsTheta": null, "PointLightsIntensity": null, "PointLightsRange": null, "PointLightsColor_r": null, "PointLightsColor_g": null, "PointLightsColor_b": null, "PointLightsColor_a": null, "same_PointLightsColor": null, "totalSpotLights": 0, "SpotLightsRadius": null, "SpotLightsPhi": null, "SpotLightsTheta": null, "SpotLightsIntensity": null, "SpotLightsRange": null, "SpotLightsColor_r": null, "SpotLightsColor_g": null, "SpotLightsColor_b": null, "SpotLightsColor_a": null, "same_SpotLightsColor": null, "SpotAngle": null, "CameraRes_width": 640, "CameraRes_height": 480, "Camera_FieldofView": 80, "CameraRadius": 13, "CameraTheta": 90, "CameraPhi": 0, "CameraVerticalOffset": 0}