{"totalSegments": 9, "scale": 0.9078000741616417, "same_scale": true, "totalArms_Segment": [1, 1, 1, 2, 1, 1, 1, 1], "same_theta": false, "theta": [10.185382336828042, 20.695967410568116, 32.731645319558204, 23.235912366254368, 28.1352874158384, 24.007127344982642, 26.301606271513972, 18.245443291447504], "phi": 124.20148217538366, "same_material": true, "r": 0.2720173459312386, "g": 0.908764065081741, "b": 0.2029605734186053, "a": 0.5251201715622814, "metallic": 0.34732132134667204, "smoothness": 0.47478208923360155, "DirectionalLightTheta": 4.104754608658058, "DirectionalLightIntensity": 0.21894361185344519, "totalPointLights": 0, "PointLightsRadius": null, "PointLightsPhi": null, "PointLightsTheta": null, "PointLightsIntensity": null, "PointLightsRange": null, "PointLightsColor_r": null, "PointLightsColor_g": null, "PointLightsColor_b": null, "PointLightsColor_a": null, "same_PointLightsColor": null, "totalSpotLights": 0, "SpotLightsRadius": null, "SpotLightsPhi": null, "SpotLightsTheta": null, "SpotLightsIntensity": null, "SpotLightsRange": null, "SpotLightsColor_r": null, "SpotLightsColor_g": null, "SpotLightsColor_b": null, "SpotLightsColor_a": null, "same_SpotLightsColor": null, "SpotAngle": null, "CameraRes_width": 640, "CameraRes_height": 480, "Camera_FieldofView": 80, "CameraRadius": 13, "CameraTheta": 90, "CameraPhi": 0, "CameraVerticalOffset": 0}