{"CameraRes_width": 520, "CameraRes_height": 520, "Camera_FieldofView": 80, "CameraRadius": 10.0, "CameraTheta": 39.01477609239261, "CameraPhi": 349.47169242797423, "CameraVerticalOffset": 0, "total_cuboids": 2, "scale": 3.838624531663635, "same_scale": true, "total_branches": [1], "same_theta": true, "theta": [24.49985603623005], "phi": 246.99989597770295, "same_material": false, "r": [0.2950664806100953, 0.15152341540442638], "g": [0.3053394959712985, 0.11833161344692822], "b": [0.43575248834938607, 0.5994984010461047], "a": [0.5318496123401961, 0.9738345955242806], "metallic": [0.30054672733786125, 0.4753508565739548], "smoothness": [0.13596942716020965, 0.2506523000592894], "DirectionalLightTheta": 40.09988581286603, "DirectionalLightIntensity": 0.2356430006715607, "totalPointLights": 9, "PointLightsRadius": [19.351458391191375, 12.26746142321008, 11.396280760358774, 12.290604436453023, 16.376306174989782, 17.918764313822436, 5.714567913735117, 9.382996446911955, 7.276420566274789], "PointLightsPhi": [29.551914306627477, 67.28954191439182, 263.55464149914866, 201.9266577088789, 222.52596225817507, 40.52156254242723, 326.6994721243773, 124.53942688744884, 9.747649842741403], "PointLightsTheta": [84.23168595697595, 59.95943995165968, 47.52084892296415, 61.95991403330761, 16.22165177207845, 11.43501812318005, 52.298007755131636, 62.092800263694166, 50.81791804613066], "PointLightsIntensity": [9.479189243301015, 10.836271835371837, 15.22221789635089, 11.579546965759887, 11.927779677718707, 8.21147279053381, 9.343612287985335, 11.106354563603404, 11.529453899890495], "PointLightsRange": [8.865314635548092, 16.152410776565606, 5.378825438922254, 14.316015128786809, 14.705526010577188, 11.795947282138638, 15.630258203803479, 17.596614219067185, 5.872940006525957], "PointLightsColor_r": [0.9805148393927176, 0.10959690594407001, 0.2560489216116194, 0.1646926408097873, 0.9898014940436394, 0.5221806906825246, 0.5961791595745426, 0.802237655713162, 0.606363018826366], "PointLightsColor_g": [0.2605111240096759, 0.6896207741641983, 0.20953644608106925, 0.7090619063780604, 0.2635390977696406, 0.6579812675422103, 0.055793682553859636, 0.8481720607630916, 0.31245594069929317], "PointLightsColor_b": [0.3604885595035249, 0.5361653003318145, 0.6911482071406809, 0.6854793315142913, 0.9438485648412277, 0.44317364437855755, 0.35948611261073427, 0.588634975215583, 0.679359305440086], "PointLightsColor_a": [0.8213285414824496, 0.5696902424881933, 0.6385499463237798, 0.501074497879811, 0.5088090708928323, 0.6880451065282676, 0.9682119210790647, 0.8114246004496956, 0.760483439411763], "same_PointLightsColor": false, "totalSpotLights": 4, "SpotLightsRadius": [8.829427435900403, 6.205476272670429, 16.888260598118897, 15.616476559718064], "SpotLightsPhi": [235.71187605112982, 124.45284976290544, 267.52125246716804, 50.28146587369149], "SpotLightsTheta": [4.048611326625352, 54.84122749848739, 28.888389150373868, 74.58211809563463], "SpotLightsIntensity": [9.123588440623202, 9.300760916189601, 13.172763975177872, 10.733337172232345], "SpotLightsRange": [15.621553834773225, 6.626363028409616, 16.130107824803368, 9.967620055065112], "SpotLightsColor_r": [0.9231625017349782, 0.9231625017349782, 0.9231625017349782, 0.9231625017349782], "SpotLightsColor_g": [0.8321928941752069, 0.8321928941752069, 0.8321928941752069, 0.8321928941752069], "SpotLightsColor_b": [0.21550855601245755, 0.21550855601245755, 0.21550855601245755, 0.21550855601245755], "SpotLightsColor_a": [0.8931068263086799, 0.8931068263086799, 0.8931068263086799, 0.8931068263086799], "same_SpotLightsColor": true, "SpotAngle": [29.902880970868097, 69.89562557940216, 45.69455277641074, 111.74239277679914]}