{"totalSegments": 10, "scale": 3.4455825626973633, "same_scale": true, "totalArms_Segment": [1, 1, 1, 2, 1, 1, 1, 1, 2], "same_theta": false, "theta": [4.700516886398954, 5.4625556651131655, 17.630346476629864, 5.8580524718021305, 30.93339709941118, 7.931236586339187, 13.613133778829255, 7.7141664405029085, 23.89770866356753], "phi": 145.30488116203594, "same_material": true, "r": 0.7902875843502644, "g": 0.5086978604199016, "b": 0.10866388853202191, "a": 0.6748980695053248, "metallic": 0.6309365744084185, "smoothness": 0.6623523264104323, "DirectionalLightTheta": 70.35835419757139, "DirectionalLightIntensity": 1.7915373805388022, "totalPointLights": 0, "PointLightsRadius": null, "PointLightsPhi": null, "PointLightsTheta": null, "PointLightsIntensity": null, "PointLightsRange": null, "PointLightsColor_r": null, "PointLightsColor_g": null, "PointLightsColor_b": null, "PointLightsColor_a": null, "same_PointLightsColor": null, "totalSpotLights": 0, "SpotLightsRadius": null, "SpotLightsPhi": null, "SpotLightsTheta": null, "SpotLightsIntensity": null, "SpotLightsRange": null, "SpotLightsColor_r": null, "SpotLightsColor_g": null, "SpotLightsColor_b": null, "SpotLightsColor_a": null, "same_SpotLightsColor": null, "SpotAngle": null, "CameraRes_width": 640, "CameraRes_height": 480, "Camera_FieldofView": 80, "CameraRadius": 13, "CameraTheta": 90, "CameraPhi": 0, "CameraVerticalOffset": 0}