{"totalSegments": 5, "scale": 3.5134712425010024, "same_scale": true, "totalArms_Segment": [1, 2, 1, 1], "same_theta": false, "theta": [20.97427818049441, 43.26365332532608, 62.41662686650655, 16.33909123817706], "phi": 58.3006692052204, "same_material": false, "r": [0.03656870561650205, 0.45767929705592936, 0.07119503709656394, 0.6559387574866975, 0.37046738762594], "g": [0.7055087159599921, 0.7194399086935066, 0.3090047588481346, 0.5311543323163892, 0.2781868395911644], "b": [0.1822608231769759, 0.6003265558372926, 0.5154933318021356, 0.6012586063862895, 0.265630826539232], "a": [0.7042359083789068, 0.6958420071224682, 0.9918193138187971, 0.8148062250854282, 0.9211157748955141], "metallic": [0.19076259802134699, 0.16845132465734336, 0.2928974174040514, 0.1438673399615764, 0.023346765726881324], "smoothness": [0.6542266262243968, 0.25915319778637247, 0.3877718373031015, 0.03454895535811853, 0.9466992918657617], "DirectionalLightTheta": 10.163825283183796, "DirectionalLightIntensity": 0.6874857497458683, "totalPointLights": 0, "PointLightsRadius": null, "PointLightsPhi": null, "PointLightsTheta": null, "PointLightsIntensity": null, "PointLightsRange": null, "PointLightsColor_r": null, "PointLightsColor_g": null, "PointLightsColor_b": null, "PointLightsColor_a": null, "same_PointLightsColor": null, "totalSpotLights": 0, "SpotLightsRadius": null, "SpotLightsPhi": null, "SpotLightsTheta": null, "SpotLightsIntensity": null, "SpotLightsRange": null, "SpotLightsColor_r": null, "SpotLightsColor_g": null, "SpotLightsColor_b": null, "SpotLightsColor_a": null, "same_SpotLightsColor": null, "SpotAngle": null, "CameraRes_width": 640, "CameraRes_height": 480, "Camera_FieldofView": 80, "CameraRadius": 13, "CameraTheta": 90, "CameraPhi": 0, "CameraVerticalOffset": 0}