{"totalSegments": 6, "scale": [1.4144174623214794, 1.3348030216162277, 2.3336498477829757, 2.1846615254140174, 2.537225624377867, 0.618946881816081], "same_scale": false, "totalArms_Segment": [1, 1, 1, 1, 1], "same_theta": false, "theta": [49.435169986831035, 5.845362159156606, 17.133692722978644, 42.7074712874853, 54.30376323127339], "phi": 351.37167030563484, "same_material": false, "r": [0.08481928447403797, 0.996153673240588, 0.7200786183572999, 0.05302961778440285, 0.028147142957172022, 0.62974710556505], "g": [0.610262760613914, 0.25093884151562384, 0.6323850101376483, 0.14125292769638187, 0.7495055231672979, 0.9755292740034959], "b": [0.9358182299787413, 0.6576146080613899, 0.48365879773209275, 0.0633405129223572, 0.8364734713025864, 0.9377676382482182], "a": [0.5281297802927113, 0.7618414365191757, 0.7424328682014565, 0.6984975553395332, 0.7238226269463583, 0.5389869968468901], "metallic": [0.44462401736472257, 0.1599094601609442, 0.5603642994325377, 0.9128204685944322, 0.7673513011655543, 0.8253769621859317], "smoothness": [0.9245886858605873, 0.06410904218102431, 0.5761931183198115, 0.8770440414591947, 0.6794971541516767, 0.5145012821223591], "DirectionalLightTheta": 26.12528152863507, "DirectionalLightIntensity": 0.17981619271454233, "totalPointLights": 0, "PointLightsRadius": null, "PointLightsPhi": null, "PointLightsTheta": null, "PointLightsIntensity": null, "PointLightsRange": null, "PointLightsColor_r": null, "PointLightsColor_g": null, "PointLightsColor_b": null, "PointLightsColor_a": null, "same_PointLightsColor": null, "totalSpotLights": 0, "SpotLightsRadius": null, "SpotLightsPhi": null, "SpotLightsTheta": null, "SpotLightsIntensity": null, "SpotLightsRange": null, "SpotLightsColor_r": null, "SpotLightsColor_g": null, "SpotLightsColor_b": null, "SpotLightsColor_a": null, "same_SpotLightsColor": null, "SpotAngle": null, "CameraRes_width": 640, "CameraRes_height": 480, "Camera_FieldofView": 80, "CameraRadius": 13, "CameraTheta": 90, "CameraPhi": 0, "CameraVerticalOffset": 0}