{"CameraRes_width": 520, "CameraRes_height": 520, "Camera_FieldofView": 80, "CameraRadius": 10.0, "CameraTheta": 36.48901311465038, "CameraPhi": 43.668463377466864, "CameraVerticalOffset": 0, "total_cuboids": 10, "scale": 1.6034091130983388, "same_scale": true, "total_branches": [1, 1, 1, 1, 1, 1, 1, 1, 1], "same_theta": false, "theta": [1.2140568409021526, 20.15551348929195, 16.18115093347577, 7.958660071281425, 25.781978321032657, 29.534563013034447, 11.38419611500397, 18.80613369688931, 4.529197504724145], "phi": 138.91215936537654, "same_material": true, "r": 0.8890144134820209, "g": 0.9623550401106606, "b": 0.4544319283103695, "a": 0.8422987762435543, "metallic": 0.6776900652586154, "smoothness": 0.5982578706805788, "DirectionalLightTheta": 66.69620434339198, "DirectionalLightIntensity": 0.8137083426250367, "totalPointLights": 10, "PointLightsRadius": [11.773293088317306, 19.685647246884265, 11.81336263106181, 19.807230464997307, 7.976041991623114, 13.975645223561019, 14.037335011550622, 7.358826128301108, 16.867114025630258, 6.09356982472448], "PointLightsPhi": [211.0710100551249, 178.45849112654273, 126.70600307004848, 160.19335400767275, 176.73386022168165, 58.019213582409115, 181.57951645450606, 276.59020469000984, 351.67960687168596, 233.43907190312567], "PointLightsTheta": [52.12379876810598, 73.7284086279383, 17.97951403413006, 77.78174626502286, 51.32901942750806, 28.601428115378948, 21.556382518789114, 1.2777436123065133, 76.36357312858334, 25.55789345565848], "PointLightsIntensity": [13.212417007551139, 14.296944836218637, 10.66218949834348, 9.431513433551544, 8.132415416525799, 8.655953354770064, 15.4352907110101, 13.276490705866575, 8.739897784485397, 12.041452068197616], "PointLightsRange": [19.539523734139102, 7.324764355580109, 14.63282417029742, 17.284909993478927, 23.42862219271758, 10.798298379885335, 20.5889661830158, 5.0725400824430755, 7.943585373326661, 17.124890700864142], "PointLightsColor_r": [0.198069013119615, 0.9465778802175937, 0.15382053736587575, 0.6007325673550875, 0.5966535959714606, 0.8985443715418514, 0.6138534564084442, 0.5396354145777232, 0.03762282825084884, 0.996564359823174], "PointLightsColor_g": [0.5852327194252019, 0.22928773785766077, 0.10725895903388483, 0.5758569573668915, 0.6866637876469208, 0.0713348966490529, 0.45031720250082996, 0.9366573906973908, 0.5207613094148167, 0.41009119779609693], "PointLightsColor_b": [0.5697234058824615, 0.3968328723835123, 0.42736570216640757, 0.7238772718050533, 0.316300953841367, 0.31974224523383354, 0.881509815451207, 0.3634210203427607, 0.542226191851604, 0.06480446991398991], "PointLightsColor_a": [0.7437007526137815, 0.667722035870453, 0.8163032557579633, 0.9875036135322497, 0.5634577259764455, 0.7166969593766679, 0.9526946854713696, 0.5882091685956223, 0.9467674104324215, 0.5599919899967876], "same_PointLightsColor": false, "totalSpotLights": 4, "SpotLightsRadius": [7.516101357775217, 16.741814666414456, 18.5703161942954, 10.872043359892412], "SpotLightsPhi": [273.12368957235253, 155.20004646038657, 183.01843502578407, 180.16308328243454], "SpotLightsTheta": [24.537437440701126, 75.3701953856622, 56.71511030652803, 89.67312228058518], "SpotLightsIntensity": [6.692852277836012, 8.09390751631755, 7.883651091247824, 9.689996921210584], "SpotLightsRange": [13.620749122752098, 14.779014971492064, 19.712397877950483, 18.337927987482857], "SpotLightsColor_r": [0.36103842610477255, 0.3711785515838286, 0.7898211555999187, 0.7548248740496544], "SpotLightsColor_g": [0.5884795096192335, 0.8287432378935339, 0.4258259377718887, 0.052157354541547796], "SpotLightsColor_b": [0.9860267139492801, 0.6444260295318139, 0.04977478975747096, 0.32907131040788107], "SpotLightsColor_a": [0.8300319364858639, 0.8356510442035004, 0.5662607431413571, 0.7662403399037343], "same_SpotLightsColor": false, "SpotAngle": [32.13385310308773, 104.12840710365889, 22.143045315191994, 103.5663815083728]}