{"totalSegments": 10, "scale": [3.336949468525296, 3.8178808134812097, 1.3672522084320464, 3.235210296796207, 3.4502106959241123, 2.5068068784932955, 1.2131911285111505, 3.3129348331340216, 0.5608839100441869, 2.439960058193008], "same_scale": false, "totalArms_Segment": [1, 2, 1, 1, 2, 2, 1, 2, 1], "same_theta": false, "theta": [18.545280134607108, 32.41718789109505, 11.311584308539892, 4.558150893446478, 10.361634473837084, 12.171033311390637, 27.908132175741716, 4.347535272850077, 16.14469026665881], "phi": 311.81309959234477, "same_material": true, "r": 0.7098740586191761, "g": 0.37110788755906, "b": 0.8166093430682737, "a": 0.8764909337583093, "metallic": 0.7867464666092362, "smoothness": 0.7019426127353728, "DirectionalLightTheta": 20.047648407880367, "DirectionalLightIntensity": 1.1351803428420448, "totalPointLights": 0, "PointLightsRadius": null, "PointLightsPhi": null, "PointLightsTheta": null, "PointLightsIntensity": null, "PointLightsRange": null, "PointLightsColor_r": null, "PointLightsColor_g": null, "PointLightsColor_b": null, "PointLightsColor_a": null, "same_PointLightsColor": null, "totalSpotLights": 0, "SpotLightsRadius": null, "SpotLightsPhi": null, "SpotLightsTheta": null, "SpotLightsIntensity": null, "SpotLightsRange": null, "SpotLightsColor_r": null, "SpotLightsColor_g": null, "SpotLightsColor_b": null, "SpotLightsColor_a": null, "same_SpotLightsColor": null, "SpotAngle": null, "CameraRes_width": 640, "CameraRes_height": 480, "Camera_FieldofView": 80, "CameraRadius": 13, "CameraTheta": 90, "CameraPhi": 0, "CameraVerticalOffset": 0}