{"totalSegments": 11, "scale": [2.027622449754139, 2.694984674431267, 2.6612994352331336, 3.05024842256962, 3.7950707439643567, 1.7045308849271903, 0.842089759529442, 2.6941628091657117, 2.5428131460239163, 2.068484510000302, 2.552993790010114], "same_scale": false, "totalArms_Segment": [1, 1, 1, 2, 2, 1, 1, 1, 1, 1], "same_theta": true, "theta": [29.105842939494277], "phi": 273.04832895284386, "same_material": true, "r": 0.6003190006712329, "g": 0.5959477328031398, "b": 0.4327014714141686, "a": 0.7572005375707375, "metallic": 0.009928070548306911, "smoothness": 0.5110075394861938, "DirectionalLightTheta": 6.28148565799517, "DirectionalLightIntensity": 1.3321189403021252, "totalPointLights": 0, "PointLightsRadius": null, "PointLightsPhi": null, "PointLightsTheta": null, "PointLightsIntensity": null, "PointLightsRange": null, "PointLightsColor_r": null, "PointLightsColor_g": null, "PointLightsColor_b": null, "PointLightsColor_a": null, "same_PointLightsColor": null, "totalSpotLights": 0, "SpotLightsRadius": null, "SpotLightsPhi": null, "SpotLightsTheta": null, "SpotLightsIntensity": null, "SpotLightsRange": null, "SpotLightsColor_r": null, "SpotLightsColor_g": null, "SpotLightsColor_b": null, "SpotLightsColor_a": null, "same_SpotLightsColor": null, "SpotAngle": null, "CameraRes_width": 520, "CameraRes_height": 520, "Camera_FieldofView": 80, "CameraRadius": 13, "CameraTheta": 90, "CameraPhi": 0, "CameraVerticalOffset": 0}