{"totalSegments": 5, "scale": 1.5106794956252412, "same_scale": true, "totalArms_Segment": [1, 1, 1, 1], "same_theta": false, "theta": [7.331497401721868, 20.93207761733717, 11.876062530702065, 41.61362806490613], "phi": 304.05959283372846, "same_material": false, "r": [0.83576932907772, 0.5358399842456432, 0.06091379924240381, 0.5646432595465647, 0.7149374188165567], "g": [0.6582111059306205, 0.6236150760869292, 0.28844122896796043, 0.2570602711203811, 0.8828948450549465], "b": [0.25568460401423676, 0.44665958949275, 0.14204903625825915, 0.8205489901945817, 0.7798553426205197], "a": [0.7911130184953674, 0.7944951348012588, 0.709455354991132, 0.7503126523367114, 0.8039918993742081], "metallic": [0.5901938248890207, 0.18774167979070344, 0.49271901500832394, 0.1620278823983463, 0.9262415872404102], "smoothness": [0.9317859420340605, 0.9846686534949876, 0.6905496194560878, 0.2698879050581876, 0.39984872421212636], "DirectionalLightTheta": 32.75831164736461, "DirectionalLightIntensity": 0.5781919437421671, "totalPointLights": 0, "PointLightsRadius": null, "PointLightsPhi": null, "PointLightsTheta": null, "PointLightsIntensity": null, "PointLightsRange": null, "PointLightsColor_r": null, "PointLightsColor_g": null, "PointLightsColor_b": null, "PointLightsColor_a": null, "same_PointLightsColor": null, "totalSpotLights": 0, "SpotLightsRadius": null, "SpotLightsPhi": null, "SpotLightsTheta": null, "SpotLightsIntensity": null, "SpotLightsRange": null, "SpotLightsColor_r": null, "SpotLightsColor_g": null, "SpotLightsColor_b": null, "SpotLightsColor_a": null, "same_SpotLightsColor": null, "SpotAngle": null, "CameraRes_width": 640, "CameraRes_height": 480, "Camera_FieldofView": 80, "CameraRadius": 13, "CameraTheta": 90, "CameraPhi": 0, "CameraVerticalOffset": 0}