{"totalSegments": 4, "scale": [2.61790824075515, 1.5919377212977497, 2.720705115687282, 1.2792402717721658], "same_scale": false, "totalArms_Segment": [1, 1, 1], "same_theta": false, "theta": [57.43967538896247, 16.20362698446517, 2.428665660559722], "phi": 133.69936633789982, "same_material": false, "r": [0.7056405025072685, 0.8338659947865715, 0.4829432064693405, 0.8261845123993808], "g": [0.8800474533415945, 0.61509655035161, 0.1526489488194145, 0.1755640738712304], "b": [0.3921080494358886, 0.10357262295092073, 0.4672932895570343, 0.6862021733161481], "a": [0.669362903135717, 0.8875609539957611, 0.7113741108445939, 0.5264787409052583], "metallic": [0.16526140638736309, 0.821926659450126, 0.8882924085783135, 0.47722387165238866], "smoothness": [0.2776625526490909, 0.8696624076930151, 0.8645375675491894, 0.7371529094453289], "DirectionalLightTheta": 70.87489791001163, "DirectionalLightIntensity": 1.5353132506160125, "totalPointLights": 0, "PointLightsRadius": null, "PointLightsPhi": null, "PointLightsTheta": null, "PointLightsIntensity": null, "PointLightsRange": null, "PointLightsColor_r": null, "PointLightsColor_g": null, "PointLightsColor_b": null, "PointLightsColor_a": null, "same_PointLightsColor": null, "totalSpotLights": 0, "SpotLightsRadius": null, "SpotLightsPhi": null, "SpotLightsTheta": null, "SpotLightsIntensity": null, "SpotLightsRange": null, "SpotLightsColor_r": null, "SpotLightsColor_g": null, "SpotLightsColor_b": null, "SpotLightsColor_a": null, "same_SpotLightsColor": null, "SpotAngle": null, "CameraRes_width": 640, "CameraRes_height": 480, "Camera_FieldofView": 80, "CameraRadius": 13, "CameraTheta": 90, "CameraPhi": 0, "CameraVerticalOffset": 0}