{"totalSegments": 4, "scale": 2.286043205488876, "same_scale": true, "totalArms_Segment": [1, 1, 1], "same_theta": false, "theta": [48.629169830763935, 54.7788505981388, 24.177294530997347], "phi": 60.214866245097326, "same_material": false, "r": [0.23390996971111455, 0.24124891517499236, 0.0965978068959803, 0.6332478284006984], "g": [0.3002724431356746, 0.4746964983600348, 0.4276129529279402, 0.08763703637084663], "b": [0.7249936300162804, 0.32884792191985834, 0.9104226269954925, 0.7643532929610644], "a": [0.5955935854356711, 0.8718006137548054, 0.6312989946315484, 0.8014706595963497], "metallic": [0.6715948495781514, 0.7306511734307828, 0.4822691803146405, 0.8327633363682202], "smoothness": [0.9521360201648614, 0.9185926815771956, 0.8796134368331006, 0.5550769140906395], "DirectionalLightTheta": 60.01070991661044, "DirectionalLightIntensity": 0.6443755978624104, "totalPointLights": 0, "PointLightsRadius": null, "PointLightsPhi": null, "PointLightsTheta": null, "PointLightsIntensity": null, "PointLightsRange": null, "PointLightsColor_r": null, "PointLightsColor_g": null, "PointLightsColor_b": null, "PointLightsColor_a": null, "same_PointLightsColor": null, "totalSpotLights": 0, "SpotLightsRadius": null, "SpotLightsPhi": null, "SpotLightsTheta": null, "SpotLightsIntensity": null, "SpotLightsRange": null, "SpotLightsColor_r": null, "SpotLightsColor_g": null, "SpotLightsColor_b": null, "SpotLightsColor_a": null, "same_SpotLightsColor": null, "SpotAngle": null, "CameraRes_width": 640, "CameraRes_height": 480, "Camera_FieldofView": 80, "CameraRadius": 13, "CameraTheta": 90, "CameraPhi": 0, "CameraVerticalOffset": 0}