{"totalSegments": 7, "scale": [2.815496495870685, 1.3636209473364753, 3.6080514061966986, 1.1410618589096408, 2.3357643907796057, 3.7506508735449042, 2.328755353301996], "same_scale": false, "totalArms_Segment": [1, 1, 1, 1, 2, 1], "same_theta": false, "theta": [37.891088076037384, 10.466928628536333, 32.74553589240655, 19.67078185014483, 30.745513208263368, 6.8040605991821685], "phi": 139.38895043715374, "same_material": true, "r": 0.1295350664528061, "g": 0.23911999912149917, "b": 0.005864808289901324, "a": 0.576959766187934, "metallic": 0.32053545261559624, "smoothness": 0.17661876641625707, "DirectionalLightTheta": 24.376095623144344, "DirectionalLightIntensity": 0.1934162524551996, "totalPointLights": 0, "PointLightsRadius": null, "PointLightsPhi": null, "PointLightsTheta": null, "PointLightsIntensity": null, "PointLightsRange": null, "PointLightsColor_r": null, "PointLightsColor_g": null, "PointLightsColor_b": null, "PointLightsColor_a": null, "same_PointLightsColor": null, "totalSpotLights": 0, "SpotLightsRadius": null, "SpotLightsPhi": null, "SpotLightsTheta": null, "SpotLightsIntensity": null, "SpotLightsRange": null, "SpotLightsColor_r": null, "SpotLightsColor_g": null, "SpotLightsColor_b": null, "SpotLightsColor_a": null, "same_SpotLightsColor": null, "SpotAngle": null, "CameraRes_width": 640, "CameraRes_height": 480, "Camera_FieldofView": 80, "CameraRadius": 13, "CameraTheta": 90, "CameraPhi": 0, "CameraVerticalOffset": 0}