{"CameraRes_width": 520, "CameraRes_height": 520, "Camera_FieldofView": 80, "CameraRadius": 10.0, "CameraTheta": 89.8389243562177, "CameraPhi": 357.3451274667947, "CameraVerticalOffset": 0, "total_cuboids": 5, "scale": [2.437158846014513, 3.963827083850782, 3.871666852850251, 2.4940741032264233, 3.521496301160928], "same_scale": false, "total_branches": [1, 1, 1, 1], "same_theta": false, "theta": [54.553502382623535, 38.286140513341174, 12.12230476255132, 12.807796715887728], "phi": 184.68155936209686, "same_material": false, "r": [0.8815112599589178, 0.38402327975724604, 0.05251021702157277, 0.028631825513625753, 0.4665999101121293], "g": [0.8698602279131282, 0.7900778793191534, 0.5215033337177926, 0.04981053551820347, 0.758550616360139], "b": [0.622025880887814, 0.9961219091824473, 0.2101254579035624, 0.2625855821646502, 0.9626050595397994], "a": [0.9195800570112407, 0.5530908525331872, 0.809121693239916, 0.6241178584873557, 0.5384928613316298], "metallic": [0.8421898574261584, 0.6474125222796692, 0.11680971244113036, 0.9603207638145783, 0.27932680156197476], "smoothness": [0.8040492950249912, 0.42721848881654456, 0.22169525286167813, 0.6176978710776684, 0.7163326442596526], "DirectionalLightTheta": 10.643061949716387, "DirectionalLightIntensity": 0.8853588460507829, "totalPointLights": 5, "PointLightsRadius": [13.751588614335592, 17.7864894786372, 7.77637960136226, 5.1312061266573386, 19.097896487057284], "PointLightsPhi": [301.8675566458123, 96.24331180760531, 344.17894491937943, 351.6977068780718, 71.16087220440726], "PointLightsTheta": [87.38224572773858, 46.19405766075359, 28.62483820421527, 38.902400257159634, 19.149931997499106], "PointLightsIntensity": [13.055621067414656, 12.064091696588067, 16.615331927742027, 11.64904641563069, 14.091902865368077], "PointLightsRange": [18.859070690520205, 13.79770371635354, 20.83134193046881, 9.970908176398115, 10.505354133753535], "PointLightsColor_r": [0.29721669316080135, 0.2778528441490551, 0.4748889003826696, 0.454249783250682, 0.4464552810375987], "PointLightsColor_g": [0.9167503668199644, 0.45317882395672815, 0.6000427619002681, 0.1244995311070306, 0.0658033857632746], "PointLightsColor_b": [0.8645444898365604, 0.7234539874236506, 0.06769554807490485, 0.518247463204657, 0.8775770545864072], "PointLightsColor_a": [0.5332128265328532, 0.9214662676964923, 0.8283891584542378, 0.7318718439207319, 0.8516744985411632], "same_PointLightsColor": false, "totalSpotLights": 4, "SpotLightsRadius": [18.870116112571367, 8.322514024667836, 12.515044950852644, 7.520563505377956], "SpotLightsPhi": [31.212343030536456, 118.40845932812107, 119.30038385605225, 86.89156947822815], "SpotLightsTheta": [14.814775103461441, 7.421198943060741, 32.37686459791892, 49.146463124823356], "SpotLightsIntensity": [14.233246627169782, 10.00826602585578, 5.273921361706401, 10.270189050841338], "SpotLightsRange": [21.497055698700972, 13.244160105659148, 22.49059674208152, 22.237165659845427], "SpotLightsColor_r": [0.332558602106955, 0.730279223604532, 0.19911323854941343, 0.3572723718494507], "SpotLightsColor_g": [0.6013211026101546, 0.5632617178152048, 0.04057364105771999, 0.26765353842512696], "SpotLightsColor_b": [0.3365528593250251, 0.5933398433573012, 0.3101197688352716, 0.9358885038858159], "SpotLightsColor_a": [0.5710538814346415, 0.6057646849070011, 0.9378475998619862, 0.795198899872077], "same_SpotLightsColor": false, "SpotAngle": [52.28118366793482, 23.254861226200806, 22.68416354243168, 80.99626483797427]}