{"totalSegments": 6, "scale": [3.536088879409879, 1.873743957712644, 1.854793952152832, 2.9220193518269504, 1.8802940446537784, 3.608632319073653], "same_scale": false, "totalArms_Segment": [2, 1, 1, 1, 2], "same_theta": false, "theta": [5.3244211815840625, 34.13766164791744, 28.58476866870231, 3.3742097160638096, 33.93271204387033], "phi": 41.02953374254764, "same_material": true, "r": 0.3314326449695365, "g": 0.20965444700898306, "b": 0.0768852386994231, "a": 0.5141855357314296, "metallic": 0.38485989366143014, "smoothness": 0.43659391175073636, "DirectionalLightTheta": 38.69400696069597, "DirectionalLightIntensity": 1.797052642813148, "totalPointLights": 0, "PointLightsRadius": null, "PointLightsPhi": null, "PointLightsTheta": null, "PointLightsIntensity": null, "PointLightsRange": null, "PointLightsColor_r": null, "PointLightsColor_g": null, "PointLightsColor_b": null, "PointLightsColor_a": null, "same_PointLightsColor": null, "totalSpotLights": 0, "SpotLightsRadius": null, "SpotLightsPhi": null, "SpotLightsTheta": null, "SpotLightsIntensity": null, "SpotLightsRange": null, "SpotLightsColor_r": null, "SpotLightsColor_g": null, "SpotLightsColor_b": null, "SpotLightsColor_a": null, "same_SpotLightsColor": null, "SpotAngle": null, "CameraRes_width": 520, "CameraRes_height": 520, "Camera_FieldofView": 80, "CameraRadius": 13, "CameraTheta": 90, "CameraPhi": 0, "CameraVerticalOffset": 0}