{"totalSegments": 10, "scale": [2.3334998194313794, 2.5557268606666903, 2.1817074848861804, 2.4706833791492104, 1.4297296992286395, 1.063147466031891, 1.5903574633532582, 2.565069783739095, 3.4473321404890966, 1.6363292241722829], "same_scale": false, "totalArms_Segment": [1, 1, 1, 1, 1, 1, 2, 1, 1], "same_theta": true, "theta": [16.033880713779382], "phi": 78.09345319581352, "same_material": false, "r": [0.10835066803270299, 0.8335223295453701, 0.19950453636948007, 0.6018036052321634, 0.6344806884398708, 0.05425626900206015, 0.2847096148474271, 0.34081874546595703, 0.6251584349746241, 0.07098329728816755], "g": [0.8782658315308264, 0.31709159873920756, 0.278452925714613, 0.9043957872043614, 0.4610964131482087, 0.1707059138338416, 0.45267235527748195, 0.26041890512195165, 0.1544862234211004, 0.8498967599259444], "b": [0.18842632270925086, 0.3358582307806596, 0.9633575839368637, 0.13213053949680997, 0.7775440062980806, 0.3773880033814544, 0.5701453618600464, 0.4627380617254121, 0.05331726782111679, 0.5947745355811596], "a": [0.7736363220839426, 0.8759585980205945, 0.673247894884737, 0.6746224354880956, 0.6559608391796, 0.9950625485496893, 0.6386996072237683, 0.7830627098930631, 0.7858056993197937, 0.9327981249208086], "metallic": [0.9232555503846129, 0.1266185002907163, 0.067289767773415, 0.257728111361778, 0.41064749760394026, 0.990653398331606, 0.026974165092890856, 0.9324180145384813, 0.8978284247610482, 0.8496922534422914], "smoothness": [0.7102164894481778, 0.5675844977733694, 0.8291765124507442, 0.9258109900332382, 0.4276118938661553, 0.8432698778907838, 0.8025918417142764, 0.2249876142604691, 0.1091978030694396, 0.2022621099658658], "DirectionalLightTheta": 54.39714192220769, "DirectionalLightIntensity": 0.7889757318914369, "totalPointLights": 0, "PointLightsRadius": null, "PointLightsPhi": null, "PointLightsTheta": null, "PointLightsIntensity": null, "PointLightsRange": null, "PointLightsColor_r": null, "PointLightsColor_g": null, "PointLightsColor_b": null, "PointLightsColor_a": null, "same_PointLightsColor": null, "totalSpotLights": 0, "SpotLightsRadius": null, "SpotLightsPhi": null, "SpotLightsTheta": null, "SpotLightsIntensity": null, "SpotLightsRange": null, "SpotLightsColor_r": null, "SpotLightsColor_g": null, "SpotLightsColor_b": null, "SpotLightsColor_a": null, "same_SpotLightsColor": null, "SpotAngle": null, "CameraRes_width": 640, "CameraRes_height": 480, "Camera_FieldofView": 80, "CameraRadius": 13, "CameraTheta": 90, "CameraPhi": 0, "CameraVerticalOffset": 0}