{"CameraRes_width": 520, "CameraRes_height": 520, "Camera_FieldofView": 80, "CameraRadius": 10.0, "CameraTheta": 68.76817880356906, "CameraPhi": 295.8071973801588, "CameraVerticalOffset": 0, "total_cuboids": 8, "scale": 3.294843611121123, "same_scale": true, "total_branches": [1, 1, 1, 1, 1, 1, 1], "same_theta": true, "theta": [6.229990281275916], "phi": 287.8687538337708, "same_material": false, "r": [0.9362078285305123, 0.4363685500209513, 0.9135419224555765, 0.6721491453098656, 0.42101603555607725, 0.8840645322702212, 0.45281485235734675, 0.35547218296175354], "g": [0.9947411759267555, 0.5397741835572896, 0.07739282630327382, 0.8110132895502193, 0.5644629676762535, 0.40466479169319636, 0.6375475696857907, 0.49033727033750507], "b": [0.12302433187075612, 0.6113363392303676, 0.0867422975571206, 0.030733713615941682, 0.1313464073313152, 0.6661533862540299, 0.8886871164455513, 0.828256439877088], "a": [0.7096991086655682, 0.5433452089035551, 0.7633868856082033, 0.7115964991178851, 0.5331066159524589, 0.5144901723946094, 0.7180152842513896, 0.7117641444061357], "metallic": [0.6478432065151913, 0.8537969654242945, 0.8442169027717987, 0.7770793714804407, 0.5531278074878051, 0.505040060961083, 0.9053915006330533, 0.9720895066506198], "smoothness": [0.10272975047281474, 0.2348596656287374, 0.21263520325830454, 0.40601886213857574, 0.6911058107533826, 0.7344083172484777, 0.4627689061269106, 0.2206666345831747], "DirectionalLightTheta": 15.703788603423778, "DirectionalLightIntensity": 1.268623188240512, "totalPointLights": 5, "PointLightsRadius": [11.949912734731132, 9.70566352326883, 13.566661652764958, 10.023571670625689, 10.27061843297522], "PointLightsPhi": [349.7895617700724, 244.04239728913964, 249.12949991909696, 339.98277455368657, 353.7211781470241], "PointLightsTheta": [34.50441555374746, 40.619969628308404, 25.160289684680382, 23.4611980861546, 73.31091982415168], "PointLightsIntensity": [7.583301282607998, 11.489640630691827, 11.30116748267166, 7.717817806780987, 12.455255824849527], "PointLightsRange": [22.791159111212316, 10.2013011769095, 10.759058923389981, 15.481103839403726, 5.168223784856987], "PointLightsColor_r": [0.9968198520037946, 0.4348218596907326, 0.9660911890989995, 0.4465345226362548, 0.8849784879972605], "PointLightsColor_g": [0.4437037241911337, 0.7988358394117677, 0.9850087676101928, 0.6745117224882355, 0.757218027118948], "PointLightsColor_b": [0.9532863200643972, 0.0011657346177684769, 0.9423336034119582, 0.5766493765557021, 0.11123636329252573], "PointLightsColor_a": [0.9708342893528406, 0.9336401766422316, 0.6939705201684934, 0.8650042237141721, 0.6482181373882829], "same_PointLightsColor": false, "totalSpotLights": 3, "SpotLightsRadius": [5.953114254039564, 6.836590325714414, 13.94193906507821], "SpotLightsPhi": [278.19293730956963, 181.18181795662238, 183.22704186282454], "SpotLightsTheta": [15.161466359914789, 12.793719191565549, 32.273480836939], "SpotLightsIntensity": [10.046567661035148, 14.74498460828596, 9.370096755623788], "SpotLightsRange": [19.21976587569855, 23.417384157760836, 7.898057468791664], "SpotLightsColor_r": [0.33989206455803556, 0.33989206455803556, 0.33989206455803556], "SpotLightsColor_g": [0.4122218257887025, 0.4122218257887025, 0.4122218257887025], "SpotLightsColor_b": [0.5015549446408577, 0.5015549446408577, 0.5015549446408577], "SpotLightsColor_a": [0.6061554641997093, 0.6061554641997093, 0.6061554641997093], "same_SpotLightsColor": true, "SpotAngle": [100.42264100582709, 23.783757913390602, 14.535053757474005]}