{"totalSegments": 8, "scale": [2.4995590815267867, 3.8227130959306574, 3.1560714593780905, 2.364242043778199, 1.7312417458995233, 1.3782698528881125, 2.2098419965372305, 1.7736373433717023], "same_scale": false, "totalArms_Segment": [1, 1, 2, 1, 1, 1, 1], "same_theta": true, "theta": [28.145958549072038], "phi": 296.4558688643371, "same_material": false, "r": [0.5723657729653021, 0.933612593097527, 0.7696394064640159, 0.05322677179473623, 0.6701078441445586, 0.6062376007013225, 0.15590603288935168, 0.2332432839438593], "g": [0.7989639559463035, 0.9971927781746325, 0.6454549369719392, 0.44559918359394723, 0.655621378146154, 0.1196017819042191, 0.7359649359500292, 0.48388284296474915], "b": [0.5650075192088041, 0.10868132227367178, 0.6554340696644536, 0.11105361364446176, 0.6666122723636775, 0.18087393273216512, 0.20757254184768825, 0.2295103294564207], "a": [0.795587607340021, 0.5930238804084427, 0.9360038192845919, 0.5084793550928232, 0.6365682564898993, 0.7134169903706702, 0.7022350089713209, 0.6125918139699255], "metallic": [0.2926003005537915, 0.4854216410529836, 0.2834912151143587, 0.5621981733207225, 0.9052187732194753, 0.19930732726371014, 0.23291119678387606, 0.9478116849622242], "smoothness": [0.4078636202907213, 0.14480781310780055, 0.6564727638964336, 0.3355375894121687, 0.5036728958145171, 0.07393322033415528, 0.14309322053848383, 0.08747070417562075], "DirectionalLightTheta": 31.942183101055914, "DirectionalLightIntensity": 1.5701562647063307, "totalPointLights": 0, "PointLightsRadius": null, "PointLightsPhi": null, "PointLightsTheta": null, "PointLightsIntensity": null, "PointLightsRange": null, "PointLightsColor_r": null, "PointLightsColor_g": null, "PointLightsColor_b": null, "PointLightsColor_a": null, "same_PointLightsColor": null, "totalSpotLights": 0, "SpotLightsRadius": null, "SpotLightsPhi": null, "SpotLightsTheta": null, "SpotLightsIntensity": null, "SpotLightsRange": null, "SpotLightsColor_r": null, "SpotLightsColor_g": null, "SpotLightsColor_b": null, "SpotLightsColor_a": null, "same_SpotLightsColor": null, "SpotAngle": null, "CameraRes_width": 640, "CameraRes_height": 480, "Camera_FieldofView": 80, "CameraRadius": 13, "CameraTheta": 90, "CameraPhi": 0, "CameraVerticalOffset": 0}