{"totalSegments": 7, "scale": 2.753013646062791, "same_scale": true, "totalArms_Segment": [1, 1, 1, 1, 1, 1], "same_theta": false, "theta": [32.262732440525674, 1.7942985354239438, 49.597904097860564, 44.331403760950536, 46.894642681324484, 46.82566200424211], "phi": 125.340790363725, "same_material": false, "r": [0.6613206775282925, 0.12601207337251918, 0.8181535866223871, 0.9525774023587491, 0.6491090978664575, 0.8687168523245349, 0.7615922009829952], "g": [0.9173699965283558, 0.45926447910885015, 0.5368248664347587, 0.20982237532669812, 0.13380384104077392, 0.6241696370175223, 0.9326669401297334], "b": [0.24039363485962106, 0.5076117643667583, 0.27566454184945577, 0.2442568988814946, 0.6320640520267061, 0.36023882161729603, 0.431882551716141], "a": [0.7910833587296172, 0.8568388749113629, 0.7943067490655082, 0.8966179894994948, 0.5893866198966813, 0.7973245780443461, 0.8269654052860429], "metallic": [0.07398774695259536, 0.6258968116447008, 0.5406878564597218, 0.49601792296593095, 0.11285324651172557, 0.31908175540980765, 0.17072351123962337], "smoothness": [0.9030771756296605, 0.6265892085909329, 0.8134803730965346, 0.7167635959710835, 0.14101731716411425, 0.7922895768529897, 0.08692486650671172], "DirectionalLightTheta": 58.36035063104318, "DirectionalLightIntensity": 1.0397632208098482, "totalPointLights": 0, "PointLightsRadius": null, "PointLightsPhi": null, "PointLightsTheta": null, "PointLightsIntensity": null, "PointLightsRange": null, "PointLightsColor_r": null, "PointLightsColor_g": null, "PointLightsColor_b": null, "PointLightsColor_a": null, "same_PointLightsColor": null, "totalSpotLights": 0, "SpotLightsRadius": null, "SpotLightsPhi": null, "SpotLightsTheta": null, "SpotLightsIntensity": null, "SpotLightsRange": null, "SpotLightsColor_r": null, "SpotLightsColor_g": null, "SpotLightsColor_b": null, "SpotLightsColor_a": null, "same_SpotLightsColor": null, "SpotAngle": null, "CameraRes_width": 640, "CameraRes_height": 480, "Camera_FieldofView": 80, "CameraRadius": 13, "CameraTheta": 90, "CameraPhi": 0, "CameraVerticalOffset": 0}