{"totalSegments": 9, "scale": 3.817818826357173, "same_scale": true, "totalArms_Segment": [1, 1, 1, 1, 1, 1, 1, 1], "same_theta": true, "theta": [5.4938580820339356], "phi": 55.13928778259359, "same_material": false, "r": [0.6951143506563499, 0.13094619368856086, 0.6219152838285662, 0.18902619763519968, 0.20165764122925445, 0.8172420785739002, 0.5769947247510413, 0.9271859633528281, 0.28834246617633674], "g": [0.12860314839772158, 0.2680957499337555, 0.6590096866079419, 0.4486472711408034, 0.3154533274665676, 0.5194323851176751, 0.8500151651046881, 0.023942255805823875, 0.16230032249331416], "b": [0.447758593837411, 0.8602515561194655, 0.8802384856872426, 0.31903027523069305, 0.05195739928696119, 0.041265318217914015, 0.47056693898436985, 0.029873950676547634, 0.01695165200998905], "a": [0.5228248359056713, 0.571202772278935, 0.9925111231741186, 0.526285769665991, 0.8034782818705638, 0.5757917930511018, 0.9744130361249554, 0.7023003184293996, 0.8335896258688262], "metallic": [0.14081197393071432, 0.35285282572466137, 0.9257385423062428, 0.9968081347805019, 0.7269163864135623, 0.1823787082828724, 0.9548250825854943, 0.48307356737592944, 0.8246262663542901], "smoothness": [0.38862131212621975, 0.3414701019518048, 0.23521606387508587, 0.3451900985501023, 0.24961832518023497, 0.966835867163829, 0.2672723744801475, 0.4566217229345193, 0.4247680575958477], "DirectionalLightTheta": 89.6958305526532, "DirectionalLightIntensity": 0.6271026072503835, "totalPointLights": 0, "PointLightsRadius": null, "PointLightsPhi": null, "PointLightsTheta": null, "PointLightsIntensity": null, "PointLightsRange": null, "PointLightsColor_r": null, "PointLightsColor_g": null, "PointLightsColor_b": null, "PointLightsColor_a": null, "same_PointLightsColor": null, "totalSpotLights": 0, "SpotLightsRadius": null, "SpotLightsPhi": null, "SpotLightsTheta": null, "SpotLightsIntensity": null, "SpotLightsRange": null, "SpotLightsColor_r": null, "SpotLightsColor_g": null, "SpotLightsColor_b": null, "SpotLightsColor_a": null, "same_SpotLightsColor": null, "SpotAngle": null, "CameraRes_width": 640, "CameraRes_height": 480, "Camera_FieldofView": 80, "CameraRadius": 13, "CameraTheta": 90, "CameraPhi": 0, "CameraVerticalOffset": 0}