{"totalSegments": 6, "scale": 2.7720450038241045, "same_scale": true, "totalArms_Segment": [1, 1, 2, 2, 1], "same_theta": false, "theta": [22.1518635905719, 18.561631548642083, 9.273527907950033, 35.22341440856761, 51.71079509606946], "phi": 56.719082812770274, "same_material": false, "r": [0.8819981292270294, 0.811695007003809, 0.2827369585088161, 0.3188394015295489, 0.6128280715894968, 0.8675595654345382], "g": [0.6017696098131768, 0.4197377650433809, 0.9208258420713328, 0.20359131798593977, 0.38331311326218687, 0.8565118755103989], "b": [0.9909265036605484, 0.15557877382474994, 0.33860489202398447, 0.05789486084240747, 0.6375228486822149, 0.4959098786977004], "a": [0.8471830074940063, 0.5122556654656067, 0.9185694475197992, 0.545918196356188, 0.8410164240234478, 0.9087008922131659], "metallic": [0.13058575451739607, 0.08173612198431934, 0.16298922798021553, 0.606875363446126, 0.9735352326312039, 0.19428529253692617], "smoothness": [0.169296138460443, 0.6111818264233723, 0.07479168685959348, 0.7917083771314599, 0.838287092341723, 0.4585225933358974], "DirectionalLightTheta": 78.51101962030438, "DirectionalLightIntensity": 1.7153750873196896, "totalPointLights": 0, "PointLightsRadius": null, "PointLightsPhi": null, "PointLightsTheta": null, "PointLightsIntensity": null, "PointLightsRange": null, "PointLightsColor_r": null, "PointLightsColor_g": null, "PointLightsColor_b": null, "PointLightsColor_a": null, "same_PointLightsColor": null, "totalSpotLights": 0, "SpotLightsRadius": null, "SpotLightsPhi": null, "SpotLightsTheta": null, "SpotLightsIntensity": null, "SpotLightsRange": null, "SpotLightsColor_r": null, "SpotLightsColor_g": null, "SpotLightsColor_b": null, "SpotLightsColor_a": null, "same_SpotLightsColor": null, "SpotAngle": null, "CameraRes_width": 640, "CameraRes_height": 480, "Camera_FieldofView": 80, "CameraRadius": 13, "CameraTheta": 90, "CameraPhi": 0, "CameraVerticalOffset": 0}