{"totalSegments": 5, "scale": 1.9536926856315537, "same_scale": true, "totalArms_Segment": [1, 1, 1, 1], "same_theta": false, "theta": [9.609133595785467, 32.760626935677195, 61.645550128558256, 42.92771763523554], "phi": 142.2024648253342, "same_material": false, "r": [0.7757192631017249, 0.9615028803474611, 0.12353913422773022, 0.26059224902279643, 0.33204452572305765], "g": [0.1044994120407301, 0.7195475175470801, 0.5970979651867667, 0.8621991408057269, 0.811836227029642], "b": [0.2976915577921938, 0.6289506341918116, 0.0793574309870072, 0.9495281450059637, 0.1146581177556949], "a": [0.6292698509611334, 0.728354740670782, 0.8106918835002601, 0.7664366182029685, 0.9487060575231168], "metallic": [0.7075630613109919, 0.07506564878844979, 0.6171178385891799, 0.9129520435481673, 0.8997133069635035], "smoothness": [0.8569542207863079, 0.8996795937082737, 0.26649783002700544, 0.37451505831550935, 0.538513003721471], "DirectionalLightTheta": 88.4385313651068, "DirectionalLightIntensity": 1.1810562406488132, "totalPointLights": 0, "PointLightsRadius": null, "PointLightsPhi": null, "PointLightsTheta": null, "PointLightsIntensity": null, "PointLightsRange": null, "PointLightsColor_r": null, "PointLightsColor_g": null, "PointLightsColor_b": null, "PointLightsColor_a": null, "same_PointLightsColor": null, "totalSpotLights": 0, "SpotLightsRadius": null, "SpotLightsPhi": null, "SpotLightsTheta": null, "SpotLightsIntensity": null, "SpotLightsRange": null, "SpotLightsColor_r": null, "SpotLightsColor_g": null, "SpotLightsColor_b": null, "SpotLightsColor_a": null, "same_SpotLightsColor": null, "SpotAngle": null, "CameraRes_width": 640, "CameraRes_height": 480, "Camera_FieldofView": 80, "CameraRadius": 13, "CameraTheta": 90, "CameraPhi": 0, "CameraVerticalOffset": 0}