{"totalSegments": 7, "scale": [1.0249045886614871, 2.9976434656202153, 1.4157564407054959, 2.1795176037638266, 1.7961165328148196, 3.4606905293030827, 3.550366009106563], "same_scale": false, "totalArms_Segment": [1, 1, 2, 1, 1, 1], "same_theta": true, "theta": [24.022041794538186], "phi": 125.3577223010007, "same_material": false, "r": [0.6618915862469383, 0.5322060953034333, 0.2300064460529312, 0.1123542573918892, 0.8902419955083075, 0.2781429143773173, 0.6442916792979629], "g": [0.16437941130842393, 0.14628043516343114, 0.35783215273168545, 0.8090790076642825, 0.5379792970174648, 0.8745167221899985, 0.40709055229502433], "b": [0.5126291761407871, 0.7449014098081893, 0.856964529305884, 0.2322481001049872, 0.6814539458719648, 0.40587265420270247, 0.47214147389592387], "a": [0.8414553175697939, 0.7983918714222067, 0.9178620235943761, 0.5927781304275204, 0.6536872815726548, 0.7557221614124907, 0.6713322122002912], "metallic": [0.739378261645641, 0.02776590309078697, 0.41309978330777686, 0.3823612428067973, 0.49514753474357487, 0.5181241840515661, 0.5097799771485455], "smoothness": [0.9738214919151611, 0.7154908425372372, 0.07894056322218523, 0.8374926538059677, 0.4893910794192363, 0.994632262376616, 0.7507366296035854], "DirectionalLightTheta": 52.602106206353774, "DirectionalLightIntensity": 1.3285874667067556, "totalPointLights": 0, "PointLightsRadius": null, "PointLightsPhi": null, "PointLightsTheta": null, "PointLightsIntensity": null, "PointLightsRange": null, "PointLightsColor_r": null, "PointLightsColor_g": null, "PointLightsColor_b": null, "PointLightsColor_a": null, "same_PointLightsColor": null, "totalSpotLights": 0, "SpotLightsRadius": null, "SpotLightsPhi": null, "SpotLightsTheta": null, "SpotLightsIntensity": null, "SpotLightsRange": null, "SpotLightsColor_r": null, "SpotLightsColor_g": null, "SpotLightsColor_b": null, "SpotLightsColor_a": null, "same_SpotLightsColor": null, "SpotAngle": null, "CameraRes_width": 520, "CameraRes_height": 520, "Camera_FieldofView": 80, "CameraRadius": 13, "CameraTheta": 90, "CameraPhi": 0, "CameraVerticalOffset": 0}