{"totalSegments": 5, "scale": [3.951392089163657, 2.2839447025231374, 2.2326033645754846, 1.969855255239682, 2.568287310998207], "same_scale": false, "totalArms_Segment": [1, 1, 1, 2], "same_theta": false, "theta": [2.429233496082051, 41.157150586233, 63.29404239264659, 50.08110639940686], "phi": 81.37021950885075, "same_material": true, "r": 0.525319332587116, "g": 0.42994417340982327, "b": 0.8220833022686261, "a": 0.8895732348564875, "metallic": 0.6891864455611139, "smoothness": 0.2503695357104607, "DirectionalLightTheta": 53.95218554384041, "DirectionalLightIntensity": 0.8027560416048599, "totalPointLights": 0, "PointLightsRadius": null, "PointLightsPhi": null, "PointLightsTheta": null, "PointLightsIntensity": null, "PointLightsRange": null, "PointLightsColor_r": null, "PointLightsColor_g": null, "PointLightsColor_b": null, "PointLightsColor_a": null, "same_PointLightsColor": null, "totalSpotLights": 0, "SpotLightsRadius": null, "SpotLightsPhi": null, "SpotLightsTheta": null, "SpotLightsIntensity": null, "SpotLightsRange": null, "SpotLightsColor_r": null, "SpotLightsColor_g": null, "SpotLightsColor_b": null, "SpotLightsColor_a": null, "same_SpotLightsColor": null, "SpotAngle": null, "CameraRes_width": 640, "CameraRes_height": 480, "Camera_FieldofView": 80, "CameraRadius": 13, "CameraTheta": 90, "CameraPhi": 0, "CameraVerticalOffset": 0}