{"totalSegments": 9, "scale": [1.5918281000768701, 0.5785861228545176, 3.0636095272631985, 2.552858516882218, 2.788271222199266, 3.650392360781334, 3.5847261478890675, 2.3525079590191424, 0.6363157993209306], "same_scale": false, "totalArms_Segment": [1, 1, 1, 1, 1, 1, 1, 1], "same_theta": true, "theta": [0.24060279026907772], "phi": 298.88549944983504, "same_material": true, "r": 0.5276064189304784, "g": 0.3404633051148055, "b": 0.5286106418689903, "a": 0.8418174765078971, "metallic": 0.6815380117144171, "smoothness": 0.18607036370119268, "DirectionalLightTheta": 67.86827900916414, "DirectionalLightIntensity": 0.4967623792815459, "totalPointLights": 0, "PointLightsRadius": null, "PointLightsPhi": null, "PointLightsTheta": null, "PointLightsIntensity": null, "PointLightsRange": null, "PointLightsColor_r": null, "PointLightsColor_g": null, "PointLightsColor_b": null, "PointLightsColor_a": null, "same_PointLightsColor": null, "totalSpotLights": 0, "SpotLightsRadius": null, "SpotLightsPhi": null, "SpotLightsTheta": null, "SpotLightsIntensity": null, "SpotLightsRange": null, "SpotLightsColor_r": null, "SpotLightsColor_g": null, "SpotLightsColor_b": null, "SpotLightsColor_a": null, "same_SpotLightsColor": null, "SpotAngle": null, "CameraRes_width": 640, "CameraRes_height": 480, "Camera_FieldofView": 80, "CameraRadius": 13, "CameraTheta": 90, "CameraPhi": 0, "CameraVerticalOffset": 0}