{"totalSegments": 2, "scale": [3.779168644260459, 3.7217017798419842], "same_scale": false, "totalArms_Segment": [1], "same_theta": true, "theta": [86.00085688796707], "phi": 62.231212129778676, "same_material": false, "r": [0.6223594617437656, 0.4432938893156464], "g": [0.974288096385365, 0.5101234873767485], "b": [0.07608541858933704, 0.06135381896415226], "a": [0.9050168255525666, 0.9556599666238592], "metallic": [0.5939008134153501, 0.1294104761413164], "smoothness": [0.639555602971821, 0.030209586979921932], "DirectionalLightTheta": 80.72552117525039, "DirectionalLightIntensity": 0.6621990178958115, "totalPointLights": 0, "PointLightsRadius": null, "PointLightsPhi": null, "PointLightsTheta": null, "PointLightsIntensity": null, "PointLightsRange": null, "PointLightsColor_r": null, "PointLightsColor_g": null, "PointLightsColor_b": null, "PointLightsColor_a": null, "same_PointLightsColor": null, "totalSpotLights": 0, "SpotLightsRadius": null, "SpotLightsPhi": null, "SpotLightsTheta": null, "SpotLightsIntensity": null, "SpotLightsRange": null, "SpotLightsColor_r": null, "SpotLightsColor_g": null, "SpotLightsColor_b": null, "SpotLightsColor_a": null, "same_SpotLightsColor": null, "SpotAngle": null, "CameraRes_width": 640, "CameraRes_height": 480, "Camera_FieldofView": 80, "CameraRadius": 13, "CameraTheta": 90, "CameraPhi": 0, "CameraVerticalOffset": 0}