{"totalSegments": 8, "scale": [1.939372372196988, 3.3490262690379042, 2.055442989340973, 1.2313288837723984, 3.60274472407673, 1.52777546255767, 2.7913959453097243, 0.771419040720416], "same_scale": false, "totalArms_Segment": [1, 1, 1, 1, 1, 1, 1], "same_theta": false, "theta": [3.9944878448582566, 8.247748859005902, 2.158087139495138, 20.364447410319073, 28.781417070715555, 42.655996479238695, 5.12162441413896], "phi": 320.5966173457901, "same_material": true, "r": 0.9185540145486614, "g": 0.6339066727631987, "b": 0.22879735520874012, "a": 0.5352212216834928, "metallic": 0.07214184448934169, "smoothness": 0.8180913371254424, "DirectionalLightTheta": 55.96761481314156, "DirectionalLightIntensity": 0.8499486832050025, "totalPointLights": 0, "PointLightsRadius": null, "PointLightsPhi": null, "PointLightsTheta": null, "PointLightsIntensity": null, "PointLightsRange": null, "PointLightsColor_r": null, "PointLightsColor_g": null, "PointLightsColor_b": null, "PointLightsColor_a": null, "same_PointLightsColor": null, "totalSpotLights": 0, "SpotLightsRadius": null, "SpotLightsPhi": null, "SpotLightsTheta": null, "SpotLightsIntensity": null, "SpotLightsRange": null, "SpotLightsColor_r": null, "SpotLightsColor_g": null, "SpotLightsColor_b": null, "SpotLightsColor_a": null, "same_SpotLightsColor": null, "SpotAngle": null, "CameraRes_width": 640, "CameraRes_height": 480, "Camera_FieldofView": 80, "CameraRadius": 13, "CameraTheta": 90, "CameraPhi": 0, "CameraVerticalOffset": 0}