{"CameraRes_width": 520, "CameraRes_height": 520, "Camera_FieldofView": 80, "CameraRadius": 10.0, "CameraTheta": 62.994927854539014, "CameraPhi": 107.88944379401471, "CameraVerticalOffset": 0, "total_cuboids": 4, "scale": [3.2092614863994604, 0.768973425359248, 2.4608567688761447, 3.238537300698615], "same_scale": false, "total_branches": [1, 1, 1], "same_theta": false, "theta": [11.973981037585158, 29.999556319310035, 29.05414229440576], "phi": 38.49246404669332, "same_material": false, "r": [0.3142475103411493, 0.7386015682769224, 0.2964164441449495, 0.837390685308002], "g": [0.8178381958247638, 0.13841482707007868, 0.11550502417642516, 0.6673069763604169], "b": [0.4680633992519685, 0.00654542313612827, 0.9484549437744726, 0.18502170093891368], "a": [0.7823778943488997, 0.7415802549879993, 0.9677777090000996, 0.8631851110932149], "metallic": [0.13475160612395642, 0.8805020774143522, 0.2633974126643439, 0.02035396030535086], "smoothness": [0.199404260577432, 0.6608450594866565, 0.4396450038039159, 0.29983040312999565], "DirectionalLightTheta": 41.104029222176436, "DirectionalLightIntensity": 0.8708720257209938, "totalPointLights": 5, "PointLightsRadius": [15.696075345581606, 12.079250481454745, 15.655218311287147, 5.4778330014874275, 8.455064111533762], "PointLightsPhi": [118.46836984028276, 352.676704523491, 92.6675766033145, 196.64768189815965, 18.80400328831039], "PointLightsTheta": [36.188949118412715, 24.645696278654338, 79.47899760369297, 30.248631188838505, 1.1230628838628598], "PointLightsIntensity": [10.512471371249985, 8.207652495333786, 11.247264751518927, 13.076247116093977, 15.887062262766543], "PointLightsRange": [11.899108094779006, 20.360845021048085, 24.785602418273584, 14.40065201913937, 7.950024929702795], "PointLightsColor_r": [0.25356382100779185, 0.25356382100779185, 0.25356382100779185, 0.25356382100779185, 0.25356382100779185], "PointLightsColor_g": [0.2607809517059363, 0.2607809517059363, 0.2607809517059363, 0.2607809517059363, 0.2607809517059363], "PointLightsColor_b": [0.9897474319072816, 0.9897474319072816, 0.9897474319072816, 0.9897474319072816, 0.9897474319072816], "PointLightsColor_a": [0.5449419455638617, 0.5449419455638617, 0.5449419455638617, 0.5449419455638617, 0.5449419455638617], "same_PointLightsColor": true, "totalSpotLights": 4, "SpotLightsRadius": [11.125794541346206, 15.160189838240074, 15.16510532075957, 7.786645545542774], "SpotLightsPhi": [226.4114317476912, 97.91120061562467, 246.57430560126386, 243.15923173378806], "SpotLightsTheta": [6.3299258849637745, 70.03971676800128, 20.903545875358855, 13.385677557496617], "SpotLightsIntensity": [8.378187337636797, 8.908966514719511, 8.13526802921978, 7.317832065235309], "SpotLightsRange": [16.722739318113902, 23.150844070749287, 8.156597543410175, 15.639757953472655], "SpotLightsColor_r": [0.7128016283418124, 0.2859113052116038, 0.5991417420039881, 0.9201144033986668], "SpotLightsColor_g": [0.8259397074179254, 0.14806363892926422, 0.6300641088065234, 0.6731061119891245], "SpotLightsColor_b": [0.07829924628065943, 0.8361881468120008, 0.2877150491331172, 0.7729893437535366], "SpotLightsColor_a": [0.6063847109246048, 0.8882090443968504, 0.7695249495827352, 0.573333556278006], "same_SpotLightsColor": false, "SpotAngle": [47.00130235112024, 81.39029336782637, 51.94553246745325, 45.416022177605186]}