{"totalSegments": 7, "scale": 1.6755651400187312, "same_scale": true, "totalArms_Segment": [1, 1, 1, 1, 1, 1], "same_theta": false, "theta": [35.867370035857576, 18.90231731633048, 34.40079028081951, 46.82718008268881, 28.093868571746974, 50.51158923175406], "phi": 81.56309364924245, "same_material": false, "r": [0.9799811880377335, 0.8781483758503329, 0.5111657724058106, 0.16228491847109938, 0.05227206941920526, 0.09516759055474955, 0.345989905299552], "g": [0.007636197634558695, 0.8475297609347258, 0.42177905080740163, 0.17054150319079808, 0.434968346849534, 0.5140335391404217, 0.3457103574344107], "b": [0.4265949725652698, 0.21117892425978468, 0.820545893586974, 0.0022681106827282527, 0.7198265508928041, 0.38238717548158085, 0.9273782381703014], "a": [0.9020559376208811, 0.8389675035592836, 0.5812914605251394, 0.5345056756407993, 0.7037122537071736, 0.8728251434875347, 0.9659289298759912], "metallic": [0.5008588133785746, 0.41673437947223624, 0.5727338207232631, 0.4298355437273528, 0.03460851346719429, 0.002228875786503437, 0.44792118149124815], "smoothness": [0.44603550738861364, 0.3023468353591938, 0.47752950994848975, 0.16212894124070198, 0.8358640603047341, 0.7595475601100485, 0.29160041199337283], "DirectionalLightTheta": 44.008630572196765, "DirectionalLightIntensity": 0.3086146230388732, "totalPointLights": 0, "PointLightsRadius": null, "PointLightsPhi": null, "PointLightsTheta": null, "PointLightsIntensity": null, "PointLightsRange": null, "PointLightsColor_r": null, "PointLightsColor_g": null, "PointLightsColor_b": null, "PointLightsColor_a": null, "same_PointLightsColor": null, "totalSpotLights": 0, "SpotLightsRadius": null, "SpotLightsPhi": null, "SpotLightsTheta": null, "SpotLightsIntensity": null, "SpotLightsRange": null, "SpotLightsColor_r": null, "SpotLightsColor_g": null, "SpotLightsColor_b": null, "SpotLightsColor_a": null, "same_SpotLightsColor": null, "SpotAngle": null, "CameraRes_width": 640, "CameraRes_height": 480, "Camera_FieldofView": 80, "CameraRadius": 13, "CameraTheta": 90, "CameraPhi": 0, "CameraVerticalOffset": 0}