{"totalSegments": 5, "scale": [3.885600884569783, 3.2686898924659538, 3.3005576242578636, 2.082103522057169, 1.027425921616482], "same_scale": false, "totalArms_Segment": [1, 2, 2, 1], "same_theta": false, "theta": [59.17393039748102, 46.83128275706811, 55.51105934505547, 31.031122256331543], "phi": 153.7312218125895, "same_material": true, "r": 0.43210819980956916, "g": 0.15806425394490253, "b": 0.2499197271145298, "a": 0.5102224464159806, "metallic": 0.8246783825777805, "smoothness": 0.20959154880594122, "DirectionalLightTheta": 78.27470271807454, "DirectionalLightIntensity": 0.6874874018397403, "totalPointLights": 0, "PointLightsRadius": null, "PointLightsPhi": null, "PointLightsTheta": null, "PointLightsIntensity": null, "PointLightsRange": null, "PointLightsColor_r": null, "PointLightsColor_g": null, "PointLightsColor_b": null, "PointLightsColor_a": null, "same_PointLightsColor": null, "totalSpotLights": 0, "SpotLightsRadius": null, "SpotLightsPhi": null, "SpotLightsTheta": null, "SpotLightsIntensity": null, "SpotLightsRange": null, "SpotLightsColor_r": null, "SpotLightsColor_g": null, "SpotLightsColor_b": null, "SpotLightsColor_a": null, "same_SpotLightsColor": null, "SpotAngle": null, "CameraRes_width": 640, "CameraRes_height": 480, "Camera_FieldofView": 80, "CameraRadius": 13, "CameraTheta": 90, "CameraPhi": 0, "CameraVerticalOffset": 0}