{"totalSegments": 3, "scale": [1.4715596937879651, 0.941592720023708, 2.919569793386016], "same_scale": false, "totalArms_Segment": [1, 1], "same_theta": false, "theta": [1.0452075892525858, 49.398600587440164], "phi": 320.89048354097054, "same_material": false, "r": [0.7635337010883614, 0.28765024448755494, 0.48022279463772677], "g": [0.23046859309928502, 0.7770382408777177, 0.7339555598499905], "b": [0.06281489877424207, 0.34751743713966254, 0.2531502441093708], "a": [0.5055628559749765, 0.6752576069116913, 0.9744341312151725], "metallic": [0.961476443641054, 0.1723551921123826, 0.9516047744875802], "smoothness": [0.05451032819189228, 0.1190893626536641, 0.3748339259968311], "DirectionalLightTheta": 7.457755118554836, "DirectionalLightIntensity": 0.6025355051626143, "totalPointLights": 0, "PointLightsRadius": null, "PointLightsPhi": null, "PointLightsTheta": null, "PointLightsIntensity": null, "PointLightsRange": null, "PointLightsColor_r": null, "PointLightsColor_g": null, "PointLightsColor_b": null, "PointLightsColor_a": null, "same_PointLightsColor": null, "totalSpotLights": 0, "SpotLightsRadius": null, "SpotLightsPhi": null, "SpotLightsTheta": null, "SpotLightsIntensity": null, "SpotLightsRange": null, "SpotLightsColor_r": null, "SpotLightsColor_g": null, "SpotLightsColor_b": null, "SpotLightsColor_a": null, "same_SpotLightsColor": null, "SpotAngle": null, "CameraRes_width": 640, "CameraRes_height": 480, "Camera_FieldofView": 80, "CameraRadius": 13, "CameraTheta": 90, "CameraPhi": 0, "CameraVerticalOffset": 0}