{"totalSegments": 9, "scale": 2.836858906071626, "same_scale": true, "totalArms_Segment": [2, 1, 1, 1, 1, 1, 1, 1], "same_theta": false, "theta": [32.1648455780181, 10.458540123521122, 5.322283628482536, 21.255010557510783, 38.017961971143905, 9.03005676562028, 14.96034481296181, 35.04268541101278], "phi": 80.32361357398645, "same_material": true, "r": 0.11795465883080958, "g": 0.7963743295997573, "b": 0.3661213826897719, "a": 0.8188236118775045, "metallic": 0.47913077939585424, "smoothness": 0.5968927957122898, "DirectionalLightTheta": 40.73985903475957, "DirectionalLightIntensity": 1.3271244595463358, "totalPointLights": 0, "PointLightsRadius": null, "PointLightsPhi": null, "PointLightsTheta": null, "PointLightsIntensity": null, "PointLightsRange": null, "PointLightsColor_r": null, "PointLightsColor_g": null, "PointLightsColor_b": null, "PointLightsColor_a": null, "same_PointLightsColor": null, "totalSpotLights": 0, "SpotLightsRadius": null, "SpotLightsPhi": null, "SpotLightsTheta": null, "SpotLightsIntensity": null, "SpotLightsRange": null, "SpotLightsColor_r": null, "SpotLightsColor_g": null, "SpotLightsColor_b": null, "SpotLightsColor_a": null, "same_SpotLightsColor": null, "SpotAngle": null, "CameraRes_width": 640, "CameraRes_height": 480, "Camera_FieldofView": 80, "CameraRadius": 13, "CameraTheta": 90, "CameraPhi": 0, "CameraVerticalOffset": 0}