{"totalSegments": 9, "scale": 3.4989694725592555, "same_scale": true, "totalArms_Segment": [1, 1, 1, 1, 1, 1, 1, 1], "same_theta": false, "theta": [15.513799018254089, 10.33395785987873, 20.00971586868062, 14.589524154329382, 4.765825630793268, 15.272781888942637, 28.978592780580218, 27.539331568158026], "phi": 7.734833646454775, "same_material": false, "r": [0.20566697656601263, 0.342347542812914, 0.2538202539142157, 0.5716562356777031, 0.44899857696349343, 0.6870400231483914, 0.5430166416846425, 0.4676948852868966, 0.6349554018460639], "g": [0.3472541184194953, 0.2196442475177115, 0.49773036128415027, 0.2887725929173459, 0.10304519348468522, 0.9599416702719432, 0.5273955487634858, 0.45466789137488917, 0.5899831748811096], "b": [0.46876969498902077, 0.9818182827152699, 0.9257333291925125, 0.7615326626941321, 0.5870682972788466, 0.9731490447687647, 0.5361220847474466, 0.38983878942607086, 0.2575509391265999], "a": [0.7452577154219466, 0.7001462842428616, 0.6928100503540289, 0.5829652802201191, 0.7640386258386832, 0.6079136732941426, 0.6246718706439464, 0.639812010016666, 0.8483247734300609], "metallic": [0.5861895901027844, 0.33872474563823907, 0.12114529870039381, 0.9399912439279077, 0.43161508439380425, 0.874594525873898, 0.019741819361307922, 0.7074936757726024, 0.6184751891206873], "smoothness": [0.8217118327333309, 0.18123662737623603, 0.13524956956476208, 0.009452950934889848, 0.7116544543061438, 0.7463569347045007, 0.26626605864898334, 0.26585644107020734, 0.1323271405746389], "DirectionalLightTheta": 38.31487534022272, "DirectionalLightIntensity": 0.9436780411157669, "totalPointLights": 0, "PointLightsRadius": null, "PointLightsPhi": null, "PointLightsTheta": null, "PointLightsIntensity": null, "PointLightsRange": null, "PointLightsColor_r": null, "PointLightsColor_g": null, "PointLightsColor_b": null, "PointLightsColor_a": null, "same_PointLightsColor": null, "totalSpotLights": 0, "SpotLightsRadius": null, "SpotLightsPhi": null, "SpotLightsTheta": null, "SpotLightsIntensity": null, "SpotLightsRange": null, "SpotLightsColor_r": null, "SpotLightsColor_g": null, "SpotLightsColor_b": null, "SpotLightsColor_a": null, "same_SpotLightsColor": null, "SpotAngle": null, "CameraRes_width": 640, "CameraRes_height": 480, "Camera_FieldofView": 80, "CameraRadius": 13, "CameraTheta": 90, "CameraPhi": 0, "CameraVerticalOffset": 0}