{"totalSegments": 7, "scale": 3.9599066792336526, "same_scale": true, "totalArms_Segment": [1, 1, 1, 2, 2, 1], "same_theta": true, "theta": [39.29471007111374], "phi": 65.73481022148293, "same_material": false, "r": [0.9574898151802435, 0.6434290724451136, 0.6063856654882532, 0.7898010535244503, 0.7795592912292949, 0.9932433917372576, 0.5766764230867474], "g": [0.1936272420969236, 0.6054873459620707, 0.2522730924800336, 0.23836503028634082, 0.556616201863782, 0.20241370722937047, 0.22710141850620236], "b": [0.4845712044365599, 0.835564520487309, 0.4892559041308624, 0.5576109014760865, 0.40715459794741715, 0.5551980291309706, 0.30959682090813523], "a": [0.8344952409996698, 0.7713617029191825, 0.7829060436345501, 0.7789344861502611, 0.768588550847207, 0.6722114590690427, 0.9581522819789519], "metallic": [0.3731545452776548, 0.6927493643934307, 0.13272364621551502, 0.8767828966587575, 0.14719433226389034, 0.846256508369276, 0.6321710939856167], "smoothness": [0.39870357383093835, 0.4431304978179278, 0.027200104989573703, 0.7932925051105011, 0.016979053183103332, 0.33161883493007327, 0.967188411078485], "DirectionalLightTheta": 54.100778689384626, "DirectionalLightIntensity": 1.1082861022021484, "totalPointLights": 0, "PointLightsRadius": null, "PointLightsPhi": null, "PointLightsTheta": null, "PointLightsIntensity": null, "PointLightsRange": null, "PointLightsColor_r": null, "PointLightsColor_g": null, "PointLightsColor_b": null, "PointLightsColor_a": null, "same_PointLightsColor": null, "totalSpotLights": 0, "SpotLightsRadius": null, "SpotLightsPhi": null, "SpotLightsTheta": null, "SpotLightsIntensity": null, "SpotLightsRange": null, "SpotLightsColor_r": null, "SpotLightsColor_g": null, "SpotLightsColor_b": null, "SpotLightsColor_a": null, "same_SpotLightsColor": null, "SpotAngle": null, "CameraRes_width": 640, "CameraRes_height": 480, "Camera_FieldofView": 80, "CameraRadius": 13, "CameraTheta": 90, "CameraPhi": 0, "CameraVerticalOffset": 0}