{"totalSegments": 11, "scale": 3.916104161633869, "same_scale": true, "totalArms_Segment": [2, 1, 1, 2, 1, 1, 1, 1, 1, 1], "same_theta": true, "theta": [1.5719112673242415], "phi": 275.1062416935492, "same_material": false, "r": [0.23764779664703273, 0.1771172116356905, 0.18191272770516953, 0.8385807111256975, 0.3946343076169081, 0.4607012349014723, 0.45623995339606005, 0.1330092974005339, 0.5405571601460659, 0.5948858477606657, 0.8310821376223845], "g": [0.1664593884840878, 0.41621026356461344, 0.7802293659797253, 0.8868656706625381, 0.21637095798839523, 0.1776578075868065, 0.9683112736194739, 0.6757728261711625, 0.16560861489973022, 0.29041061615884245, 0.6422882827833686], "b": [0.25755105397399236, 0.1515826558836486, 0.9948929502754454, 0.2728910639669585, 0.3130638303234926, 0.866710059613698, 0.18568147350456132, 0.3095530284883582, 0.027505209843443845, 0.36463941679273926, 0.6226827955464375], "a": [0.6910402163111637, 0.8188251756164255, 0.904377265127745, 0.8961699612100398, 0.6858178463592663, 0.5149149624619005, 0.8923658562001149, 0.6893159326081294, 0.5760262409110295, 0.6461638748809864, 0.6875738674942146], "metallic": [0.8022859085103172, 0.558095927984486, 0.6887049308177347, 0.31074143579058044, 0.8149565478233267, 0.8099777065613761, 0.8720751730888257, 0.9089307504954601, 0.23007465180875042, 0.7668350496798694, 0.8838646978221182], "smoothness": [0.8549405400036685, 0.5159668618207236, 0.6920948789528507, 0.5801565477873506, 0.3148673438341142, 0.6670692469736255, 0.935135647028167, 0.9057181258320514, 0.9273567131976814, 0.1679203449623783, 0.4893521055163623], "DirectionalLightTheta": 55.467434844721765, "DirectionalLightIntensity": 0.2591177504422706, "totalPointLights": 0, "PointLightsRadius": null, "PointLightsPhi": null, "PointLightsTheta": null, "PointLightsIntensity": null, "PointLightsRange": null, "PointLightsColor_r": null, "PointLightsColor_g": null, "PointLightsColor_b": null, "PointLightsColor_a": null, "same_PointLightsColor": null, "totalSpotLights": 0, "SpotLightsRadius": null, "SpotLightsPhi": null, "SpotLightsTheta": null, "SpotLightsIntensity": null, "SpotLightsRange": null, "SpotLightsColor_r": null, "SpotLightsColor_g": null, "SpotLightsColor_b": null, "SpotLightsColor_a": null, "same_SpotLightsColor": null, "SpotAngle": null, "CameraRes_width": 640, "CameraRes_height": 480, "Camera_FieldofView": 80, "CameraRadius": 13, "CameraTheta": 90, "CameraPhi": 0, "CameraVerticalOffset": 0}