{"totalSegments": 11, "scale": [1.1006704978807285, 1.6436008447564094, 1.1383316860222836, 2.8891387426721913, 0.9368036284673938, 1.8716572643907732, 1.077162667062139, 2.3800765924113643, 2.3871761263188924, 3.4158324718910134, 3.319282907922769], "same_scale": false, "totalArms_Segment": [1, 1, 1, 1, 1, 1, 1, 1, 2, 1], "same_theta": false, "theta": [12.59834886501466, 22.416538331478762, 23.9368185623954, 17.41174904738518, 29.06968438271668, 26.25435661404496, 4.603390203229373, 23.626930219834986, 27.791384819819026, 18.424888042157633], "phi": 187.8681096049835, "same_material": true, "r": 0.567040877270851, "g": 0.4245604714378147, "b": 0.8672257430022442, "a": 0.6722430480979877, "metallic": 0.6713190322398936, "smoothness": 0.12615940080512955, "DirectionalLightTheta": 31.163499758124743, "DirectionalLightIntensity": 1.5439640121368428, "totalPointLights": 0, "PointLightsRadius": null, "PointLightsPhi": null, "PointLightsTheta": null, "PointLightsIntensity": null, "PointLightsRange": null, "PointLightsColor_r": null, "PointLightsColor_g": null, "PointLightsColor_b": null, "PointLightsColor_a": null, "same_PointLightsColor": null, "totalSpotLights": 0, "SpotLightsRadius": null, "SpotLightsPhi": null, "SpotLightsTheta": null, "SpotLightsIntensity": null, "SpotLightsRange": null, "SpotLightsColor_r": null, "SpotLightsColor_g": null, "SpotLightsColor_b": null, "SpotLightsColor_a": null, "same_SpotLightsColor": null, "SpotAngle": null, "CameraRes_width": 640, "CameraRes_height": 480, "Camera_FieldofView": 80, "CameraRadius": 13, "CameraTheta": 90, "CameraPhi": 0, "CameraVerticalOffset": 0}