{"totalSegments": 8, "scale": [0.9408367566353104, 2.8569055261166, 2.499691436490615, 3.341470027971153, 2.2654717895898937, 2.3159549332902447, 3.3198174338185, 3.724713299668246], "same_scale": false, "totalArms_Segment": [1, 1, 1, 1, 1, 1, 1], "same_theta": true, "theta": [42.20611696624658], "phi": 321.15722322232654, "same_material": true, "r": 0.08576255279268985, "g": 0.6151111443801079, "b": 0.9907425671285442, "a": 0.5354701843584388, "metallic": 0.12756687073789197, "smoothness": 0.3318290352206298, "DirectionalLightTheta": 7.734717340436069, "DirectionalLightIntensity": 1.3987334017873247, "totalPointLights": 0, "PointLightsRadius": null, "PointLightsPhi": null, "PointLightsTheta": null, "PointLightsIntensity": null, "PointLightsRange": null, "PointLightsColor_r": null, "PointLightsColor_g": null, "PointLightsColor_b": null, "PointLightsColor_a": null, "same_PointLightsColor": null, "totalSpotLights": 0, "SpotLightsRadius": null, "SpotLightsPhi": null, "SpotLightsTheta": null, "SpotLightsIntensity": null, "SpotLightsRange": null, "SpotLightsColor_r": null, "SpotLightsColor_g": null, "SpotLightsColor_b": null, "SpotLightsColor_a": null, "same_SpotLightsColor": null, "SpotAngle": null, "CameraRes_width": 640, "CameraRes_height": 480, "Camera_FieldofView": 80, "CameraRadius": 13, "CameraTheta": 90, "CameraPhi": 0, "CameraVerticalOffset": 0}