{"totalSegments": 7, "scale": 2.571737154455831, "same_scale": true, "totalArms_Segment": [1, 1, 1, 1, 1, 2], "same_theta": true, "theta": [48.031116969021205], "phi": 30.806679887590846, "same_material": false, "r": [0.3389857720902699, 0.11687501801531308, 0.6169412580039961, 0.6961662593583731, 0.3878027784387762, 0.26317147450795697, 0.6456284663165168], "g": [0.8328449589798947, 0.6175752368439428, 0.4317546814870432, 0.4687596519477575, 0.15270957190039258, 0.5730123774349793, 0.9940204706215664], "b": [0.1474507079252687, 0.22733137787540414, 0.09219655912654512, 0.9408277859023472, 0.9243296778543556, 0.08410407184546453, 0.6094171836169922], "a": [0.8115460282948095, 0.9244874955214917, 0.9661633005938248, 0.5525412884331347, 0.7552002212300772, 0.6150529958378053, 0.6252512598872142], "metallic": [0.5209145619265741, 0.0234865586350248, 0.9868149373406531, 0.23264855284530805, 0.2899047351243137, 0.7688317850246424, 0.5249382181857513], "smoothness": [0.018603913707858855, 0.1343196522579594, 0.6795311527544424, 0.11067454308301605, 0.6440496683966759, 0.6059863016135113, 0.688959608390295], "DirectionalLightTheta": 27.054542324676746, "DirectionalLightIntensity": 0.477059532886272, "totalPointLights": 0, "PointLightsRadius": null, "PointLightsPhi": null, "PointLightsTheta": null, "PointLightsIntensity": null, "PointLightsRange": null, "PointLightsColor_r": null, "PointLightsColor_g": null, "PointLightsColor_b": null, "PointLightsColor_a": null, "same_PointLightsColor": null, "totalSpotLights": 0, "SpotLightsRadius": null, "SpotLightsPhi": null, "SpotLightsTheta": null, "SpotLightsIntensity": null, "SpotLightsRange": null, "SpotLightsColor_r": null, "SpotLightsColor_g": null, "SpotLightsColor_b": null, "SpotLightsColor_a": null, "same_SpotLightsColor": null, "SpotAngle": null, "CameraRes_width": 640, "CameraRes_height": 480, "Camera_FieldofView": 80, "CameraRadius": 13, "CameraTheta": 90, "CameraPhi": 0, "CameraVerticalOffset": 0}