{"totalSegments": 4, "scale": [2.0435169978314134, 1.9330944557171619, 3.4246280551869415, 3.086943257455894], "same_scale": false, "totalArms_Segment": [1, 1, 1], "same_theta": true, "theta": [88.43857537200287], "phi": 312.0818330935907, "same_material": false, "r": [0.9985373883284829, 0.7688498130212583, 0.5265707094563316, 0.007205073957818331], "g": [0.06873888023121799, 0.23595360268486787, 0.21089937789449487, 0.5073857588179598], "b": [0.71407570645088, 0.7768271497369047, 0.4393907969468793, 0.9101586295364053], "a": [0.8987020063485476, 0.6578410151288123, 0.697618055411406, 0.8185144710569886], "metallic": [0.6711198803520106, 0.5132473874551596, 0.6448164016499867, 0.4501360990423078], "smoothness": [0.9906022663702042, 0.4338547370048669, 0.8277457895968365, 0.28127450066253734], "DirectionalLightTheta": 64.22669042347631, "DirectionalLightIntensity": 0.9504919398919415, "totalPointLights": 0, "PointLightsRadius": null, "PointLightsPhi": null, "PointLightsTheta": null, "PointLightsIntensity": null, "PointLightsRange": null, "PointLightsColor_r": null, "PointLightsColor_g": null, "PointLightsColor_b": null, "PointLightsColor_a": null, "same_PointLightsColor": null, "totalSpotLights": 0, "SpotLightsRadius": null, "SpotLightsPhi": null, "SpotLightsTheta": null, "SpotLightsIntensity": null, "SpotLightsRange": null, "SpotLightsColor_r": null, "SpotLightsColor_g": null, "SpotLightsColor_b": null, "SpotLightsColor_a": null, "same_SpotLightsColor": null, "SpotAngle": null, "CameraRes_width": 640, "CameraRes_height": 480, "Camera_FieldofView": 80, "CameraRadius": 13, "CameraTheta": 90, "CameraPhi": 0, "CameraVerticalOffset": 0}