{"totalSegments": 2, "scale": [3.415038400047449, 1.3943086316390747], "same_scale": false, "totalArms_Segment": [1], "same_theta": true, "theta": [83.0239526568101], "phi": 277.3812893518035, "same_material": false, "r": [0.49035519734445787, 0.8033339778628225], "g": [0.864432629265814, 0.6518635886153575], "b": [0.8904835786993412, 0.32902175412039447], "a": [0.9568761268999533, 0.6830425810416249], "metallic": [0.39303008778607673, 0.8870889349429504], "smoothness": [0.3997058491515785, 0.34905940826293413], "DirectionalLightTheta": 15.45743159215245, "DirectionalLightIntensity": 0.11217804512821064, "totalPointLights": 0, "PointLightsRadius": null, "PointLightsPhi": null, "PointLightsTheta": null, "PointLightsIntensity": null, "PointLightsRange": null, "PointLightsColor_r": null, "PointLightsColor_g": null, "PointLightsColor_b": null, "PointLightsColor_a": null, "same_PointLightsColor": null, "totalSpotLights": 0, "SpotLightsRadius": null, "SpotLightsPhi": null, "SpotLightsTheta": null, "SpotLightsIntensity": null, "SpotLightsRange": null, "SpotLightsColor_r": null, "SpotLightsColor_g": null, "SpotLightsColor_b": null, "SpotLightsColor_a": null, "same_SpotLightsColor": null, "SpotAngle": null, "CameraRes_width": 520, "CameraRes_height": 520, "Camera_FieldofView": 80, "CameraRadius": 13, "CameraTheta": 90, "CameraPhi": 0, "CameraVerticalOffset": 0}