{"CameraRes_width": 520, "CameraRes_height": 520, "Camera_FieldofView": 80, "CameraRadius": 10.0, "CameraTheta": 84.34629409164376, "CameraPhi": 181.5259572290396, "CameraVerticalOffset": 0, "total_cuboids": 3, "scale": [0.8953279659525064, 3.8243760263711524, 3.8148440746121395], "same_scale": false, "total_branches": [2, 1], "same_theta": false, "theta": [69.04395074110111, 23.651176852725932], "phi": 173.25733400646192, "same_material": false, "r": [0.5676137695996392, 0.09897070409769015, 0.19086445508433503], "g": [0.5316583936464755, 0.29903258932046395, 0.06049584209756986], "b": [0.3923686989761803, 0.525074428677857, 0.9190629669093475], "a": [0.9893815269711945, 0.7322532650399372, 0.9226677644747721], "metallic": [0.2015706405195734, 0.9367278537044502, 0.059953733895586336], "smoothness": [0.29465267077914514, 0.3565631079641647, 0.5721107410163991], "DirectionalLightTheta": 64.91532143955489, "DirectionalLightIntensity": 1.6975872691981606, "totalPointLights": 9, "PointLightsRadius": [5.671267353664572, 12.994203140632763, 11.052229987469282, 11.236584315636428, 13.315553217828704, 6.3467470757742355, 5.121595371128721, 14.501976824474653, 8.15203637971993], "PointLightsPhi": [87.50832258357204, 53.15724189619792, 246.05094357993585, 5.345266928743433, 199.22712488562118, 132.34602515587136, 49.121120347554225, 116.97722783683304, 272.9795591042975], "PointLightsTheta": [71.23641380889542, 5.998361076939713, 47.92666502848495, 86.40850371219264, 28.728991885140196, 29.006125708341322, 53.27044823087408, 66.99317671238718, 49.634664251290516], "PointLightsIntensity": [9.062998017917048, 7.298741036536989, 7.5452816458333665, 12.583870415002357, 7.7166794849378455, 15.23718708619693, 13.55353896743597, 13.52653300372284, 12.622437192822703], "PointLightsRange": [9.441953398821347, 9.32368893921393, 7.349270250088482, 10.854629412074699, 22.31126767662043, 6.454954840273626, 7.34950269300616, 20.050004049741766, 5.844265638687347], "PointLightsColor_r": [0.8035399098431936, 0.8035399098431936, 0.8035399098431936, 0.8035399098431936, 0.8035399098431936, 0.8035399098431936, 0.8035399098431936, 0.8035399098431936, 0.8035399098431936], "PointLightsColor_g": [0.1768206258810714, 0.1768206258810714, 0.1768206258810714, 0.1768206258810714, 0.1768206258810714, 0.1768206258810714, 0.1768206258810714, 0.1768206258810714, 0.1768206258810714], "PointLightsColor_b": [0.41228502459777705, 0.41228502459777705, 0.41228502459777705, 0.41228502459777705, 0.41228502459777705, 0.41228502459777705, 0.41228502459777705, 0.41228502459777705, 0.41228502459777705], "PointLightsColor_a": [0.7385292475797953, 0.7385292475797953, 0.7385292475797953, 0.7385292475797953, 0.7385292475797953, 0.7385292475797953, 0.7385292475797953, 0.7385292475797953, 0.7385292475797953], "same_PointLightsColor": true, "totalSpotLights": 6, "SpotLightsRadius": [6.434082748473675, 6.365131664072763, 5.806493230030604, 15.548668663181518, 5.549222869578995, 5.997634462991565], "SpotLightsPhi": [233.97846382503892, 150.01948999654732, 183.57017414541994, 331.8361253970763, 36.16416705289618, 74.80425917091314], "SpotLightsTheta": [67.34164219899468, 70.71095912464492, 58.64542135709357, 39.213961908680034, 82.35611835628731, 27.815715759144403], "SpotLightsIntensity": [5.391991163821073, 6.260276453476564, 5.795949313451295, 5.127114321270309, 6.164167069892981, 14.767942989794658], "SpotLightsRange": [10.2629141502033, 5.649037982005134, 6.845267672424122, 9.89763496305493, 17.385718215739857, 12.831062249019283], "SpotLightsColor_r": [0.5285357388961899, 0.9328847053115232, 0.2959956808808305, 0.6043258307249009, 0.60352337164516, 0.5244414612686846], "SpotLightsColor_g": [0.2107727776456194, 0.6485939773661971, 0.5064322209700398, 0.32004197737832196, 0.8222084383810552, 0.6244716744098562], "SpotLightsColor_b": [0.7384410490309713, 0.28492245443985353, 0.9072615656735218, 0.5058929883706982, 0.7239061119175919, 0.07439749093494818], "SpotLightsColor_a": [0.957545254098761, 0.9569293039591334, 0.9830066464477158, 0.6961382536826248, 0.8140346895127709, 0.8035263196145048], "same_SpotLightsColor": false, "SpotAngle": [51.0624864997424, 19.949985491748027, 77.22361814723487, 107.21507134357797, 12.41519601556467, 23.55661553626961]}