{"totalSegments": 4, "scale": [3.5018266170160377, 3.8212339117067744, 3.48038974300236, 2.0316232286867706], "same_scale": false, "totalArms_Segment": [1, 1, 1], "same_theta": false, "theta": [66.47222054122916, 64.34905434645249, 57.06736075592503], "phi": 15.667249457076956, "same_material": false, "r": [0.04135603021789991, 0.674609092457087, 0.13542026511234506, 0.9767252392490423], "g": [0.24814511574884568, 0.65138609905066, 0.66381909532277, 0.38312467920626503], "b": [0.15570733509894819, 0.14018982150366166, 0.4233925700163401, 0.4239687483195269], "a": [0.5003094938622495, 0.865114737772964, 0.8575808918874425, 0.629764599899178], "metallic": [0.818156385168257, 0.8276405589666654, 0.4542178207377856, 0.9347357744882394], "smoothness": [0.13935383906967647, 0.4526135172784337, 0.26386421386793024, 0.9377795868995654], "DirectionalLightTheta": 3.170948626479273, "DirectionalLightIntensity": 1.1307083591550677, "totalPointLights": 0, "PointLightsRadius": null, "PointLightsPhi": null, "PointLightsTheta": null, "PointLightsIntensity": null, "PointLightsRange": null, "PointLightsColor_r": null, "PointLightsColor_g": null, "PointLightsColor_b": null, "PointLightsColor_a": null, "same_PointLightsColor": null, "totalSpotLights": 0, "SpotLightsRadius": null, "SpotLightsPhi": null, "SpotLightsTheta": null, "SpotLightsIntensity": null, "SpotLightsRange": null, "SpotLightsColor_r": null, "SpotLightsColor_g": null, "SpotLightsColor_b": null, "SpotLightsColor_a": null, "same_SpotLightsColor": null, "SpotAngle": null, "CameraRes_width": 640, "CameraRes_height": 480, "Camera_FieldofView": 80, "CameraRadius": 13, "CameraTheta": 90, "CameraPhi": 0, "CameraVerticalOffset": 0}