{"totalSegments": 10, "scale": [3.845065324941045, 3.0759645499290613, 3.6329077964199294, 0.6955298864953698, 3.673053416909351, 1.3632692424769521, 2.42694136984667, 1.4598863954147725, 0.5705168989364202, 2.8688586904644393], "same_scale": false, "totalArms_Segment": [1, 1, 1, 1, 1, 1, 1, 1, 1], "same_theta": false, "theta": [3.0212182185942855, 27.34760308053865, 2.6786698362354406, 11.567936184585065, 3.153419285270052, 1.9727950462623105, 27.08398969992023, 14.40647642780181, 9.6794828392978], "phi": 225.55962398480645, "same_material": true, "r": 0.7201164766601793, "g": 0.3579033118817778, "b": 0.7885993237112926, "a": 0.5713930218271183, "metallic": 0.5679778515175431, "smoothness": 0.8670051300297181, "DirectionalLightTheta": 81.79166362292874, "DirectionalLightIntensity": 1.1456228385969678, "totalPointLights": 0, "PointLightsRadius": null, "PointLightsPhi": null, "PointLightsTheta": null, "PointLightsIntensity": null, "PointLightsRange": null, "PointLightsColor_r": null, "PointLightsColor_g": null, "PointLightsColor_b": null, "PointLightsColor_a": null, "same_PointLightsColor": null, "totalSpotLights": 0, "SpotLightsRadius": null, "SpotLightsPhi": null, "SpotLightsTheta": null, "SpotLightsIntensity": null, "SpotLightsRange": null, "SpotLightsColor_r": null, "SpotLightsColor_g": null, "SpotLightsColor_b": null, "SpotLightsColor_a": null, "same_SpotLightsColor": null, "SpotAngle": null, "CameraRes_width": 640, "CameraRes_height": 480, "Camera_FieldofView": 80, "CameraRadius": 13, "CameraTheta": 90, "CameraPhi": 0, "CameraVerticalOffset": 0}