{"totalSegments": 9, "scale": 3.9729128952967536, "same_scale": true, "totalArms_Segment": [2, 1, 1, 1, 1, 1, 1, 1], "same_theta": false, "theta": [24.644037215308884, 20.573252543807325, 19.813592833294166, 12.664342501615184, 23.894183996844703, 39.756414259265334, 19.69044328061344, 23.005508318914806], "phi": 186.63145137210483, "same_material": false, "r": [0.05344976441090532, 0.3790760231691157, 0.27861555272862615, 0.5155759934043262, 0.842408398919379, 0.6421709698844189, 0.9167987470824283, 0.054309757303867334, 0.9841269697079625], "g": [0.7947804678308679, 0.6898244512443674, 0.101783765882694, 0.9810764944555244, 0.35475257268755045, 0.31955888492351625, 0.29277969990656905, 0.32588037842541673, 0.14385122309577147], "b": [0.9190532236032523, 0.4873036474596748, 0.6582517918599545, 0.4283366319734, 0.1886295400442023, 0.18571144693380415, 0.24182356003847028, 0.18100717189422644, 0.4574663103892559], "a": [0.518604664166549, 0.9240077013867172, 0.7321182097340756, 0.517903392128223, 0.9741248765208811, 0.6825419166345241, 0.7559260609405533, 0.7765696703440721, 0.9943588664489034], "metallic": [0.10177467779739868, 0.7158535805964856, 0.8610309869083906, 0.2376166298876604, 0.49195353683645004, 0.3938950355374664, 0.6514690302617592, 0.36139582656065816, 0.12542482518451248], "smoothness": [0.6228390902362346, 0.1841485697262225, 0.9782584754597905, 0.0010570805910056214, 0.9820704122439164, 0.35013339659871445, 0.25811310911050145, 0.7388855245080602, 0.17177886038265233], "DirectionalLightTheta": 73.6659485193232, "DirectionalLightIntensity": 0.5096946238528386, "totalPointLights": 0, "PointLightsRadius": null, "PointLightsPhi": null, "PointLightsTheta": null, "PointLightsIntensity": null, "PointLightsRange": null, "PointLightsColor_r": null, "PointLightsColor_g": null, "PointLightsColor_b": null, "PointLightsColor_a": null, "same_PointLightsColor": null, "totalSpotLights": 0, "SpotLightsRadius": null, "SpotLightsPhi": null, "SpotLightsTheta": null, "SpotLightsIntensity": null, "SpotLightsRange": null, "SpotLightsColor_r": null, "SpotLightsColor_g": null, "SpotLightsColor_b": null, "SpotLightsColor_a": null, "same_SpotLightsColor": null, "SpotAngle": null, "CameraRes_width": 640, "CameraRes_height": 480, "Camera_FieldofView": 80, "CameraRadius": 13, "CameraTheta": 90, "CameraPhi": 0, "CameraVerticalOffset": 0}