{"totalSegments": 5, "scale": [0.9974004172900177, 3.9867756966057786, 1.961240341723266, 2.1715083175975307, 2.9802409950928355], "same_scale": false, "totalArms_Segment": [1, 1, 1, 1], "same_theta": true, "theta": [55.2588526637876], "phi": 79.96770365382858, "same_material": false, "r": [0.2117886170490706, 0.6473696701167431, 0.4257973437674353, 0.8763687233653435, 0.5605404620414018], "g": [0.8636204557983845, 0.8776429140937905, 0.604568317320163, 0.3037398484711987, 0.5595320944375106], "b": [0.3916898264141254, 0.7076664281810907, 0.7265284531861462, 0.5148731754992902, 0.11648783502191307], "a": [0.8080369500657412, 0.7295457248391821, 0.9247233368785995, 0.5312459204626383, 0.6968607293920595], "metallic": [0.5238438354742372, 0.534905592538826, 0.9232447538725811, 0.747838874604683, 0.6041604158451495], "smoothness": [0.9705700258838572, 0.21368310859074324, 0.07757337770344852, 0.4900475721416675, 0.5040700981429229], "DirectionalLightTheta": 82.84395562603913, "DirectionalLightIntensity": 0.3550515176573872, "totalPointLights": 0, "PointLightsRadius": null, "PointLightsPhi": null, "PointLightsTheta": null, "PointLightsIntensity": null, "PointLightsRange": null, "PointLightsColor_r": null, "PointLightsColor_g": null, "PointLightsColor_b": null, "PointLightsColor_a": null, "same_PointLightsColor": null, "totalSpotLights": 0, "SpotLightsRadius": null, "SpotLightsPhi": null, "SpotLightsTheta": null, "SpotLightsIntensity": null, "SpotLightsRange": null, "SpotLightsColor_r": null, "SpotLightsColor_g": null, "SpotLightsColor_b": null, "SpotLightsColor_a": null, "same_SpotLightsColor": null, "SpotAngle": null, "CameraRes_width": 640, "CameraRes_height": 480, "Camera_FieldofView": 80, "CameraRadius": 13, "CameraTheta": 90, "CameraPhi": 0, "CameraVerticalOffset": 0}