{"totalSegments": 5, "scale": [2.7706535869496838, 1.2858816694691946, 0.5567676013058638, 2.2049100092060145, 1.4355960946899566], "same_scale": false, "totalArms_Segment": [1, 2, 1, 1], "same_theta": false, "theta": [40.19688249124389, 22.88611784774742, 64.67428384251788, 62.380496565232356], "phi": 324.06641322408984, "same_material": false, "r": [0.00984531332832661, 0.7373779049906407, 0.20076719740857119, 0.363390111257072, 0.804388206235863], "g": [0.8206310367250318, 0.4689940494154131, 0.23276709094590808, 0.24373814126002002, 0.22677114737812154], "b": [0.26726494923246424, 0.3759522174641804, 0.5987801138603102, 0.9959424458702429, 0.42017239687582797], "a": [0.985075989876283, 0.6739682777273852, 0.9833925015343514, 0.7613929387350555, 0.5094222704533812], "metallic": [0.6877552951963275, 0.48794930837102135, 0.0432919250628131, 0.14544033347048324, 0.21527588269947895], "smoothness": [0.2999637752827743, 0.8791383747047137, 0.09213664673574673, 0.38707857273727453, 0.6444752941420838], "DirectionalLightTheta": 8.874576977265606, "DirectionalLightIntensity": 1.5379842382063773, "totalPointLights": 0, "PointLightsRadius": null, "PointLightsPhi": null, "PointLightsTheta": null, "PointLightsIntensity": null, "PointLightsRange": null, "PointLightsColor_r": null, "PointLightsColor_g": null, "PointLightsColor_b": null, "PointLightsColor_a": null, "same_PointLightsColor": null, "totalSpotLights": 0, "SpotLightsRadius": null, "SpotLightsPhi": null, "SpotLightsTheta": null, "SpotLightsIntensity": null, "SpotLightsRange": null, "SpotLightsColor_r": null, "SpotLightsColor_g": null, "SpotLightsColor_b": null, "SpotLightsColor_a": null, "same_SpotLightsColor": null, "SpotAngle": null, "CameraRes_width": 640, "CameraRes_height": 480, "Camera_FieldofView": 80, "CameraRadius": 13, "CameraTheta": 90, "CameraPhi": 0, "CameraVerticalOffset": 0}