{"totalSegments": 7, "scale": 2.977671192638738, "same_scale": true, "totalArms_Segment": [1, 1, 1, 1, 1, 1], "same_theta": false, "theta": [1.771842693083765, 46.132994395563244, 15.736087213567432, 47.89803465635718, 24.739553236584364, 7.606374932877608], "phi": 35.74664554492744, "same_material": false, "r": [0.26370997405614427, 0.7505586646538911, 0.4020918322366477, 0.3389867854506874, 0.30063768289626425, 0.31667576897359795, 0.9838254622975067], "g": [0.13497938913802454, 0.3226780562161755, 0.01700397916575591, 0.7602740625569954, 0.600314754180393, 0.12704956604031625, 0.8094427903414679], "b": [0.8644931338407351, 0.5067097386959659, 0.35556659359949083, 0.648995475757939, 0.520592408823793, 0.7575137779021802, 0.052756952397239765], "a": [0.5111796576880604, 0.5148490331167421, 0.9681895987369494, 0.7491185057751729, 0.9534083627849252, 0.8737947944512569, 0.6693798780498581], "metallic": [0.9462172029857202, 0.6539015542742953, 0.7670438629017492, 0.792144375343422, 0.29475407694457223, 0.7039400194014822, 0.5639955719825591], "smoothness": [0.4003881939390932, 0.5248292539890598, 0.9645839720610607, 0.03310717515478323, 0.5030198559165894, 0.9307333771980106, 0.4504961232199469], "DirectionalLightTheta": 35.776624093312, "DirectionalLightIntensity": 1.46464110126921, "totalPointLights": 0, "PointLightsRadius": null, "PointLightsPhi": null, "PointLightsTheta": null, "PointLightsIntensity": null, "PointLightsRange": null, "PointLightsColor_r": null, "PointLightsColor_g": null, "PointLightsColor_b": null, "PointLightsColor_a": null, "same_PointLightsColor": null, "totalSpotLights": 0, "SpotLightsRadius": null, "SpotLightsPhi": null, "SpotLightsTheta": null, "SpotLightsIntensity": null, "SpotLightsRange": null, "SpotLightsColor_r": null, "SpotLightsColor_g": null, "SpotLightsColor_b": null, "SpotLightsColor_a": null, "same_SpotLightsColor": null, "SpotAngle": null, "CameraRes_width": 640, "CameraRes_height": 480, "Camera_FieldofView": 80, "CameraRadius": 13, "CameraTheta": 90, "CameraPhi": 0, "CameraVerticalOffset": 0}