{"totalSegments": 4, "scale": [2.5354894291856556, 1.585665157990039, 3.4716238382202995, 0.5260483665514772], "same_scale": false, "totalArms_Segment": [1, 2, 1], "same_theta": false, "theta": [68.79808953209894, 22.91193840711083, 2.612183583988207], "phi": 352.2035420337573, "same_material": false, "r": [0.7183652987420492, 0.10274744668174063, 0.4293352104744652, 0.5336998162686071], "g": [0.17886896219507975, 0.4394123201135034, 0.6812494369248134, 0.8456422998910452], "b": [0.7825884779494787, 0.47601973591157287, 0.7750859029161759, 0.46887488386236365], "a": [0.7645412143314824, 0.6453793218157513, 0.6350545654954376, 0.9520160979373069], "metallic": [0.3308284372171848, 0.6746751895492856, 0.8214204215849019, 0.17428334352096375], "smoothness": [0.7486166131934406, 0.5587832718608048, 0.25003760504937367, 0.21484337794056718], "DirectionalLightTheta": 88.26585304916789, "DirectionalLightIntensity": 1.5354685929616878, "totalPointLights": 0, "PointLightsRadius": null, "PointLightsPhi": null, "PointLightsTheta": null, "PointLightsIntensity": null, "PointLightsRange": null, "PointLightsColor_r": null, "PointLightsColor_g": null, "PointLightsColor_b": null, "PointLightsColor_a": null, "same_PointLightsColor": null, "totalSpotLights": 0, "SpotLightsRadius": null, "SpotLightsPhi": null, "SpotLightsTheta": null, "SpotLightsIntensity": null, "SpotLightsRange": null, "SpotLightsColor_r": null, "SpotLightsColor_g": null, "SpotLightsColor_b": null, "SpotLightsColor_a": null, "same_SpotLightsColor": null, "SpotAngle": null, "CameraRes_width": 640, "CameraRes_height": 480, "Camera_FieldofView": 80, "CameraRadius": 13, "CameraTheta": 90, "CameraPhi": 0, "CameraVerticalOffset": 0}