{"CameraRes_width": 520, "CameraRes_height": 520, "Camera_FieldofView": 80, "CameraRadius": 10.0, "CameraTheta": 78.69711851205116, "CameraPhi": 90.05264245144015, "CameraVerticalOffset": 0, "totalSegments": 6, "scale": 1.401634638070053, "same_scale": true, "totalArms_Segment": [1, 2, 1, 1, 2], "same_theta": true, "theta": [6.36433261373087], "phi": 329.3520189988209, "same_material": true, "r": 0.587203119867715, "g": 0.24455932833382432, "b": 0.5497744884501069, "a": 0.740222833984852, "metallic": 0.2163582390762222, "smoothness": 0.1621669688293591, "DirectionalLightTheta": 16.333862839721487, "DirectionalLightIntensity": 0.8732563257518421, "totalPointLights": 7, "PointLightsRadius": [16.80983408830661, 16.170502171258004, 18.418918032911385, 10.60175537847531, 9.80012502685851, 7.8447970458238085, 7.439496696654051], "PointLightsPhi": [8.530943179313656, 184.67015925522855, 338.9896479624131, 208.7109792239762, 200.95878051940343, 116.3908089163811, 105.52029854715371], "PointLightsTheta": [31.57674775924401, 67.81290049022088, 75.02205598988887, 48.055921873114066, 61.01948839721896, 44.00358483089805, 63.00558133723542], "PointLightsIntensity": [15.024318333358831, 11.75176711447286, 16.921538675278406, 14.5116170107431, 8.024631966862895, 12.176767376977624, 16.335222893574638], "PointLightsRange": [12.104445296890924, 13.12646808745056, 13.408910696593267, 24.595659266950904, 13.257312557426474, 17.684719278400323, 5.348706807640838], "PointLightsColor_r": [0.5677094943238065, 0.6433427531636929, 0.09311395174772619, 0.7280228478490901, 0.7533045385068532, 0.7771545620714839, 0.7532006123144026], "PointLightsColor_g": [0.0207894415766382, 0.21920112886751308, 0.09437416532155851, 0.7176114368938988, 0.5363475559106301, 0.6879649802673432, 0.8692887937349681], "PointLightsColor_b": [0.2069904871838869, 0.05555792338403176, 0.8906457978155092, 0.38246205242772546, 0.4457524021789785, 0.9039303438475927, 0.9452791580267642], "PointLightsColor_a": [0.8031948810427771, 0.7515578755765139, 0.8114243245630571, 0.8032339313377521, 0.9575725182800459, 0.9210769843464812, 0.8090497197745183], "same_PointLightsColor": false, "totalSpotLights": 0, "SpotLightsRadius": null, "SpotLightsPhi": null, "SpotLightsTheta": null, "SpotLightsIntensity": null, "SpotLightsRange": null, "SpotLightsColor_r": null, "SpotLightsColor_g": null, "SpotLightsColor_b": null, "SpotLightsColor_a": null, "same_SpotLightsColor": null, "SpotAngle": null}