{"CameraRes_width": 520, "CameraRes_height": 520, "Camera_FieldofView": 80, "CameraRadius": 10.0, "CameraTheta": 29.451560468985484, "CameraPhi": 342.131469635923, "CameraVerticalOffset": 0, "totalSegments": 5, "scale": [2.656633581364858, 2.3145750561855256, 0.9271925245915519, 3.047742943307348, 3.3543673506567346], "same_scale": false, "totalArms_Segment": [1, 1, 1, 1], "same_theta": true, "theta": [9.60953927266302], "phi": 247.0636324549618, "same_material": true, "r": 0.8426651717054081, "g": 0.9208846403046889, "b": 0.0008516647756490192, "a": 0.8983553335893921, "metallic": 0.8117356816701311, "smoothness": 0.41917099781264056, "DirectionalLightTheta": 32.49958198677322, "DirectionalLightIntensity": 0.5631786667655477, "totalPointLights": 9, "PointLightsRadius": [19.721637617519317, 10.922968958975058, 14.92873062228668, 11.551319199710026, 8.543316663136153, 18.166283535040847, 6.6135841523171415, 8.81812640025159, 8.340163576528411], "PointLightsPhi": [88.5246389652735, 249.27340355851646, 31.206935566060224, 124.63838067840082, 50.62266538497278, 235.10482712671316, 162.112276950904, 253.7912028645281, 24.26547484158934], "PointLightsTheta": [53.19915216897369, 37.34660812750876, 40.817577459711195, 33.8261514229252, 6.550196827339532, 66.39194706501449, 69.9263510267655, 44.923401724591145, 64.56906753579047], "PointLightsIntensity": [8.440992286855998, 15.398273289719919, 11.043026691436097, 15.617104669085123, 10.866289450657016, 13.522104755357834, 7.18131226170691, 8.083964525954546, 13.42473571058612], "PointLightsRange": [24.30565704788994, 9.594453117874657, 11.811989201409599, 8.966295754807668, 18.776293626058973, 16.097815332472326, 7.023505723024668, 14.986965117370447, 10.992270648714674], "PointLightsColor_r": [0.7214130135458344, 0.3588848761150175, 0.7949693263573491, 0.779191670711824, 0.9240298864837725, 0.5628918220987189, 0.8405032647392856, 0.501335871928884, 0.8781331895711515], "PointLightsColor_g": [0.5333252155243591, 0.6846584478131419, 0.22797192506808162, 0.9234928534875527, 0.5218691521168116, 0.9699608712606927, 0.3760375358359457, 0.9752699305110452, 0.4112580209731409], "PointLightsColor_b": [0.6434657284700448, 0.596145577767987, 0.05749726117533449, 0.9561492328183291, 0.5305175919116261, 0.7981480371715057, 0.5813260418787567, 0.16852142387072233, 0.9118035619954377], "PointLightsColor_a": [0.5345439270228268, 0.7597922624771685, 0.7866905026172986, 0.621735521935393, 0.895769932452461, 0.6408131224874086, 0.9349566486953019, 0.8088436041982552, 0.6265874144479993], "same_PointLightsColor": false, "totalSpotLights": 0, "SpotLightsRadius": null, "SpotLightsPhi": null, "SpotLightsTheta": null, "SpotLightsIntensity": null, "SpotLightsRange": null, "SpotLightsColor_r": null, "SpotLightsColor_g": null, "SpotLightsColor_b": null, "SpotLightsColor_a": null, "same_SpotLightsColor": null, "SpotAngle": null}