{"CameraRes_width": 520, "CameraRes_height": 520, "Camera_FieldofView": 80, "CameraRadius": 10.0, "CameraTheta": 6.303917362420542, "CameraPhi": 300.39196234635597, "CameraVerticalOffset": 0, "totalSegments": 5, "scale": [3.5988004144387573, 2.894501340499619, 0.9770256318618313, 3.8619290519835303, 2.6129310204090883], "same_scale": false, "totalArms_Segment": [1, 1, 1, 1], "same_theta": true, "theta": [59.73917070092725], "phi": 164.46349431183464, "same_material": false, "r": [0.740371797176288, 0.0011039891863769968, 0.7256106920970343, 0.5935850876246694, 0.6227721095819101], "g": [0.2857748121991531, 0.8282181181629089, 0.7940691874689088, 0.6147967427957807, 0.03887461971031714], "b": [0.4903539823829175, 0.4536747227315364, 0.5486399071351088, 0.10307712516175849, 0.7493898732889617], "a": [0.9963647275881999, 0.988298600806552, 0.6748578091226995, 0.5455213855132863, 0.6990479589250912], "metallic": [0.4425928293638842, 0.8587522464328472, 0.05695738415954932, 0.3163012027240555, 0.7063256202331022], "smoothness": [0.9751338233959406, 0.7803737968723901, 0.8064933402087222, 0.46398875398587147, 0.9565978825532273], "DirectionalLightTheta": 89.70094292453574, "DirectionalLightIntensity": 1.1560579968550617, "totalPointLights": 11, "PointLightsRadius": [13.317731224146705, 19.68409221290605, 9.946948138388322, 9.795758308804185, 10.964763101521134, 6.504750874946384, 10.476020650962479, 5.0936567974963785, 9.071788986197951, 7.061000528645282, 7.83955414841354], "PointLightsPhi": [67.03696117148796, 71.58847051927579, 236.2491308889427, 222.50415223698582, 267.553325160482, 321.40918210468266, 22.718511229121624, 78.40264687762951, 140.31524000836183, 10.483215733013864, 264.0350464072849], "PointLightsTheta": [77.44034777379316, 85.87813528811647, 50.6858404335453, 23.323021105886344, 29.404156792875938, 12.563574191328193, 13.951023007557477, 33.28379934569825, 57.94911614832278, 8.702279646229947, 66.9213615883439], "PointLightsIntensity": [15.73026842803185, 10.532159530720516, 8.338777543258404, 15.64784250506071, 14.651471767211119, 13.724186030723802, 8.784619537156436, 13.105034055666088, 15.687509576195438, 8.95201140780491, 11.790395955558623], "PointLightsRange": [10.378098781742803, 11.017360029266959, 14.083344837067147, 15.776344108823984, 8.240522248644977, 16.607485238998066, 15.320567852698465, 8.720054239469832, 5.133925690609575, 20.87375081374317, 12.284066670362213], "PointLightsColor_r": [0.430043222523782, 0.430043222523782, 0.430043222523782, 0.430043222523782, 0.430043222523782, 0.430043222523782, 0.430043222523782, 0.430043222523782, 0.430043222523782, 0.430043222523782, 0.430043222523782], "PointLightsColor_g": [0.9840502130220042, 0.9840502130220042, 0.9840502130220042, 0.9840502130220042, 0.9840502130220042, 0.9840502130220042, 0.9840502130220042, 0.9840502130220042, 0.9840502130220042, 0.9840502130220042, 0.9840502130220042], "PointLightsColor_b": [0.7128005949031543, 0.7128005949031543, 0.7128005949031543, 0.7128005949031543, 0.7128005949031543, 0.7128005949031543, 0.7128005949031543, 0.7128005949031543, 0.7128005949031543, 0.7128005949031543, 0.7128005949031543], "PointLightsColor_a": [0.9812684160053369, 0.9812684160053369, 0.9812684160053369, 0.9812684160053369, 0.9812684160053369, 0.9812684160053369, 0.9812684160053369, 0.9812684160053369, 0.9812684160053369, 0.9812684160053369, 0.9812684160053369], "same_PointLightsColor": true, "totalSpotLights": 0, "SpotLightsRadius": null, "SpotLightsPhi": null, "SpotLightsTheta": null, "SpotLightsIntensity": null, "SpotLightsRange": null, "SpotLightsColor_r": null, "SpotLightsColor_g": null, "SpotLightsColor_b": null, "SpotLightsColor_a": null, "same_SpotLightsColor": null, "SpotAngle": null}