{"CameraRes_width": 520, "CameraRes_height": 520, "Camera_FieldofView": 80, "CameraRadius": 10.0, "CameraTheta": 77.54455891301852, "CameraPhi": 350.47057727248824, "CameraVerticalOffset": 0, "totalSegments": 9, "scale": [3.7545677922371103, 0.7385638298422186, 2.404348642509179, 0.5457427189028605, 3.818032511196009, 3.650243411635832, 1.770032571794532, 2.8139751014969407, 2.4337040195147077], "same_scale": false, "totalArms_Segment": [1, 1, 1, 1, 1, 1, 1, 2], "same_theta": true, "theta": [39.07868241519432], "phi": 275.4433795239081, "same_material": false, "r": [0.20959611765479025, 0.10253321308502283, 0.6332498420556926, 0.6120246991599686, 0.8620436999297331, 0.8071124990649975, 0.08487772955604289, 0.8850681563617121, 0.5240611144330244], "g": [0.10654994954617858, 0.8388516073724717, 0.6272740351114019, 0.860273801659063, 0.4926830442238398, 0.25989292173931444, 0.6489031306202983, 0.7217110660985853, 0.6650046147935182], "b": [0.5751147997247624, 0.9322203509621935, 0.0006057262408645236, 0.9523745350322136, 0.876588956865814, 0.5965090495096166, 0.9688344467970792, 0.36629735684730746, 0.5987935235927281], "a": [0.8879260495630761, 0.8452021330565929, 0.504887786939965, 0.768584444207832, 0.7727299683125924, 0.6550255132994087, 0.7152339710838108, 0.7243625812368606, 0.5519273427730853], "metallic": [0.10832548880953252, 0.3977010708766169, 0.30544015019349213, 0.5487574247074164, 0.9155962762921045, 0.20886873448346066, 0.01091298972474175, 0.3684481692392585, 0.9467382825411146], "smoothness": [0.8110647308008972, 0.530888924079474, 0.8873810466544694, 0.46287801368881487, 0.9758712349482274, 0.7865562402339659, 0.9106721608000691, 0.6740055421292215, 0.5187799845870243], "DirectionalLightTheta": 78.60539671446207, "DirectionalLightIntensity": 0.38630398968415225, "totalPointLights": 7, "PointLightsRadius": [8.085559299071425, 9.336877670860463, 16.128845091619972, 16.89743406720281, 12.368846515272239, 6.276862143298324, 8.678833232593082], "PointLightsPhi": [249.99685506009874, 31.18195174008386, 284.2729324645467, 74.56547415141901, 204.68290997211855, 224.63533329097368, 6.058272165203493], "PointLightsTheta": [23.64147483756179, 66.69531184128712, 76.0068764899369, 52.94844367399948, 19.23255132754765, 88.64596101907259, 0.08529391230028494], "PointLightsIntensity": [10.530392114269647, 15.307115279996681, 9.8411107576324, 8.494892454689346, 10.093806729862653, 10.78730957211258, 14.428109477173443], "PointLightsRange": [10.186423009478322, 19.519688213446635, 9.739746659990892, 8.457788651618323, 13.496644592408153, 22.251309866023764, 24.693166165806403], "PointLightsColor_r": [0.8614246000883476, 0.8614246000883476, 0.8614246000883476, 0.8614246000883476, 0.8614246000883476, 0.8614246000883476, 0.8614246000883476], "PointLightsColor_g": [0.1996259599053989, 0.1996259599053989, 0.1996259599053989, 0.1996259599053989, 0.1996259599053989, 0.1996259599053989, 0.1996259599053989], "PointLightsColor_b": [0.5848434219309546, 0.5848434219309546, 0.5848434219309546, 0.5848434219309546, 0.5848434219309546, 0.5848434219309546, 0.5848434219309546], "PointLightsColor_a": [0.581669767989806, 0.581669767989806, 0.581669767989806, 0.581669767989806, 0.581669767989806, 0.581669767989806, 0.581669767989806], "same_PointLightsColor": true, "totalSpotLights": 0, "SpotLightsRadius": null, "SpotLightsPhi": null, "SpotLightsTheta": null, "SpotLightsIntensity": null, "SpotLightsRange": null, "SpotLightsColor_r": null, "SpotLightsColor_g": null, "SpotLightsColor_b": null, "SpotLightsColor_a": null, "same_SpotLightsColor": null, "SpotAngle": null}