{"cameraMode":{"drawMode":0,"name":"Shaded","section":"Shading Mode"},"sceneLighting":true,"audioPlay":false,"sceneViewState":{"showFog":true,"showMaterialUpdate":false,"showSkybox":true,"showFlares":true,"showImageEffects":true,"showParticleSystems":true},"in2DMode":false,"pivot":{"x":-0.802668571472168,"y":0.3632626533508301,"z":0.7189159393310547},"rotation":{"x":0.18317250907421113,"y":-0.34323251247406008,"z":0.06844184547662735,"w":0.9186715483665466},"size":18.874176025390626,"orthographic":false}