{"cameraMode":{"drawMode":0,"name":"Shaded","section":"Shading Mode"},"sceneLighting":true,"audioPlay":false,"sceneViewState":{"showFog":false,"showMaterialUpdate":false,"showSkybox":false,"showFlares":false,"showImageEffects":false,"showParticleSystems":false},"in2DMode":false,"pivot":{"x":-1.1887845993041993,"y":1.9104108810424805,"z":1.8783988952636719},"rotation":{"x":0.07972332835197449,"y":-0.5915046334266663,"z":0.058942150324583057,"w":0.8001866340637207},"size":18.51342010498047,"orthographic":false}