{"CameraRes_width": 520, "CameraRes_height": 520, "Camera_FieldofView": 80, "CameraRadius": 10.0, "CameraTheta": 63.05830601536031, "CameraPhi": 259.67145968466815, "CameraVerticalOffset": 0, "total_cuboids": 3, "scale": 1.4821688183622284, "same_scale": true, "total_branches": [1, 1], "same_theta": true, "theta": [18.884661035303], "phi": 285.51230313442016, "same_material": true, "r": 0.11658758890695875, "g": 0.23542093027967115, "b": 0.9884853768736219, "a": 0.9475667852422575, "metallic": 0.5051665481010559, "smoothness": 0.701533138661288, "DirectionalLightTheta": 73.79149238387355, "DirectionalLightIntensity": 0.11846989430555468, "totalPointLights": 9, "PointLightsRadius": [19.25542565741292, 13.760552697933157, 13.164007031558981, 10.109757873566476, 15.208139731233302, 13.554614016378277, 16.827745678873324, 13.486191319703966, 15.27079133574853], "PointLightsPhi": [4.292841351566636, 132.97775609263584, 337.61274361856357, 126.75427299298951, 337.61457261816093, 288.35387366796476, 8.137081584166372, 262.02801700908077, 72.89229630073982], "PointLightsTheta": [60.72726250476041, 80.45591899911109, 61.75818381820553, 49.49185386008134, 24.145830127538154, 13.523646281279685, 35.723322035149415, 69.0228810995455, 73.91005810287263], "PointLightsIntensity": [12.025283829583438, 11.193405022522914, 10.596109316188018, 15.487983841509616, 15.955620793998463, 12.984977504663814, 12.893227640551824, 8.040383129704313, 9.160818011656334], "PointLightsRange": [9.712587469408916, 16.6388132953191, 11.171194452305404, 24.951982987173672, 17.821994948062127, 14.198936809857958, 5.062767516957343, 5.780219450623212, 6.883138455649891], "PointLightsColor_r": [0.24591236360141022, 0.2892465317555656, 0.1993127757675479, 0.5838067642716308, 0.3914726675929886, 0.6691045058484518, 0.9566843927173373, 0.3863866351721533, 0.5908239277382464], "PointLightsColor_g": [0.31078008358084075, 0.8925275019571295, 0.29542119320839033, 0.548478798196923, 0.5707410016931607, 0.5852805299575948, 0.1973800406664009, 0.9797592586903775, 0.4370532954392955], "PointLightsColor_b": [0.04964047461483667, 0.41667584150868553, 0.875844972381999, 0.0823909676965855, 0.6037201500632833, 0.1997252390849129, 0.13244009060383843, 0.2796742159544816, 0.7492469913674997], "PointLightsColor_a": [0.8687017949203466, 0.8194585751745996, 0.6013393439538866, 0.7281663234592728, 0.9736643197727195, 0.7986429773541883, 0.7046667732143892, 0.6921778208989328, 0.5205278629292518], "same_PointLightsColor": false, "totalSpotLights": 3, "SpotLightsRadius": [8.873113803838788, 13.169188184983048, 16.431110405398837], "SpotLightsPhi": [290.8832194881366, 176.29593924060453, 190.84790544918428], "SpotLightsTheta": [10.558197950463853, 58.71759227811569, 5.736164189986875], "SpotLightsIntensity": [10.132922564618053, 7.449801713290594, 12.795677922999474], "SpotLightsRange": [22.316115463577002, 12.509082187487975, 15.050710104152806], "SpotLightsColor_r": [0.009548715636273908, 0.705657292800695, 0.3412974273303174], "SpotLightsColor_g": [0.35445349342853305, 0.9059653585222225, 0.5369691039755642], "SpotLightsColor_b": [0.4321041326927251, 0.6855853099935559, 0.40014506516616155], "SpotLightsColor_a": [0.6410500116770745, 0.7707553495968658, 0.7686205701958728], "same_SpotLightsColor": false, "SpotAngle": [100.47638104812243, 25.78980429470141, 14.361721181473296]}