{"CameraRes_width": 520, "CameraRes_height": 520, "Camera_FieldofView": 80, "CameraRadius": 10.0, "CameraTheta": 99.39698966417173, "CameraPhi": 188.71456448849685, "CameraVerticalOffset": 0, "total_cuboids": 3, "scale": [3.0430332222126126, 3.7610740719010214, 3.2083240498368997], "same_scale": false, "total_branches": [2, 1], "same_theta": true, "theta": [93.975103135577], "phi": 217.78685718418825, "same_material": true, "r": 0.8320785747959781, "g": 0.3348368468912547, "b": 0.022185526112087017, "a": 0.9497154974479962, "metallic": 0.4293561219315559, "smoothness": 0.9052158883758235, "DirectionalLightTheta": 63.96903750102523, "DirectionalLightIntensity": 0.5389929859379479, "totalPointLights": 8, "PointLightsRadius": [12.76895633472847, 16.203064426521046, 6.214353129584781, 14.944795899386342, 10.095255609848142, 10.558179909643256, 6.33067672643437, 17.376185290413716], "PointLightsPhi": [236.89011678655615, 79.93348920626926, 61.277729048312, 293.95090208598265, 106.98365132361879, 4.09926690364538, 273.0649789538627, 32.45154350140301], "PointLightsTheta": [78.24487458610771, 56.03189694148102, 26.756608990244168, 52.49339535799136, 39.91258388921289, 15.258284700208597, 68.01722279174898, 58.6549916331453], "PointLightsIntensity": [7.381854566328884, 9.406228259564939, 12.44675226780401, 12.918048741019534, 8.066330117499096, 10.894140912043241, 13.24354498229847, 9.31715715532658], "PointLightsRange": [23.983928978163856, 16.12802134513754, 5.384898002331477, 23.374219850540594, 17.494080516080306, 22.455928649200807, 18.216665041092206, 11.284253161280297], "PointLightsColor_r": [0.11624761940833161, 0.8350727174306255, 0.8934519046982367, 0.9569544153356, 0.9113228589990101, 0.9879173156508971, 0.3746785005278853, 0.3105021020196619], "PointLightsColor_g": [0.49097756067438136, 0.07359441616041162, 0.6108465406096137, 0.890099587900615, 0.6066176273755979, 0.8326617136920598, 0.18426376801209698, 0.3426073880477555], "PointLightsColor_b": [0.267246528802344, 0.4036927729952213, 0.6579023208640111, 0.25826487563705036, 0.6598766117873379, 0.6721608345465127, 0.14473260338768734, 0.20117575067080418], "PointLightsColor_a": [0.9427493154085616, 0.5227913008957288, 0.897871634798255, 0.9933788354013243, 0.841407432832352, 0.8657129927896023, 0.6849369911920951, 0.7654367858957283], "same_PointLightsColor": false, "totalSpotLights": 4, "SpotLightsRadius": [8.865286198930818, 15.411294570675082, 18.97553361266715, 7.509568982959568], "SpotLightsPhi": [185.02414743090256, 96.04082693388185, 350.99785784273786, 37.432665767046636], "SpotLightsTheta": [53.18147347215645, 82.08174724244071, 40.42030578003723, 11.523176725746486], "SpotLightsIntensity": [6.673852316332978, 5.741587044119737, 12.372750618974354, 14.047199965069675], "SpotLightsRange": [9.509591194216275, 7.660343925674688, 21.34530549039753, 9.692140561233497], "SpotLightsColor_r": [0.3320134205437373, 0.3320134205437373, 0.3320134205437373, 0.3320134205437373], "SpotLightsColor_g": [0.9569666681954622, 0.9569666681954622, 0.9569666681954622, 0.9569666681954622], "SpotLightsColor_b": [0.7384194022568795, 0.7384194022568795, 0.7384194022568795, 0.7384194022568795], "SpotLightsColor_a": [0.517917868471398, 0.517917868471398, 0.517917868471398, 0.517917868471398], "same_SpotLightsColor": true, "SpotAngle": [82.77882127248576, 78.4450105692593, 56.6222040056067, 98.2570326239074]}