{"CameraRes_width": 520, "CameraRes_height": 520, "Camera_FieldofView": 80, "CameraRadius": 10.0, "CameraTheta": 65.82609376274011, "CameraPhi": 216.39884682483535, "CameraVerticalOffset": 0, "total_cuboids": 3, "scale": 2.8010963193445155, "same_scale": true, "total_branches": [1, 1], "same_theta": true, "theta": [16.854349206782395], "phi": 102.82043746243649, "same_material": true, "r": 0.9584841600468851, "g": 0.27886453570819913, "b": 0.09069388150277224, "a": 0.6585931433934805, "metallic": 0.19555757540346952, "smoothness": 0.9312548714494976, "DirectionalLightTheta": 11.125759707978677, "DirectionalLightIntensity": 0.7817412752747972, "totalPointLights": 6, "PointLightsRadius": [13.55658275987955, 18.114539289219856, 7.093015323210581, 5.016675770871473, 6.8953194087628145, 17.067513506107275], "PointLightsPhi": [40.76286025722107, 252.22211579137414, 136.35871669082314, 189.7422049963404, 150.42958693549397, 326.9417616913515], "PointLightsTheta": [31.761626189203458, 51.586673155951594, 32.530853302796, 7.619895254717442, 38.4406587868141, 11.468280604850904], "PointLightsIntensity": [13.102873704953948, 16.299054065137717, 11.878059552939511, 11.914981796840141, 8.421833792320502, 12.561061729636128], "PointLightsRange": [19.763184175648334, 17.001665458858078, 24.048549541492243, 11.67157708021101, 9.733738047468794, 16.37902314842443], "PointLightsColor_r": [0.3232910192344838, 0.3232910192344838, 0.3232910192344838, 0.3232910192344838, 0.3232910192344838, 0.3232910192344838], "PointLightsColor_g": [0.8578745904755718, 0.8578745904755718, 0.8578745904755718, 0.8578745904755718, 0.8578745904755718, 0.8578745904755718], "PointLightsColor_b": [0.6317319151689962, 0.6317319151689962, 0.6317319151689962, 0.6317319151689962, 0.6317319151689962, 0.6317319151689962], "PointLightsColor_a": [0.7525443020790004, 0.7525443020790004, 0.7525443020790004, 0.7525443020790004, 0.7525443020790004, 0.7525443020790004], "same_PointLightsColor": true, "totalSpotLights": 5, "SpotLightsRadius": [5.146428541139214, 11.221799637474398, 7.178166418442711, 10.870979931674782, 12.51640289016592], "SpotLightsPhi": [24.83869586357477, 304.67698607459164, 115.47540810286185, 297.7809500102417, 41.422702082575654], "SpotLightsTheta": [55.31848763915522, 9.934225936211751, 80.26856976864414, 69.3801556283724, 11.289238959267468], "SpotLightsIntensity": [6.325758251107352, 11.403672030033036, 14.027856853468135, 5.04090253271797, 12.89245486649282], "SpotLightsRange": [15.97224815023722, 22.64174232191967, 23.755572179445238, 16.95952600173269, 13.164222659349], "SpotLightsColor_r": [0.005348521174921794, 0.04063527783485721, 0.19814640328236355, 0.5275593920985395, 0.5832177288301547], "SpotLightsColor_g": [0.5079400803670031, 0.8058749772042915, 0.04861592698522588, 0.3232523374196882, 0.42989928200686234], "SpotLightsColor_b": [0.12758991187373347, 0.9117207202336345, 0.6930016983050209, 0.9786817347964691, 0.43010042874353804], "SpotLightsColor_a": [0.7099440956026228, 0.8763031892652168, 0.5456863691814089, 0.5320687536329394, 0.615963136324887], "same_SpotLightsColor": false, "SpotAngle": [38.84757427124399, 82.19651816119615, 61.37205647776156, 64.00126106842771, 22.85396329052301]}