{"CameraRes_width": 520, "CameraRes_height": 520, "Camera_FieldofView": 80, "CameraRadius": 10.0, "CameraTheta": 77.38763348695034, "CameraPhi": 138.41270381526084, "CameraVerticalOffset": 0, "total_cuboids": 3, "scale": [0.7292950442678049, 1.2268022511538266, 1.6210606119622173], "same_scale": false, "total_branches": [1, 1], "same_theta": true, "theta": [61.95336827782772], "phi": 56.375684306827665, "same_material": true, "r": 0.703725364861748, "g": 0.8918853222499087, "b": 0.712962974120496, "a": 0.7288804433621245, "metallic": 0.49697879785900334, "smoothness": 0.4701664853623181, "DirectionalLightTheta": 78.81451753467947, "DirectionalLightIntensity": 0.24772259405187871, "totalPointLights": 10, "PointLightsRadius": [10.072879029850567, 18.995541619645444, 6.176610065184054, 5.371453393689604, 11.88688732522963, 6.630319347229311, 9.993064399343108, 15.27039451416077, 6.588755984801927, 17.815198520618928], "PointLightsPhi": [181.71070012189372, 247.47640777411144, 269.17656847460694, 359.1079857421935, 242.51422395386857, 143.62483700054696, 189.93541338464155, 60.85171075577752, 171.22839680566042, 211.26451457780107], "PointLightsTheta": [49.8656671444512, 36.85691614568118, 30.679652157567705, 3.4323086120962696, 39.80278804731794, 15.550774863112647, 35.4582200246457, 9.439448771513506, 52.72401493309283, 57.4801808375308], "PointLightsIntensity": [16.12553252556347, 7.312572899475326, 16.105506521703397, 8.852178153511343, 16.802747863876412, 9.706261386144707, 9.27609123132031, 7.1306086300531515, 15.353316689209297, 14.96141096723886], "PointLightsRange": [19.616467429994543, 8.47695802613849, 7.760942703674116, 20.36884145366395, 21.38444281104407, 9.311754817229197, 23.828092946745137, 8.117561702323947, 16.036896244764584, 17.331711397335177], "PointLightsColor_r": [0.5675062619179944, 0.7647534587824677, 0.9033859190716426, 0.45505869767432994, 0.6975493022181597, 0.4461674582186905, 0.9838208501568264, 0.003491882509554123, 0.6510634369179329, 0.8933076018260183], "PointLightsColor_g": [0.1845126920209551, 0.23036043173573217, 0.6182474214089455, 0.38993406139685227, 0.8498368486175147, 0.6879470035928785, 0.25288782553308975, 0.7549596040679655, 0.60027613883252, 0.20642096022452217], "PointLightsColor_b": [0.4325126047242589, 0.8218512033847315, 0.4861587783375325, 0.2089725347187099, 0.01982529718620729, 0.787393743167858, 0.5940420072106167, 0.12520023830654003, 0.05678859743017961, 0.4130986593955903], "PointLightsColor_a": [0.8532345700923734, 0.6511933345905103, 0.6242388813785613, 0.5797879325683583, 0.8286245089663142, 0.7751118159258408, 0.6128732359901179, 0.5207114423739162, 0.8833561991559347, 0.5578485481031044], "same_PointLightsColor": false, "totalSpotLights": 5, "SpotLightsRadius": [16.595644148991568, 19.85366144997605, 11.104988440298252, 11.855457034938757, 13.397506347122555], "SpotLightsPhi": [307.21448381998346, 62.48883119324505, 22.389165053055457, 98.45344023965804, 98.6348378381111], "SpotLightsTheta": [46.7544557361152, 43.366778808723126, 63.66221685924128, 8.686117696896039, 27.487007153044832], "SpotLightsIntensity": [7.043514036198273, 14.56056788738893, 12.332262713441976, 10.224812179229726, 6.541896595068821], "SpotLightsRange": [7.7831152445667895, 24.85173471156388, 8.086109630525256, 6.595570339486869, 23.759384481375005], "SpotLightsColor_r": [0.6217615474754314, 0.6217615474754314, 0.6217615474754314, 0.6217615474754314, 0.6217615474754314], "SpotLightsColor_g": [0.7344724470243842, 0.7344724470243842, 0.7344724470243842, 0.7344724470243842, 0.7344724470243842], "SpotLightsColor_b": [0.04225612214291341, 0.04225612214291341, 0.04225612214291341, 0.04225612214291341, 0.04225612214291341], "SpotLightsColor_a": [0.74268384888093, 0.74268384888093, 0.74268384888093, 0.74268384888093, 0.74268384888093], "same_SpotLightsColor": true, "SpotAngle": [100.11177707155737, 54.22275849626041, 69.4809415373071, 39.61085956100669, 39.24314308703345]}