{"CameraRes_width": 520, "CameraRes_height": 520, "Camera_FieldofView": 80, "CameraRadius": 10.0, "CameraTheta": 66.38684002071848, "CameraPhi": 102.46357668494339, "CameraVerticalOffset": 0, "total_cuboids": 3, "scale": [2.5168435454901252, 0.5324023411108723, 1.0657830256420147], "same_scale": false, "total_branches": [1, 1], "same_theta": true, "theta": [20.241218786943364], "phi": 28.294268156234246, "same_material": true, "r": 0.22627484084642946, "g": 0.009070414672348037, "b": 0.38341883396209364, "a": 0.9524438389749178, "metallic": 0.8573730237182428, "smoothness": 0.04063410474268503, "DirectionalLightTheta": 59.948284183753785, "DirectionalLightIntensity": 0.49545374150515187, "totalPointLights": 8, "PointLightsRadius": [13.255660275531385, 10.771398696507488, 17.882789816538967, 9.319591291351738, 12.982441960922202, 10.991974233790643, 11.454334897915995, 9.473137913277533], "PointLightsPhi": [82.50971171477076, 53.016165825453726, 79.16499218961674, 241.56958566607923, 70.99225965843581, 291.4366779527809, 204.28530355437525, 161.15697898654133], "PointLightsTheta": [45.117487902440025, 63.04863527421991, 18.421281047468174, 36.7416593678988, 82.30988080118313, 12.295189867984007, 41.75624637101803, 37.33865917675969], "PointLightsIntensity": [16.583165874772178, 15.151190184766676, 9.728395692706691, 14.186820853145997, 10.517840106723911, 12.822362840316142, 12.13494842644577, 8.494573839912439], "PointLightsRange": [10.412587138002623, 23.17797319725781, 12.629291887082612, 13.476070210709956, 17.177278042812056, 9.613963444555989, 13.43087626973793, 13.381860987643794], "PointLightsColor_r": [0.05302113687757404, 0.05302113687757404, 0.05302113687757404, 0.05302113687757404, 0.05302113687757404, 0.05302113687757404, 0.05302113687757404, 0.05302113687757404], "PointLightsColor_g": [0.3385293952980374, 0.3385293952980374, 0.3385293952980374, 0.3385293952980374, 0.3385293952980374, 0.3385293952980374, 0.3385293952980374, 0.3385293952980374], "PointLightsColor_b": [0.9502413682999784, 0.9502413682999784, 0.9502413682999784, 0.9502413682999784, 0.9502413682999784, 0.9502413682999784, 0.9502413682999784, 0.9502413682999784], "PointLightsColor_a": [0.7451697640853308, 0.7451697640853308, 0.7451697640853308, 0.7451697640853308, 0.7451697640853308, 0.7451697640853308, 0.7451697640853308, 0.7451697640853308], "same_PointLightsColor": true, "totalSpotLights": 5, "SpotLightsRadius": [9.053498553042768, 18.101814016814494, 19.841086596971774, 15.9017147563805, 11.577345154002622], "SpotLightsPhi": [201.18684163109953, 200.7188828581494, 307.505660380121, 327.9136926992913, 265.3647641643712], "SpotLightsTheta": [1.2043255887553905, 18.7077274476727, 69.1176958783303, 38.384615911410826, 8.626361403571035], "SpotLightsIntensity": [6.963799858487668, 14.05535105885955, 10.730279960190106, 5.865853395956404, 10.148219293984585], "SpotLightsRange": [24.204953849802834, 15.69248905878171, 22.81741799406995, 20.643517151821285, 24.722024263777], "SpotLightsColor_r": [0.3739557636150269, 0.3739557636150269, 0.3739557636150269, 0.3739557636150269, 0.3739557636150269], "SpotLightsColor_g": [0.5543256090336344, 0.5543256090336344, 0.5543256090336344, 0.5543256090336344, 0.5543256090336344], "SpotLightsColor_b": [0.02592152388494684, 0.02592152388494684, 0.02592152388494684, 0.02592152388494684, 0.02592152388494684], "SpotLightsColor_a": [0.522611302536476, 0.522611302536476, 0.522611302536476, 0.522611302536476, 0.522611302536476], "same_SpotLightsColor": true, "SpotAngle": [60.884137571432355, 31.71302500282649, 109.35039423363023, 107.20748449292064, 104.30411879421347]}