{"CameraRes_width": 520, "CameraRes_height": 520, "Camera_FieldofView": 80, "CameraRadius": 10.0, "CameraTheta": 79.34563398028793, "CameraPhi": 152.9833432668508, "CameraVerticalOffset": 0, "total_cuboids": 3, "scale": [1.964438395229624, 3.346987599419176, 3.771883062794684], "same_scale": false, "total_branches": [1, 3], "same_theta": true, "theta": [21.0894683635235], "phi": 183.2912242527335, "same_material": true, "r": 0.7838972376565226, "g": 0.9500655762700978, "b": 0.21936024051194192, "a": 0.5882412541952116, "metallic": 0.7618151640742845, "smoothness": 0.3935228341428523, "DirectionalLightTheta": 20.265417625353617, "DirectionalLightIntensity": 0.6935314879643375, "totalPointLights": 5, "PointLightsRadius": [19.346003049865523, 11.154948289629322, 7.9877072993209985, 7.3539039280163285, 16.323993431536685], "PointLightsPhi": [114.46248066971593, 56.65906000097707, 282.4052263586712, 233.680124861484, 96.81298807754268], "PointLightsTheta": [78.10443980299152, 88.77733042920703, 38.77783225019691, 13.68885733782179, 74.70499931960263], "PointLightsIntensity": [15.961093778182093, 11.58764543004175, 15.97735786715025, 14.57263098623422, 7.863171569833603], "PointLightsRange": [24.969595449937078, 12.546468975442826, 13.901932985261558, 5.182250023825197, 15.478965410288119], "PointLightsColor_r": [0.8757167344616438, 0.9918796179872266, 0.9915023313540406, 0.34746640660811134, 0.26962002608812097], "PointLightsColor_g": [0.4238364516700571, 0.8696472376579132, 0.9303759653303618, 0.5242223751709231, 0.9007898548451362], "PointLightsColor_b": [0.37664093816350075, 0.4295984618756272, 0.41174342445652534, 0.7003792975620813, 0.3810798361713691], "PointLightsColor_a": [0.5721054587991672, 0.7620452294248592, 0.9504138715888206, 0.8213833529203106, 0.6640087312182084], "same_PointLightsColor": false, "totalSpotLights": 4, "SpotLightsRadius": [10.101864356544496, 13.577666952641135, 9.867249226066683, 17.28077553305735], "SpotLightsPhi": [238.28046220836222, 258.00525343082893, 35.86632814083086, 268.67719858114447], "SpotLightsTheta": [4.5703614151515195, 15.810618916845122, 56.0108267412079, 67.76012344080699], "SpotLightsIntensity": [8.532719444455397, 13.772108433062208, 12.285199473745244, 8.156599544704205], "SpotLightsRange": [7.749492794341979, 15.6585581626383, 5.207883601968519, 10.469712047262608], "SpotLightsColor_r": [0.9610336622516037, 0.9610336622516037, 0.9610336622516037, 0.9610336622516037], "SpotLightsColor_g": [0.4970892338288776, 0.4970892338288776, 0.4970892338288776, 0.4970892338288776], "SpotLightsColor_b": [0.9438526988140156, 0.9438526988140156, 0.9438526988140156, 0.9438526988140156], "SpotLightsColor_a": [0.8281790987308474, 0.8281790987308474, 0.8281790987308474, 0.8281790987308474], "same_SpotLightsColor": true, "SpotAngle": [118.09506090052213, 8.689825512808286, 17.895745822787752, 70.73555422296805]}