{"CameraRes_width": 520, "CameraRes_height": 520, "Camera_FieldofView": 80, "CameraRadius": 10.0, "CameraTheta": 83.94472478504397, "CameraPhi": 311.9111349351261, "CameraVerticalOffset": 0, "total_cuboids": 3, "scale": 3.8859322087658925, "same_scale": true, "total_branches": [1, 1], "same_theta": true, "theta": [51.86034171819632], "phi": 1.6181268467335652, "same_material": true, "r": 0.997241246822622, "g": 0.565177812277651, "b": 0.21170475212919448, "a": 0.8064842063108713, "metallic": 0.07965014571213391, "smoothness": 0.22309819149938537, "DirectionalLightTheta": 25.31059423584971, "DirectionalLightIntensity": 0.4551397338293457, "totalPointLights": 9, "PointLightsRadius": [19.402480564247348, 8.016923483416436, 18.236992326925908, 7.8894276930489164, 17.11172596185365, 10.37316202275074, 7.970004117990062, 5.006792629873229, 9.571612895820653], "PointLightsPhi": [232.19772121623677, 205.28419889238066, 142.9183669586242, 237.48757217793246, 344.6975136563891, 100.02156307127039, 323.9535256194431, 113.02804548268443, 333.36061092380294], "PointLightsTheta": [89.2058679930786, 62.38609321121018, 24.75971358489907, 27.788450873162077, 42.16401770028211, 9.725848671580602, 37.32730604997361, 9.382044473551485, 83.8195666804237], "PointLightsIntensity": [14.827441850727496, 7.809005367920992, 11.045586967596122, 14.518550810896395, 12.68070934030281, 11.226120533566526, 10.081064237164775, 15.448671732834214, 12.39500605280579], "PointLightsRange": [20.904885316245842, 9.067293030784816, 10.153620777979636, 23.75765302726112, 5.128056518188979, 9.763402396220282, 23.977566047066784, 15.83687049235158, 6.628698013952244], "PointLightsColor_r": [0.7297169699351325, 0.18635077171501957, 0.7254521926760724, 0.9385671384924751, 0.2514920827138869, 0.8193331166030925, 0.9063711726550671, 0.04807373182362973, 0.4234003693515648], "PointLightsColor_g": [0.7288145910465691, 0.08589557978734541, 0.8034993292891798, 0.1352840389009936, 0.33375285201492555, 0.7580823002552699, 0.8239827481292007, 0.6829472319633622, 0.8887973223171385], "PointLightsColor_b": [0.5862185933955599, 0.9669197126204883, 0.5525141146927476, 0.9656523802818341, 0.9839704412069622, 0.3572432866901737, 0.39031575669477414, 0.3076834849860486, 0.743081625085482], "PointLightsColor_a": [0.799735960735668, 0.7909069988784764, 0.8070398571277274, 0.8615928402269606, 0.6974252761276266, 0.811248767308898, 0.9520104247367404, 0.8638947152527028, 0.9715280662018944], "same_PointLightsColor": false, "totalSpotLights": 5, "SpotLightsRadius": [11.469870802271311, 11.056321665921939, 9.897111968555155, 8.804737886663496, 9.223829626460631], "SpotLightsPhi": [148.30759586076078, 349.64896938912653, 32.430838236475616, 295.60649107912286, 43.8548200689402], "SpotLightsTheta": [53.85857069938353, 84.47265615792209, 67.14813266172277, 35.16413784201441, 66.47104821389955], "SpotLightsIntensity": [13.50793811701365, 11.290279027625248, 8.669123240954406, 5.478244721635934, 11.809266822900664], "SpotLightsRange": [20.08415298971586, 13.287033521426475, 18.289399866408612, 19.283670917593717, 5.9064141108537305], "SpotLightsColor_r": [0.16063599696962882, 0.16063599696962882, 0.16063599696962882, 0.16063599696962882, 0.16063599696962882], "SpotLightsColor_g": [0.9363349117352843, 0.9363349117352843, 0.9363349117352843, 0.9363349117352843, 0.9363349117352843], "SpotLightsColor_b": [0.25145558421133185, 0.25145558421133185, 0.25145558421133185, 0.25145558421133185, 0.25145558421133185], "SpotLightsColor_a": [0.8935409613962032, 0.8935409613962032, 0.8935409613962032, 0.8935409613962032, 0.8935409613962032], "same_SpotLightsColor": true, "SpotAngle": [46.8727804089044, 40.0668084418752, 49.759119390566006, 42.525004118610255, 57.535821965371404]}