{"CameraRes_width": 520, "CameraRes_height": 520, "Camera_FieldofView": 80, "CameraRadius": 10.0, "CameraTheta": 87.34868042022615, "CameraPhi": 223.7507095396673, "CameraVerticalOffset": 0, "total_cuboids": 3, "scale": 2.2064590967324156, "same_scale": true, "total_branches": [1, 1], "same_theta": true, "theta": [13.915840700219086], "phi": 3.3616972368345444, "same_material": true, "r": 0.9872497838366487, "g": 0.040678156399486576, "b": 0.11082817859130356, "a": 0.7360584501297027, "metallic": 0.9837068787630756, "smoothness": 0.788154627872521, "DirectionalLightTheta": 2.953930876494828, "DirectionalLightIntensity": 0.27181733707814415, "totalPointLights": 8, "PointLightsRadius": [15.588888289094898, 7.120244016093513, 18.689704953687553, 5.9216010228073115, 8.361153982718733, 16.126111301771132, 12.790355478124347, 6.671852165826891], "PointLightsPhi": [235.12574690771766, 255.75681308004553, 109.21241268405166, 43.7344983209773, 276.8538422283183, 150.14989401166878, 207.36577968101417, 166.65930222942194], "PointLightsTheta": [78.56106437503405, 43.83213063641617, 82.01384968354414, 33.376388802920275, 10.918590683589395, 25.665720497447374, 10.185796002383794, 61.65446378026776], "PointLightsIntensity": [11.625509499218774, 10.994984094132347, 16.24298681193379, 16.72940256594684, 8.113285986527913, 15.659266953337147, 14.591617521442107, 16.092232392602387], "PointLightsRange": [8.845686217548124, 19.748027315169846, 15.88877355070932, 10.21220640851288, 23.93887387909332, 11.630305996090105, 24.5502611450716, 14.997898710604405], "PointLightsColor_r": [0.6086190050198012, 0.617478091527412, 0.8728360749289155, 0.31526859216864056, 0.27749009279879977, 0.21625971648851727, 0.3825410134338465, 0.06463576902788482], "PointLightsColor_g": [0.955413801791418, 0.09566677297007564, 0.09584776668007922, 0.8308561891909707, 0.5434161956919429, 0.13669511672429568, 0.7004361672703266, 0.7764914897959437], "PointLightsColor_b": [0.6495848841895792, 0.9531699006629631, 0.8362643911842034, 0.20798564607123138, 0.6145578920135834, 0.05943985035321775, 0.2317321906356855, 0.09566361378780297], "PointLightsColor_a": [0.5031243285120124, 0.8160969049070917, 0.5437129783184363, 0.579857114251706, 0.6884754109749405, 0.8483567128542033, 0.8466309988991984, 0.8441313108938614], "same_PointLightsColor": false, "totalSpotLights": 4, "SpotLightsRadius": [17.47632754148795, 9.68516443843743, 17.264502914973235, 7.74988624111441], "SpotLightsPhi": [106.21183300631913, 62.871235838307335, 307.2261103547536, 319.7422084386422], "SpotLightsTheta": [89.96745043597784, 63.029780378066675, 66.37912100390552, 59.6970186718198], "SpotLightsIntensity": [7.125668023657395, 8.993720667812878, 8.762144884414528, 13.831204992647377], "SpotLightsRange": [24.16325124782705, 19.622796264158886, 12.130987574332753, 18.32500273285151], "SpotLightsColor_r": [0.7439781373705561, 0.682341949324909, 0.021584126146753424, 0.18205903685367686], "SpotLightsColor_g": [0.4502172590227752, 0.8365997814461021, 0.3010346145949745, 0.8145395210828599], "SpotLightsColor_b": [0.992473417066853, 0.2763049582107425, 0.9861549186742408, 0.1255024158617184], "SpotLightsColor_a": [0.5956102387024378, 0.9240217802351388, 0.73111126490757, 0.9676362118587973], "same_SpotLightsColor": false, "SpotAngle": [50.80750013525662, 90.10773535304368, 55.433189104359236, 73.60292996770966]}