{"CameraRes_width": 520, "CameraRes_height": 520, "Camera_FieldofView": 80, "CameraRadius": 10.0, "CameraTheta": 84.13437840344832, "CameraPhi": 330.64944883152845, "CameraVerticalOffset": 0, "total_cuboids": 3, "scale": [2.9896691692109814, 1.1457470167527892, 1.4673066486265267], "same_scale": false, "total_branches": [1, 1], "same_theta": true, "theta": [109.69633124678066], "phi": 359.74620392369684, "same_material": true, "r": 0.4531903722958661, "g": 0.6445982555916574, "b": 0.757466675655587, "a": 0.5624662904972457, "metallic": 0.0466626555923596, "smoothness": 0.5097877795982497, "DirectionalLightTheta": 67.58462704185716, "DirectionalLightIntensity": 0.11687963159727202, "totalPointLights": 9, "PointLightsRadius": [10.608337471525747, 11.81597707309328, 17.074547904164234, 14.223911666357347, 8.735965213902809, 18.970160910741235, 19.657704522910493, 16.96670639595375, 18.21506055499733], "PointLightsPhi": [201.76180921153758, 194.3052799893489, 34.97262131202956, 123.39250378073602, 86.36756077268826, 288.8799027908966, 245.88792890442704, 333.0153730211862, 276.792319194791], "PointLightsTheta": [80.71031726801948, 48.02200632735674, 31.703853370600132, 4.070676475113481, 83.03355941997606, 76.06586044913554, 76.55194546913025, 28.113988035017584, 13.468880356007515], "PointLightsIntensity": [7.28956494984476, 14.390599320059192, 11.594827044005376, 12.424178037913023, 13.290238653490187, 7.388218299086539, 14.332904407786927, 16.667038216474133, 10.19872578150105], "PointLightsRange": [17.265455762511298, 23.315042629137185, 7.008039743894017, 18.049873103723847, 9.651348629512269, 11.51267819954403, 13.624614624291851, 12.546628449285546, 6.190802455689768], "PointLightsColor_r": [0.6755719609849009, 0.11404308885540615, 0.948489898072048, 0.6220492708233171, 0.9475004970901486, 0.9134985138014801, 0.91875246318459, 0.7241629988292064, 0.39916762228941416], "PointLightsColor_g": [0.0993354784138536, 0.9672086114007289, 0.692542181392944, 0.3842186295767397, 0.39938922556372236, 0.6738252804764572, 0.7747440212377412, 0.7231086257336263, 0.5634373391938476], "PointLightsColor_b": [0.2867123264780943, 0.2554171837416902, 0.7925220400566079, 0.4486264836369761, 0.8827660976702986, 0.08751108519046702, 0.5101737521091989, 0.7771808528717201, 0.8138259615772107], "PointLightsColor_a": [0.8169937075114811, 0.8814006408564403, 0.9092477668029006, 0.6072770543129277, 0.9508623755374992, 0.8740185116700071, 0.6048389455639978, 0.8097619088173713, 0.5227337841982047], "same_PointLightsColor": false, "totalSpotLights": 4, "SpotLightsRadius": [16.304079139564756, 7.763687878284249, 19.96071903803596, 13.305980114529833], "SpotLightsPhi": [97.28392182153341, 20.174031973738206, 135.0317224136803, 47.35891596738644], "SpotLightsTheta": [38.448360815369895, 58.379185898461884, 47.36955621184024, 66.24466262295856], "SpotLightsIntensity": [6.030719321819701, 8.174570621494233, 8.277491028432753, 8.279136616661415], "SpotLightsRange": [13.76193871079833, 9.733794408244922, 11.20490571899449, 9.492037616319855], "SpotLightsColor_r": [0.31924300120852156, 0.31924300120852156, 0.31924300120852156, 0.31924300120852156], "SpotLightsColor_g": [0.055064953424243446, 0.055064953424243446, 0.055064953424243446, 0.055064953424243446], "SpotLightsColor_b": [0.8871079400434747, 0.8871079400434747, 0.8871079400434747, 0.8871079400434747], "SpotLightsColor_a": [0.7158193916762496, 0.7158193916762496, 0.7158193916762496, 0.7158193916762496], "same_SpotLightsColor": true, "SpotAngle": [87.25322786152893, 77.50371014959295, 7.710466192971008, 108.95824084033325]}