{"CameraRes_width": 520, "CameraRes_height": 520, "Camera_FieldofView": 80, "CameraRadius": 10.0, "CameraTheta": 94.6374121666978, "CameraPhi": 176.81736652168573, "CameraVerticalOffset": 0, "total_cuboids": 3, "scale": [3.839196294503226, 1.0785108268676773, 3.282029572705789], "same_scale": false, "total_branches": [1, 1], "same_theta": true, "theta": [99.63550079835365], "phi": 82.95539022822734, "same_material": true, "r": 0.477984707468578, "g": 0.8042190823715365, "b": 0.8995560153584605, "a": 0.9132301489450712, "metallic": 0.4949371801095487, "smoothness": 0.3773445637168452, "DirectionalLightTheta": 15.577402242512658, "DirectionalLightIntensity": 0.20412900919254442, "totalPointLights": 5, "PointLightsRadius": [14.538685461785638, 10.81980985126983, 18.714520922687207, 18.331528287832285, 9.900427742252138], "PointLightsPhi": [196.63445809772577, 282.0595967304702, 328.628779924619, 60.85560304723178, 173.18473628036443], "PointLightsTheta": [85.54580346681371, 10.396821662638878, 68.13778809607004, 28.534507636780152, 45.93266762585325], "PointLightsIntensity": [16.909414371010676, 11.419735305509274, 8.730650298132277, 15.114629631628969, 9.729439835804712], "PointLightsRange": [13.41717612702708, 13.266023862216034, 17.9557239487554, 11.29098391715246, 15.260335800706725], "PointLightsColor_r": [0.4640680457776103, 0.4640680457776103, 0.4640680457776103, 0.4640680457776103, 0.4640680457776103], "PointLightsColor_g": [0.29211745848351534, 0.29211745848351534, 0.29211745848351534, 0.29211745848351534, 0.29211745848351534], "PointLightsColor_b": [0.7719947942432417, 0.7719947942432417, 0.7719947942432417, 0.7719947942432417, 0.7719947942432417], "PointLightsColor_a": [0.7785001727228372, 0.7785001727228372, 0.7785001727228372, 0.7785001727228372, 0.7785001727228372], "same_PointLightsColor": true, "totalSpotLights": 6, "SpotLightsRadius": [13.888824855246877, 16.609534428956056, 5.993770050191239, 18.29207120628803, 16.34575232589874, 6.437398621426803], "SpotLightsPhi": [251.85689432007425, 239.13164009649225, 262.9164306571848, 233.35411822214644, 339.7596783709142, 290.4762164118713], "SpotLightsTheta": [75.30644055354212, 57.26414521199948, 85.0609232356432, 44.21749887920731, 54.655974695363696, 45.384922947173564], "SpotLightsIntensity": [7.575990043322514, 6.941083019693458, 9.877572450628108, 5.18404106029116, 12.93000994029083, 14.687952127983003], "SpotLightsRange": [5.4280240289041455, 5.5407221190919635, 16.025335529127993, 23.685950668113605, 20.63321485207499, 15.477244664661798], "SpotLightsColor_r": [0.7938012988846289, 0.7938012988846289, 0.7938012988846289, 0.7938012988846289, 0.7938012988846289, 0.7938012988846289], "SpotLightsColor_g": [0.010937616993393129, 0.010937616993393129, 0.010937616993393129, 0.010937616993393129, 0.010937616993393129, 0.010937616993393129], "SpotLightsColor_b": [0.4550955213655329, 0.4550955213655329, 0.4550955213655329, 0.4550955213655329, 0.4550955213655329, 0.4550955213655329], "SpotLightsColor_a": [0.7125242376043621, 0.7125242376043621, 0.7125242376043621, 0.7125242376043621, 0.7125242376043621, 0.7125242376043621], "same_SpotLightsColor": true, "SpotAngle": [63.89220199143187, 53.21521186380867, 119.28305240953944, 28.7707599977173, 112.07317951035523, 12.61113066013996]}