{
    "CameraRes_width": 520,
    "CameraRes_height": 520,
    "Camera_FieldofView": 80,
    "CameraRadius": 10.0,
    "CameraTheta": 76.38410850214547,
    "CameraPhi": 8.37223675696924,
    "CameraVerticalOffset": 0,
    "total_cuboids": 3,
    "scale": [
        2.659673015757811,
        1.846739839132657,
        1.7536875837322246
    ],
    "same_scale": false,
    "total_branches": [
        1,
        1
    ],
    "same_theta": true,
    "theta": [
        31.667077011756515
    ],
    "phi": 258.9093305831306,
    "same_material": false,
    "r": [
        0.6213902232268471,
        0.627716605048028,
        0.14630913944554036
    ],
    "g": [
        0.849846342136594,
        0.49579856390680543,
        0.05405317827781875
    ],
    "b": [
        0.18024284762163234,
        0.5225521570698272,
        0.5276571298565419
    ],
    "a": [
        0.5047275386791173,
        0.6235453493979453,
        0.7059556604704171
    ],
    "metallic": [
        0.87161482097999,
        0.5937268165771911,
        0.9646924151236294
    ],
    "smoothness": [
        0.8781897333584368,
        0.9968943080212188,
        0.7395206343657603
    ],
    "DirectionalLightTheta": 44.03462955394732,
    "DirectionalLightIntensity": 0.21183052266253635,
    "totalPointLights": 5,
    "PointLightsRadius": [
        13.868481811258027,
        12.230182030892804,
        17.737196745346836,
        18.93506223845083,
        16.100977339680227
    ],
    "PointLightsPhi": [
        280.90397466688,
        274.00796262601585,
        340.0081716827458,
        298.89749462465704,
        233.84662243966528
    ],
    "PointLightsTheta": [
        84.95987612854998,
        1.2606692924071872,
        67.33646808668125,
        88.8579594041704,
        42.93035024613808
    ],
    "PointLightsIntensity": [
        7.64925350485392,
        9.557286653447965,
        9.345910852872052,
        8.321379596683514,
        7.933504136854162
    ],
    "PointLightsRange": [
        10.157062768991263,
        23.390234689224386,
        5.485864111316221,
        12.678499437794944,
        17.63835772164301
    ],
    "PointLightsColor_r": [
        0.06817619686989296,
        0.1971925973732983,
        0.5995324243009308,
        0.9578575176069699,
        0.6052071961571682
    ],
    "PointLightsColor_g": [
        0.4454934657685783,
        0.5853278264516205,
        0.3859098327684515,
        0.4810919097744799,
        0.35316652837713713
    ],
    "PointLightsColor_b": [
        0.5505141529464175,
        0.29520178268477226,
        0.8503589630284103,
        0.8868367391809485,
        0.5672030379989834
    ],
    "PointLightsColor_a": [
        0.568253271390192,
        0.8398775099149494,
        0.9797898124452473,
        0.8894701841882985,
        0.566482305851755
    ],
    "same_PointLightsColor": false,
    "totalSpotLights": 4,
    "SpotLightsRadius": [
        15.654394692288271,
        11.59431823913454,
        12.657543512992046,
        13.495989124479145
    ],
    "SpotLightsPhi": [
        189.11181468610678,
        83.45991127367283,
        246.10989784988223,
        92.0854789407252
    ],
    "SpotLightsTheta": [
        82.4924152250197,
        44.33459844644421,
        53.205055499182194,
        86.74258495622917
    ],
    "SpotLightsIntensity": [
        5.031226704510105,
        9.382323393338506,
        12.399923373370603,
        14.085370050317357
    ],
    "SpotLightsRange": [
        10.231004873353681,
        9.824501316370572,
        12.259060937919056,
        19.497107691403293
    ],
    "SpotLightsColor_r": [
        0.7117669355982424,
        0.36579615062550674,
        0.6068307200633504,
        0.8004452288103853
    ],
    "SpotLightsColor_g": [
        0.7372360398726773,
        0.8428203435842815,
        0.21459613752635953,
        0.5043519382899636
    ],
    "SpotLightsColor_b": [
        0.05157872317677725,
        0.10011799569454527,
        0.6706683720871032,
        0.9474466241093601
    ],
    "SpotLightsColor_a": [
        0.9425987348015205,
        0.9323783809602679,
        0.787867132137443,
        0.9806589655483882
    ],
    "same_SpotLightsColor": false,
    "SpotAngle": [
        93.94705143158963,
        13.39834163912041,
        50.35774931855806,
        62.647808710591704
    ]
}