{
    "CameraRes_width": 520,
    "CameraRes_height": 520,
    "Camera_FieldofView": 80,
    "CameraRadius": 10.0,
    "CameraTheta": 67.79230974717066,
    "CameraPhi": 214.58663179677282,
    "CameraVerticalOffset": 0,
    "total_cuboids": 3,
    "scale": [
        2.3088612312335357,
        3.813610030591399,
        3.526668442994532
    ],
    "same_scale": false,
    "total_branches": [
        1,
        2
    ],
    "same_theta": true,
    "theta": [
        33.01151828741855
    ],
    "phi": 271.5447812245623,
    "same_material": true,
    "r": 0.0029273451128813965,
    "g": 0.7360504322730792,
    "b": 0.3684014876050541,
    "a": 0.561478171724255,
    "metallic": 0.6423241341208473,
    "smoothness": 0.4473370462602356,
    "DirectionalLightTheta": 78.78652305493227,
    "DirectionalLightIntensity": 0.9738847533230105,
    "totalPointLights": 8,
    "PointLightsRadius": [
        9.246072168699946,
        19.436698655718406,
        14.501183880004387,
        12.578651683709058,
        6.573531095034401,
        7.20167685725506,
        12.618538514225438,
        19.359165190394243
    ],
    "PointLightsPhi": [
        232.6428252509387,
        82.83058932349212,
        215.90435261992022,
        68.03897814638837,
        63.336401454945346,
        260.74322207622225,
        231.7672244229001,
        323.2145524655278
    ],
    "PointLightsTheta": [
        3.8666669902380777,
        76.0221986283363,
        27.325489649484314,
        16.156339087670727,
        56.517614658153605,
        75.69378415457636,
        88.62078616321884,
        6.173146918991845
    ],
    "PointLightsIntensity": [
        16.510105245512243,
        13.730037064119948,
        15.73556904553501,
        10.621012715257773,
        16.50488512530458,
        15.248670964053463,
        7.0358494258485385,
        16.480439624135208
    ],
    "PointLightsRange": [
        9.385028235033378,
        19.930864327957064,
        24.911900499830622,
        22.068751503214166,
        13.533850480021474,
        19.255383385876037,
        18.046537158512294,
        22.126750902399614
    ],
    "PointLightsColor_r": [
        0.9664662000958072,
        0.9664662000958072,
        0.9664662000958072,
        0.9664662000958072,
        0.9664662000958072,
        0.9664662000958072,
        0.9664662000958072,
        0.9664662000958072
    ],
    "PointLightsColor_g": [
        0.24667809495468374,
        0.24667809495468374,
        0.24667809495468374,
        0.24667809495468374,
        0.24667809495468374,
        0.24667809495468374,
        0.24667809495468374,
        0.24667809495468374
    ],
    "PointLightsColor_b": [
        0.9017363382011373,
        0.9017363382011373,
        0.9017363382011373,
        0.9017363382011373,
        0.9017363382011373,
        0.9017363382011373,
        0.9017363382011373,
        0.9017363382011373
    ],
    "PointLightsColor_a": [
        0.723554365790176,
        0.723554365790176,
        0.723554365790176,
        0.723554365790176,
        0.723554365790176,
        0.723554365790176,
        0.723554365790176,
        0.723554365790176
    ],
    "same_PointLightsColor": true,
    "totalSpotLights": 4,
    "SpotLightsRadius": [
        5.11138099621503,
        18.23490940087396,
        11.303306165385287,
        19.98989289005737
    ],
    "SpotLightsPhi": [
        163.80987123395028,
        22.317020582350185,
        28.65595514011835,
        251.07683187712303
    ],
    "SpotLightsTheta": [
        41.38572662168258,
        69.09744444736945,
        86.01048737000102,
        44.64553193422478
    ],
    "SpotLightsIntensity": [
        14.588955816992545,
        12.982810618377307,
        8.158886710024216,
        14.962287532490674
    ],
    "SpotLightsRange": [
        7.117394076613457,
        8.082428198212208,
        14.054249520390982,
        6.709524745220676
    ],
    "SpotLightsColor_r": [
        0.2549372396167249,
        0.5143375652900579,
        0.8810238512578008,
        0.572312049003417
    ],
    "SpotLightsColor_g": [
        0.2642153791282136,
        0.13196191062562934,
        0.05198134412428701,
        0.8179593917735319
    ],
    "SpotLightsColor_b": [
        0.1541086808008899,
        0.8186945517531681,
        0.9754288026897409,
        0.6085079677485707
    ],
    "SpotLightsColor_a": [
        0.8810366416924621,
        0.8361280064613074,
        0.5106087108542712,
        0.9096542689444704
    ],
    "same_SpotLightsColor": false,
    "SpotAngle": [
        10.126063321091495,
        72.41558992681324,
        88.10523295374868,
        62.52391144446403
    ]
}