{
    "CameraRes_width": 520,
    "CameraRes_height": 520,
    "Camera_FieldofView": 80,
    "CameraRadius": 10.0,
    "CameraTheta": 85.92966065933422,
    "CameraPhi": 53.481065801700616,
    "CameraVerticalOffset": 0,
    "total_cuboids": 4,
    "scale": 1.4281928089755733,
    "same_scale": true,
    "total_branches": [
        1,
        1,
        1
    ],
    "same_theta": true,
    "theta": [
        3.594806710425215
    ],
    "phi": 225.01978404968878,
    "same_material": true,
    "r": 0.7809578049929273,
    "g": 0.17909725254385978,
    "b": 0.031151931892362095,
    "a": 0.5477525536274247,
    "metallic": 0.9960819091007695,
    "smoothness": 0.016779244806651383,
    "DirectionalLightTheta": 26.968942074184856,
    "DirectionalLightIntensity": 0.7666555172251955,
    "totalPointLights": 10,
    "PointLightsRadius": [
        11.452524460068053,
        9.826200283675876,
        12.22123555292055,
        6.307264040124661,
        9.740503758647948,
        10.91950899912311,
        10.341945421032534,
        7.218281472651542,
        18.380678715411392,
        12.294534000882996
    ],
    "PointLightsPhi": [
        88.69182326479367,
        256.4248507949605,
        130.6575477246406,
        91.43369737779938,
        259.4487002005371,
        145.869729526323,
        140.85806440607783,
        92.19827977248639,
        126.48033485477625,
        236.74283232033576
    ],
    "PointLightsTheta": [
        74.98331805301741,
        2.2122221722973623,
        89.70456051750375,
        66.43988994439333,
        86.47510494561055,
        74.45327524183415,
        40.42437462749184,
        37.212444116597595,
        2.7153871763052875,
        63.198985940664365
    ],
    "PointLightsIntensity": [
        13.851141757689145,
        11.504340474893672,
        13.399133912638808,
        9.235790332532343,
        11.61238238784409,
        10.683231281395045,
        15.764516054990581,
        11.517489323982964,
        12.354258267845292,
        15.793414050859234
    ],
    "PointLightsRange": [
        20.118706341884554,
        23.799197348259597,
        12.779983335297668,
        8.125109510430041,
        23.196365074508737,
        21.662632540502297,
        12.987883122119307,
        14.957523339928594,
        10.522303434299324,
        13.407639372558755
    ],
    "PointLightsColor_r": [
        0.08102191641900824,
        0.9723269516809613,
        0.8781075168112983,
        0.30206114757806135,
        0.018679041923285844,
        0.16047476410029027,
        0.5344519099312287,
        0.17489019688495033,
        0.5311797895053666,
        0.5610946473139378
    ],
    "PointLightsColor_g": [
        0.9953861940298278,
        0.5265419731147687,
        0.28827039697212153,
        0.25112757686479303,
        0.9723031758395089,
        0.825737604851022,
        0.5397353615391218,
        0.2354211142772621,
        0.43011781420069795,
        0.35190502395688106
    ],
    "PointLightsColor_b": [
        0.8184411599011584,
        0.05927183309281414,
        0.02581804446088254,
        0.14828315004699533,
        0.6000849583807406,
        0.004689954592731915,
        0.0143241094665284,
        0.0056970773046788326,
        0.971931276975806,
        0.6863801305636855
    ],
    "PointLightsColor_a": [
        0.780135201767981,
        0.5821612573748732,
        0.6549125760217429,
        0.7543130466847907,
        0.5066983586343261,
        0.8696115799064179,
        0.9433513226336169,
        0.8399794648103864,
        0.7769495966724413,
        0.6410825317918645
    ],
    "same_PointLightsColor": false,
    "totalSpotLights": 5,
    "SpotLightsRadius": [
        15.192214045959822,
        17.718925641745304,
        11.610600209926197,
        6.657255181767464,
        9.902581147453855
    ],
    "SpotLightsPhi": [
        284.429810090109,
        13.672558052819994,
        177.34730940625354,
        251.06383815057538,
        351.62452646247505
    ],
    "SpotLightsTheta": [
        53.78286688090056,
        33.40651077421332,
        81.67211776907277,
        22.365370378071248,
        77.62275321851524
    ],
    "SpotLightsIntensity": [
        8.796037680474292,
        8.410640823161,
        7.494029927324829,
        14.01090677824613,
        6.144866780842677
    ],
    "SpotLightsRange": [
        22.727639258647944,
        24.309328047711578,
        23.060864863236528,
        21.897706701233226,
        20.38230823204315
    ],
    "SpotLightsColor_r": [
        0.9944699282403153,
        0.9944699282403153,
        0.9944699282403153,
        0.9944699282403153,
        0.9944699282403153
    ],
    "SpotLightsColor_g": [
        0.9704231946337324,
        0.9704231946337324,
        0.9704231946337324,
        0.9704231946337324,
        0.9704231946337324
    ],
    "SpotLightsColor_b": [
        0.10022305923973496,
        0.10022305923973496,
        0.10022305923973496,
        0.10022305923973496,
        0.10022305923973496
    ],
    "SpotLightsColor_a": [
        0.6959531066301434,
        0.6959531066301434,
        0.6959531066301434,
        0.6959531066301434,
        0.6959531066301434
    ],
    "same_SpotLightsColor": true,
    "SpotAngle": [
        41.47578488702194,
        11.315315254542433,
        14.792248053082327,
        83.88319121357245,
        87.81529955762183
    ]
}