{
    "CameraRes_width": 520,
    "CameraRes_height": 520,
    "Camera_FieldofView": 80,
    "CameraRadius": 10.0,
    "CameraTheta": 84.92724943637,
    "CameraPhi": 206.91390301163077,
    "CameraVerticalOffset": 0,
    "total_cuboids": 3,
    "scale": [
        2.4446361021040866,
        0.8743049069741085,
        0.6583768588887564
    ],
    "same_scale": false,
    "total_branches": [
        1,
        1
    ],
    "same_theta": true,
    "theta": [
        112.64856918023396
    ],
    "phi": 28.960189288912538,
    "same_material": false,
    "r": [
        0.6024878782178742,
        0.35038718126157564,
        0.9229100509872648
    ],
    "g": [
        0.15301015873586854,
        0.6635567626057475,
        0.9773383889992695
    ],
    "b": [
        0.8439436283874089,
        0.053170635641578645,
        0.10491768102857513
    ],
    "a": [
        0.732305159040256,
        0.8472569497338995,
        0.8723748460372709
    ],
    "metallic": [
        0.36059953349290463,
        0.6015640997702673,
        0.8955146717025326
    ],
    "smoothness": [
        0.3058367512375405,
        0.1130226699504101,
        0.9505784528365621
    ],
    "DirectionalLightTheta": 18.64459307588824,
    "DirectionalLightIntensity": 0.5194070008378764,
    "totalPointLights": 6,
    "PointLightsRadius": [
        18.04984044719979,
        7.235406840771792,
        16.45427336101063,
        6.051277912512818,
        9.002124451948777,
        12.103463886681041
    ],
    "PointLightsPhi": [
        235.71024002625194,
        87.43774517573723,
        257.31135030618765,
        243.0309074292796,
        303.7840084281532,
        135.86815689351687
    ],
    "PointLightsTheta": [
        66.16382788964802,
        6.1023254146329675,
        21.68583334621964,
        76.38168298391243,
        66.54646631605405,
        76.87546688650336
    ],
    "PointLightsIntensity": [
        13.669814414524495,
        16.0319188824515,
        9.665232462108623,
        16.058651086237088,
        14.888734795809414,
        11.512562956382364
    ],
    "PointLightsRange": [
        15.792065519084952,
        24.555380285310516,
        19.42265076380494,
        14.745945196096184,
        13.74661839219959,
        6.919062429834806
    ],
    "PointLightsColor_r": [
        0.10430143624723975,
        0.10430143624723975,
        0.10430143624723975,
        0.10430143624723975,
        0.10430143624723975,
        0.10430143624723975
    ],
    "PointLightsColor_g": [
        0.6871852036375706,
        0.6871852036375706,
        0.6871852036375706,
        0.6871852036375706,
        0.6871852036375706,
        0.6871852036375706
    ],
    "PointLightsColor_b": [
        0.01811163305360297,
        0.01811163305360297,
        0.01811163305360297,
        0.01811163305360297,
        0.01811163305360297,
        0.01811163305360297
    ],
    "PointLightsColor_a": [
        0.7360804968139327,
        0.7360804968139327,
        0.7360804968139327,
        0.7360804968139327,
        0.7360804968139327,
        0.7360804968139327
    ],
    "same_PointLightsColor": true,
    "totalSpotLights": 4,
    "SpotLightsRadius": [
        5.703441927559628,
        16.750962264855573,
        15.181162429910124,
        16.133063289654437
    ],
    "SpotLightsPhi": [
        65.3740709788535,
        13.160682316636994,
        130.30589957025126,
        237.6062294801469
    ],
    "SpotLightsTheta": [
        53.433779356181624,
        6.326640250695736,
        1.0542803757175634,
        20.77043396761695
    ],
    "SpotLightsIntensity": [
        13.810197045131488,
        14.101708005536878,
        10.793542985285464,
        11.511078501337158
    ],
    "SpotLightsRange": [
        24.940114453528363,
        13.6298911835385,
        22.3237407101298,
        5.273549866140388
    ],
    "SpotLightsColor_r": [
        0.4694847034952613,
        0.4694847034952613,
        0.4694847034952613,
        0.4694847034952613
    ],
    "SpotLightsColor_g": [
        0.8485937617125281,
        0.8485937617125281,
        0.8485937617125281,
        0.8485937617125281
    ],
    "SpotLightsColor_b": [
        0.5529653387265574,
        0.5529653387265574,
        0.5529653387265574,
        0.5529653387265574
    ],
    "SpotLightsColor_a": [
        0.9774847446568997,
        0.9774847446568997,
        0.9774847446568997,
        0.9774847446568997
    ],
    "same_SpotLightsColor": true,
    "SpotAngle": [
        55.20319401838566,
        9.739715332292189,
        97.89016008610253,
        53.367450234658406
    ]
}