{
    "CameraRes_width": 520,
    "CameraRes_height": 520,
    "Camera_FieldofView": 80,
    "CameraRadius": 10.0,
    "CameraTheta": 60.79950909837266,
    "CameraPhi": 200.5769146840301,
    "CameraVerticalOffset": 0,
    "total_cuboids": 2,
    "scale": [
        0.5850115300300138,
        2.3828662216878818
    ],
    "same_scale": false,
    "total_branches": [
        1
    ],
    "same_theta": true,
    "theta": [
        37.58930195262861
    ],
    "phi": 300.0255562111882,
    "same_material": false,
    "r": [
        0.9384550032302539,
        0.7499659047185757
    ],
    "g": [
        0.3979812957422654,
        0.3972288690324248
    ],
    "b": [
        0.316041226082859,
        0.11121079684041624
    ],
    "a": [
        0.9520977846906407,
        0.8989983881926888
    ],
    "metallic": [
        0.22205865957754167,
        0.4088232279250198
    ],
    "smoothness": [
        0.860304403507088,
        0.435919833134919
    ],
    "DirectionalLightTheta": 9.090069291205761,
    "DirectionalLightIntensity": 0.2759058462459755,
    "totalPointLights": 8,
    "PointLightsRadius": [
        17.91245407679736,
        5.011115599856238,
        15.035368308842184,
        11.687131773927863,
        16.78155760315232,
        5.217855677428754,
        6.725278468246314,
        17.962813295178197
    ],
    "PointLightsPhi": [
        263.2657984466749,
        253.38268704575393,
        73.31184678502632,
        189.8364623448583,
        285.9097536823859,
        277.09396720966896,
        196.55227438924234,
        307.51842545244057
    ],
    "PointLightsTheta": [
        53.4008518760751,
        69.18845353378342,
        79.68888329057269,
        26.176178504207446,
        57.29042501460008,
        3.516880763717971,
        69.36557399801556,
        84.47599484462968
    ],
    "PointLightsIntensity": [
        8.895782686672584,
        16.29580854435346,
        15.671315575899408,
        16.95508870608198,
        10.303361135349963,
        13.795456066702577,
        12.165673279367411,
        15.088390612934218
    ],
    "PointLightsRange": [
        21.682019230860174,
        18.93669116914432,
        8.089061324258285,
        9.143691257466088,
        5.85158331285043,
        8.243682997461752,
        16.316751214061505,
        21.678910960921414
    ],
    "PointLightsColor_r": [
        0.23374681156338994,
        0.27669439250687033,
        0.9207291394014213,
        0.9785857485018316,
        0.9849760933275243,
        0.07297821033227692,
        0.6109830094230876,
        0.37561296490278984
    ],
    "PointLightsColor_g": [
        0.1375242377381315,
        0.900648423767074,
        0.07340972602263418,
        0.3381762016089408,
        0.7777600176899424,
        0.4474351538654968,
        0.9931638577923263,
        0.6597082290319419
    ],
    "PointLightsColor_b": [
        0.3601814142506048,
        0.5731431799145161,
        0.5872671404651483,
        0.07069085303029587,
        0.4076205543510837,
        0.5509098948456026,
        0.317105576188919,
        0.9612736679167869
    ],
    "PointLightsColor_a": [
        0.7990467630855731,
        0.7602952844049948,
        0.6122484476292559,
        0.5784887824651326,
        0.8938595306980281,
        0.9564651567348739,
        0.9079868172824822,
        0.9071012564073457
    ],
    "same_PointLightsColor": false,
    "totalSpotLights": 3,
    "SpotLightsRadius": [
        19.992186782936933,
        16.325505331432943,
        14.304232502353425
    ],
    "SpotLightsPhi": [
        70.18031772482162,
        312.58481352816665,
        171.87480487475457
    ],
    "SpotLightsTheta": [
        67.59663029811232,
        66.1776398290327,
        82.66532129621591
    ],
    "SpotLightsIntensity": [
        13.81632315023858,
        13.257254371422016,
        11.400562062815318
    ],
    "SpotLightsRange": [
        24.14598035447783,
        22.333261302369113,
        17.155749902699604
    ],
    "SpotLightsColor_r": [
        0.8362097226030073,
        0.8362097226030073,
        0.8362097226030073
    ],
    "SpotLightsColor_g": [
        0.13040346831668492,
        0.13040346831668492,
        0.13040346831668492
    ],
    "SpotLightsColor_b": [
        0.44287108741345815,
        0.44287108741345815,
        0.44287108741345815
    ],
    "SpotLightsColor_a": [
        0.8409156788108452,
        0.8409156788108452,
        0.8409156788108452
    ],
    "same_SpotLightsColor": true,
    "SpotAngle": [
        62.66893166821763,
        88.19990612904026,
        33.32208835616477
    ]
}