{
    "CameraRes_width": 520,
    "CameraRes_height": 520,
    "Camera_FieldofView": 80,
    "CameraRadius": 10.0,
    "CameraTheta": 93.57313095024767,
    "CameraPhi": 221.66082252227375,
    "CameraVerticalOffset": 0,
    "total_cuboids": 3,
    "scale": 2.006387763777734,
    "same_scale": true,
    "total_branches": [
        1,
        1
    ],
    "same_theta": true,
    "theta": [
        20.100682127664896
    ],
    "phi": 191.73185489515373,
    "same_material": false,
    "r": [
        0.2859302408401686,
        0.45697389817445544,
        0.39153620961523483
    ],
    "g": [
        0.6483869460651023,
        0.6516108137311506,
        0.8320531427413068
    ],
    "b": [
        0.6701644891874332,
        0.5883374538703713,
        0.4568182525951
    ],
    "a": [
        0.7146409361414503,
        0.9838618465388662,
        0.7939051122198368
    ],
    "metallic": [
        0.3771047295282447,
        0.7139945462401261,
        0.3837633674958285
    ],
    "smoothness": [
        0.450742179441712,
        0.4007048794095195,
        0.7539187289674182
    ],
    "DirectionalLightTheta": 64.68052991248551,
    "DirectionalLightIntensity": 0.31144655972405977,
    "totalPointLights": 6,
    "PointLightsRadius": [
        5.480132108946438,
        14.395751387275636,
        19.053531817987846,
        5.494765970904345,
        12.871801551322784,
        15.444611254218024
    ],
    "PointLightsPhi": [
        49.389560193062636,
        326.5596920027869,
        211.38931837441356,
        351.9208357370526,
        92.81784890322538,
        273.0081654781201
    ],
    "PointLightsTheta": [
        65.9956701125109,
        83.22669049664395,
        86.77725190712594,
        17.959750466629867,
        37.804364941218864,
        66.75019291321621
    ],
    "PointLightsIntensity": [
        8.570924217936735,
        13.818589483225704,
        15.62534492746542,
        13.159550607660544,
        7.391743259958398,
        10.74865979258292
    ],
    "PointLightsRange": [
        5.537996730479319,
        15.073485676027351,
        18.522092019442272,
        5.826465547823978,
        10.606415611643827,
        5.400951472379427
    ],
    "PointLightsColor_r": [
        0.19287070483310442,
        0.19287070483310442,
        0.19287070483310442,
        0.19287070483310442,
        0.19287070483310442,
        0.19287070483310442
    ],
    "PointLightsColor_g": [
        0.20827615623114915,
        0.20827615623114915,
        0.20827615623114915,
        0.20827615623114915,
        0.20827615623114915,
        0.20827615623114915
    ],
    "PointLightsColor_b": [
        0.971495428797046,
        0.971495428797046,
        0.971495428797046,
        0.971495428797046,
        0.971495428797046,
        0.971495428797046
    ],
    "PointLightsColor_a": [
        0.960266826469701,
        0.960266826469701,
        0.960266826469701,
        0.960266826469701,
        0.960266826469701,
        0.960266826469701
    ],
    "same_PointLightsColor": true,
    "totalSpotLights": 5,
    "SpotLightsRadius": [
        8.019554150652487,
        13.06709615244134,
        8.315328328885494,
        6.078353731862747,
        15.113331765595293
    ],
    "SpotLightsPhi": [
        34.78673531732978,
        9.46803987072316,
        241.27381698989336,
        163.39804493399856,
        111.2189068929397
    ],
    "SpotLightsTheta": [
        1.1909005990677635,
        27.719737994870282,
        23.395333587023792,
        55.8370689255273,
        87.03325113879089
    ],
    "SpotLightsIntensity": [
        12.60230653404717,
        9.189978726200561,
        5.320450495515202,
        14.737753687487704,
        10.904408399374324
    ],
    "SpotLightsRange": [
        11.971621607049553,
        15.322541557702852,
        9.87127548834499,
        11.627627337320764,
        7.413805359034013
    ],
    "SpotLightsColor_r": [
        0.775731930255644,
        0.775731930255644,
        0.775731930255644,
        0.775731930255644,
        0.775731930255644
    ],
    "SpotLightsColor_g": [
        0.8080832009067966,
        0.8080832009067966,
        0.8080832009067966,
        0.8080832009067966,
        0.8080832009067966
    ],
    "SpotLightsColor_b": [
        0.5942675554043807,
        0.5942675554043807,
        0.5942675554043807,
        0.5942675554043807,
        0.5942675554043807
    ],
    "SpotLightsColor_a": [
        0.6271044795884273,
        0.6271044795884273,
        0.6271044795884273,
        0.6271044795884273,
        0.6271044795884273
    ],
    "same_SpotLightsColor": true,
    "SpotAngle": [
        109.68832398994284,
        94.23137159529612,
        77.19054115122945,
        39.38913980351205,
        70.90469199061015
    ]
}