{
    "CameraRes_width": 520,
    "CameraRes_height": 520,
    "Camera_FieldofView": 80,
    "CameraRadius": 10.0,
    "CameraTheta": 80.86698490948486,
    "CameraPhi": 105.75129790342208,
    "CameraVerticalOffset": 0,
    "total_cuboids": 3,
    "scale": [
        1.1550772368467417,
        1.7048992533512215,
        3.879940860610113
    ],
    "same_scale": false,
    "total_branches": [
        1,
        1
    ],
    "same_theta": true,
    "theta": [
        46.32056688917845
    ],
    "phi": 102.71249552191485,
    "same_material": true,
    "r": 0.3766120087913615,
    "g": 0.65776990685139,
    "b": 0.027685062592493703,
    "a": 0.5477744863187655,
    "metallic": 0.08198197685306441,
    "smoothness": 0.8027827987115704,
    "DirectionalLightTheta": 1.1067564856122236,
    "DirectionalLightIntensity": 0.858580526768187,
    "totalPointLights": 7,
    "PointLightsRadius": [
        7.524205537373474,
        10.705733915457927,
        9.646924420296106,
        12.090904142927211,
        17.014165961380495,
        8.120046623557835,
        7.908683827367566
    ],
    "PointLightsPhi": [
        304.5885019811372,
        226.2015755471457,
        110.20443016850365,
        202.35166176569103,
        205.49839833809324,
        60.696906071702976,
        292.91710858192477
    ],
    "PointLightsTheta": [
        40.234967907206574,
        74.25400228968378,
        62.49828276239857,
        31.69439635154821,
        49.09840208186748,
        9.988746539033928,
        58.249467944253055
    ],
    "PointLightsIntensity": [
        11.218224108720012,
        7.75004471760659,
        14.36642358084477,
        14.351581411311006,
        7.770007193786179,
        15.826178118146874,
        13.21539154810337
    ],
    "PointLightsRange": [
        15.933822709498,
        9.1475060315189,
        14.649334657412007,
        21.770127388917217,
        6.959740931370724,
        22.526124869711147,
        21.431541225986102
    ],
    "PointLightsColor_r": [
        0.6313787678427201,
        0.6313787678427201,
        0.6313787678427201,
        0.6313787678427201,
        0.6313787678427201,
        0.6313787678427201,
        0.6313787678427201
    ],
    "PointLightsColor_g": [
        0.8340412695014437,
        0.8340412695014437,
        0.8340412695014437,
        0.8340412695014437,
        0.8340412695014437,
        0.8340412695014437,
        0.8340412695014437
    ],
    "PointLightsColor_b": [
        0.365204805103269,
        0.365204805103269,
        0.365204805103269,
        0.365204805103269,
        0.365204805103269,
        0.365204805103269,
        0.365204805103269
    ],
    "PointLightsColor_a": [
        0.6189471949869799,
        0.6189471949869799,
        0.6189471949869799,
        0.6189471949869799,
        0.6189471949869799,
        0.6189471949869799,
        0.6189471949869799
    ],
    "same_PointLightsColor": true,
    "totalSpotLights": 3,
    "SpotLightsRadius": [
        11.21710675424331,
        19.695842289661613,
        8.957297005496963
    ],
    "SpotLightsPhi": [
        112.04081449459495,
        285.6409357162317,
        220.99653919764185
    ],
    "SpotLightsTheta": [
        62.734751911813625,
        56.85666428002486,
        79.87841228893969
    ],
    "SpotLightsIntensity": [
        6.852648841712479,
        12.059325940106545,
        11.636656079884562
    ],
    "SpotLightsRange": [
        6.330797777984851,
        20.140837314161978,
        5.981694998705227
    ],
    "SpotLightsColor_r": [
        0.7062739156621338,
        0.7062739156621338,
        0.7062739156621338
    ],
    "SpotLightsColor_g": [
        0.5520744016220342,
        0.5520744016220342,
        0.5520744016220342
    ],
    "SpotLightsColor_b": [
        0.8578899767283698,
        0.8578899767283698,
        0.8578899767283698
    ],
    "SpotLightsColor_a": [
        0.9460878699100332,
        0.9460878699100332,
        0.9460878699100332
    ],
    "same_SpotLightsColor": true,
    "SpotAngle": [
        99.15916378282456,
        41.18292577927511,
        24.24568452970525
    ]
}