{
    "CameraRes_width": 520,
    "CameraRes_height": 520,
    "Camera_FieldofView": 80,
    "CameraRadius": 10.0,
    "CameraTheta": 71.22386516669127,
    "CameraPhi": 90.49730601339401,
    "CameraVerticalOffset": 0,
    "total_cuboids": 3,
    "scale": [
        2.258255778158099,
        1.6307056541107534,
        2.8043858344858434
    ],
    "same_scale": false,
    "total_branches": [
        1,
        1
    ],
    "same_theta": false,
    "theta": [
        42.82256860661717,
        16.83487751160061
    ],
    "phi": 250.04892169921342,
    "same_material": true,
    "r": 0.08062122001499006,
    "g": 0.05772766626292947,
    "b": 0.8572829312465327,
    "a": 0.7903939079844249,
    "metallic": 0.7576250975018434,
    "smoothness": 0.7973040250985347,
    "DirectionalLightTheta": 49.673618707100744,
    "DirectionalLightIntensity": 0.7868701500108185,
    "totalPointLights": 7,
    "PointLightsRadius": [
        13.59942226357994,
        10.59552944089115,
        13.349745239967435,
        17.388646109764935,
        5.448629452460695,
        14.086107591284375,
        19.14404797583302
    ],
    "PointLightsPhi": [
        329.5554173332531,
        172.48462213941934,
        263.73265675548544,
        51.56565656332096,
        252.47256270287428,
        209.9380091610705,
        246.3184015654236
    ],
    "PointLightsTheta": [
        83.51966921504682,
        69.09760899139906,
        76.09241974320406,
        23.358463809980616,
        27.871981406700012,
        1.5264096962341733,
        87.00966091940418
    ],
    "PointLightsIntensity": [
        13.18244608870825,
        7.58808975293814,
        10.16996418515875,
        8.645948719417827,
        13.020728866631114,
        14.600908145235625,
        8.016830278925246
    ],
    "PointLightsRange": [
        15.50911715319771,
        23.34058063578841,
        5.9306837074533,
        8.735602052692022,
        19.175759095566526,
        20.563778093484302,
        18.196350790491547
    ],
    "PointLightsColor_r": [
        0.38004526624599866,
        0.38004526624599866,
        0.38004526624599866,
        0.38004526624599866,
        0.38004526624599866,
        0.38004526624599866,
        0.38004526624599866
    ],
    "PointLightsColor_g": [
        0.3301568736322893,
        0.3301568736322893,
        0.3301568736322893,
        0.3301568736322893,
        0.3301568736322893,
        0.3301568736322893,
        0.3301568736322893
    ],
    "PointLightsColor_b": [
        0.6765452476480961,
        0.6765452476480961,
        0.6765452476480961,
        0.6765452476480961,
        0.6765452476480961,
        0.6765452476480961,
        0.6765452476480961
    ],
    "PointLightsColor_a": [
        0.9041731781237248,
        0.9041731781237248,
        0.9041731781237248,
        0.9041731781237248,
        0.9041731781237248,
        0.9041731781237248,
        0.9041731781237248
    ],
    "same_PointLightsColor": true,
    "totalSpotLights": 3,
    "SpotLightsRadius": [
        8.277434981902775,
        19.33736237961739,
        15.646884481071353
    ],
    "SpotLightsPhi": [
        139.82616095801316,
        162.25396443404304,
        334.6541061275103
    ],
    "SpotLightsTheta": [
        47.304065246842036,
        10.924517653392193,
        19.048137413465263
    ],
    "SpotLightsIntensity": [
        12.006811346728291,
        12.589999908668748,
        6.234561141164924
    ],
    "SpotLightsRange": [
        22.215924635362537,
        10.861074317145249,
        17.41518702525947
    ],
    "SpotLightsColor_r": [
        0.10977627132965784,
        0.10977627132965784,
        0.10977627132965784
    ],
    "SpotLightsColor_g": [
        0.9382936082148404,
        0.9382936082148404,
        0.9382936082148404
    ],
    "SpotLightsColor_b": [
        0.7185973054786536,
        0.7185973054786536,
        0.7185973054786536
    ],
    "SpotLightsColor_a": [
        0.7411712785191023,
        0.7411712785191023,
        0.7411712785191023
    ],
    "same_SpotLightsColor": true,
    "SpotAngle": [
        82.67648343002531,
        105.5855853822666,
        23.094468936728052
    ]
}