{"CameraRes_width": 520, "CameraRes_height": 520, "Camera_FieldofView": 80, "CameraRadius": 10.0, "CameraTheta": 74.30505534388578, "CameraPhi": 11.587710054698768, "CameraVerticalOffset": 0, "totalSegments": 2, "scale": 3.1097351494351244, "same_scale": true, "totalArms_Segment": [2], "same_theta": false, "theta": [37.853533674743275], "phi": 89.76543299948868, "same_material": true, "r": 0.4118702671834308, "g": 0.9755736318058378, "b": 0.24066515091349938, "a": 0.7944828307060664, "metallic": 0.8704026096666095, "smoothness": 0.014215708879052213, "DirectionalLightTheta": 3.7028987571953387, "DirectionalLightIntensity": 0.2441495728721526, "totalPointLights": 10, "PointLightsRadius": [9.300871402041683, 12.657122155797921, 16.889616242823145, 18.75376277160875, 8.245640619691796, 8.998503458732813, 8.825272668561968, 5.675777963030542, 6.056766623241408, 7.849115045128157], "PointLightsPhi": [96.22130439497765, 110.39396352374989, 346.05114196764225, 127.49907147734415, 289.09452736679634, 261.2613191897848, 130.8232281697774, 271.3073142830606, 331.2251075574776, 9.690155043978187], "PointLightsTheta": [15.450111471082781, 62.13041361040184, 36.1403711921796, 26.8641370987799, 45.12455329210154, 30.250739949598575, 33.580102626835284, 79.95982279069774, 11.49416247083023, 0.47906848478183606], "PointLightsIntensity": [9.030658201664492, 12.628540191174505, 13.977635503578693, 10.871055842323917, 10.125545302097551, 9.502577669060852, 15.426874841413742, 13.808722959487033, 14.950000579148291, 13.544193271260095], "PointLightsRange": [7.95057472017252, 16.1588609835784, 15.179786895088442, 15.641118863968195, 6.773828875881753, 6.394221315542827, 19.039561574888676, 14.805333318931023, 22.423153868261323, 5.3804070568844615], "PointLightsColor_r": [0.29284638966435084, 0.0692528504747385, 0.48701438280246734, 0.1775361701933399, 0.001005138728512045, 0.5861686224918025, 0.2643664483868353, 0.22880272383499078, 0.5726007962340874, 0.5337876764678827], "PointLightsColor_g": [0.25335037165496554, 0.7118563988933913, 0.45141647131142915, 0.945964004911903, 0.539441299680763, 0.8692353935052255, 0.7648729009769863, 0.7508455259921782, 0.9587586194057449, 0.8679339492209487], "PointLightsColor_b": [0.010134186119427624, 0.7221268092594263, 0.9759203010026656, 0.6961063781799404, 0.9077183061044864, 0.5679162273829028, 0.11665658479071173, 0.3186153148817813, 0.787802240144872, 0.9238431967525469], "PointLightsColor_a": [0.6706230203307244, 0.6276504631481539, 0.9309598085077447, 0.9835671572088456, 0.679408033119402, 0.8228399036299392, 0.9102267121181067, 0.5575724901514603, 0.6385408878042822, 0.6994937857749269], "same_PointLightsColor": false, "totalSpotLights": 0, "SpotLightsRadius": null, "SpotLightsPhi": null, "SpotLightsTheta": null, "SpotLightsIntensity": null, "SpotLightsRange": null, "SpotLightsColor_r": null, "SpotLightsColor_g": null, "SpotLightsColor_b": null, "SpotLightsColor_a": null, "same_SpotLightsColor": null, "SpotAngle": null}