{"CameraRes_width": 520, "CameraRes_height": 520, "Camera_FieldofView": 80, "CameraRadius": 10.0, "CameraTheta": 8.609430936015105, "CameraPhi": 135.72176814987185, "CameraVerticalOffset": 0, "totalSegments": 9, "scale": [0.8987038127820013, 3.9456397233503866, 3.4803284331436286, 3.7808846998870482, 1.17169933140032, 1.1364610028514637, 0.5784945980231921, 3.490903334561115, 3.328875926489699], "same_scale": false, "totalArms_Segment": [1, 1, 2, 1, 1, 1, 1, 1], "same_theta": true, "theta": [38.65896016182419], "phi": 44.86996316760725, "same_material": false, "r": [0.13085190759084353, 0.013898503663378414, 0.13011699221112882, 0.6579397128353247, 0.41485304364204234, 0.8473884242091676, 0.2938457260190739, 0.01826588359749859, 0.3257451841759298], "g": [0.9784075185426226, 0.7890650073633724, 0.06275621347803761, 0.7494710822640738, 0.2825476492022948, 0.1654362361085192, 0.9554674208575727, 0.7239507500934275, 0.4617956906543679], "b": [0.9456038314635623, 0.7161793936770228, 0.09320142364454354, 0.6413650806073479, 0.7028028627755663, 0.877252552732312, 0.2789477876033024, 0.563318159954655, 0.37455986788840523], "a": [0.6342032151958805, 0.9850994603613967, 0.7447494572148252, 0.9546296359321268, 0.9086892368732453, 0.7357472450635317, 0.6091577402663622, 0.8600842109924911, 0.8940319277140247], "metallic": [0.36209793454755257, 0.5463110502070281, 0.5582752538653738, 0.441198887283176, 0.10153785014241201, 0.8440107258715437, 0.03601821756966184, 0.1659503081917153, 0.7396133507683839], "smoothness": [0.7849235807759106, 0.5268143378386978, 0.1844255248274027, 0.4875894053522182, 0.8493615716279963, 0.5568951035588725, 0.14400511381213144, 0.512423391802128, 0.3002775713225285], "DirectionalLightTheta": 30.148152897711505, "DirectionalLightIntensity": 0.6839663231235384, "totalPointLights": 9, "PointLightsRadius": [16.212364364360525, 7.257412385972768, 18.075976692428547, 6.685427590879976, 14.82088753667606, 12.253653809381351, 10.00695758308367, 12.49596181580802, 6.190753682576478], "PointLightsPhi": [224.23186730729338, 150.1245065836899, 305.9743733244459, 217.01848868255593, 293.2519133408176, 352.31157451000234, 249.53502913174708, 25.910605065153298, 175.4993035031651], "PointLightsTheta": [87.81916502264217, 46.99636910159438, 84.78269907851302, 83.58797117582233, 39.86106036322253, 25.448615580520585, 7.116007330199453, 16.736921734460317, 59.101730951840146], "PointLightsIntensity": [11.945939139768353, 15.430079937186019, 15.90356637641471, 10.895714166142213, 13.734078336947169, 7.1515337643004795, 15.151788221735151, 15.900606745113087, 16.796115021203597], "PointLightsRange": [12.61394152242307, 22.51305768925359, 24.745134638386702, 20.455539100798674, 13.779993269522397, 21.25146538547302, 9.51331157922728, 13.38919629480053, 21.096507272569962], "PointLightsColor_r": [0.20319708814586301, 0.6055816967414103, 0.7917376363417972, 0.2627894666770648, 0.7285377245672955, 0.2815511117233369, 0.13067553557135603, 0.7173969529886726, 0.7451699147506279], "PointLightsColor_g": [0.19580777453663767, 0.7038489329385892, 0.5365648053255806, 0.677207282018799, 0.45356362908285275, 0.06659034214690585, 0.1180590613060698, 0.20035650332586874, 0.183076965915124], "PointLightsColor_b": [0.6498502189502425, 0.9883609057835517, 0.798302636170216, 0.7521756567280625, 0.5755327323773539, 0.186731283815754, 0.3344945609457155, 0.9242492277927219, 0.026235337470292053], "PointLightsColor_a": [0.9710751594888765, 0.7155768855907749, 0.5148911674508148, 0.6099843082648755, 0.921979556172637, 0.7100449217714899, 0.6709611901957108, 0.9614347430130068, 0.7780916049936221], "same_PointLightsColor": false, "totalSpotLights": 0, "SpotLightsRadius": null, "SpotLightsPhi": null, "SpotLightsTheta": null, "SpotLightsIntensity": null, "SpotLightsRange": null, "SpotLightsColor_r": null, "SpotLightsColor_g": null, "SpotLightsColor_b": null, "SpotLightsColor_a": null, "same_SpotLightsColor": null, "SpotAngle": null}