{"CameraRes_width": 520, "CameraRes_height": 520, "Camera_FieldofView": 80, "CameraRadius": 10.0, "CameraTheta": 69.39953393633407, "CameraPhi": 3.1480743855673454, "CameraVerticalOffset": 0, "totalSegments": 9, "scale": [3.5840836452157854, 1.98791907252102, 1.068720120019021, 3.973509060899568, 2.5620884596615516, 1.9397861114802575, 1.1440934306172608, 3.0301522204655056, 0.8917699543325726], "same_scale": false, "totalArms_Segment": [1, 1, 1, 2, 1, 1, 1, 1], "same_theta": true, "theta": [11.675281699454185], "phi": 179.47912859395842, "same_material": true, "r": 0.19509655541647763, "g": 0.8266693443512173, "b": 0.9273660253300935, "a": 0.605967232970569, "metallic": 0.11481481522082237, "smoothness": 0.5989030993187735, "DirectionalLightTheta": 18.53758709451372, "DirectionalLightIntensity": 1.626038289612231, "totalPointLights": 11, "PointLightsRadius": [8.273394253468418, 8.245120716945404, 15.273396344271767, 8.087733890723106, 12.398084577445522, 15.97379931065022, 12.255665077283803, 14.041486044201342, 11.02612700740298, 19.389594372253477, 18.134456576936945], "PointLightsPhi": [132.00799166124753, 188.97690723262144, 354.0251006398669, 123.33087459848632, 252.9543837634995, 326.6003252896976, 125.57543680135726, 320.6882042114496, 3.5273088242495776, 258.76757872948946, 318.25213688546495], "PointLightsTheta": [75.5584033170319, 45.91172256633306, 26.63538707131661, 71.44123912198498, 29.010458518441517, 86.1794167521096, 60.313668162263845, 48.62815891206483, 10.273134458508972, 68.04623643618889, 80.20916047781286], "PointLightsIntensity": [12.083610087116176, 13.732469343094948, 16.197783521710384, 15.804248755286752, 16.685718949943997, 9.095970215856, 15.14907708950107, 7.794995473025192, 14.000781671398167, 11.751164776020639, 16.775513481438473], "PointLightsRange": [11.205110058108454, 13.887555391210395, 6.750985709046615, 23.233537773655346, 7.397383428290796, 16.015757570979343, 23.0624078099491, 22.553099448465897, 6.1771008690773215, 19.86582371810117, 21.157728740128693], "PointLightsColor_r": [0.589410524936362, 0.589410524936362, 0.589410524936362, 0.589410524936362, 0.589410524936362, 0.589410524936362, 0.589410524936362, 0.589410524936362, 0.589410524936362, 0.589410524936362, 0.589410524936362], "PointLightsColor_g": [0.9149250840754937, 0.9149250840754937, 0.9149250840754937, 0.9149250840754937, 0.9149250840754937, 0.9149250840754937, 0.9149250840754937, 0.9149250840754937, 0.9149250840754937, 0.9149250840754937, 0.9149250840754937], "PointLightsColor_b": [0.45638556536539476, 0.45638556536539476, 0.45638556536539476, 0.45638556536539476, 0.45638556536539476, 0.45638556536539476, 0.45638556536539476, 0.45638556536539476, 0.45638556536539476, 0.45638556536539476, 0.45638556536539476], "PointLightsColor_a": [0.6016271985585415, 0.6016271985585415, 0.6016271985585415, 0.6016271985585415, 0.6016271985585415, 0.6016271985585415, 0.6016271985585415, 0.6016271985585415, 0.6016271985585415, 0.6016271985585415, 0.6016271985585415], "same_PointLightsColor": true, "totalSpotLights": 0, "SpotLightsRadius": null, "SpotLightsPhi": null, "SpotLightsTheta": null, "SpotLightsIntensity": null, "SpotLightsRange": null, "SpotLightsColor_r": null, "SpotLightsColor_g": null, "SpotLightsColor_b": null, "SpotLightsColor_a": null, "same_SpotLightsColor": null, "SpotAngle": null}