{"CameraRes_width": 520, "CameraRes_height": 520, "Camera_FieldofView": 80, "CameraRadius": 10.0, "CameraTheta": 22.05069128931816, "CameraPhi": 305.84123444821546, "CameraVerticalOffset": 0, "totalSegments": 9, "scale": [0.6350346582979556, 1.6353397928779625, 3.1813636178237052, 2.313165737842411, 1.1278995063070738, 0.8771729354734313, 2.36451766177798, 3.017965490679405, 3.4243270726979156], "same_scale": false, "totalArms_Segment": [1, 1, 1, 1, 1, 1, 1, 1], "same_theta": false, "theta": [24.023256842157352, 20.96759979774694, 3.497360005489707, 10.79471305438943, 7.7751680020112035, 29.28661660660419, 7.770483352424886, 6.780533602579086], "phi": 17.521088196403774, "same_material": false, "r": [0.9823551314221056, 0.2926494855771091, 0.5948102584160732, 0.14636543783107514, 0.09929266342191478, 0.13381406838394483, 0.5718613398562176, 0.7733464530398277, 0.16040524696422964], "g": [0.842599856602524, 0.9747308616638282, 0.9119204217182285, 0.7203827009268251, 0.044418343522263926, 0.05637421613697002, 0.928730567093985, 0.4741592634261378, 0.13621304580985727], "b": [0.1896862818811702, 0.25237283757005513, 0.8160861775308453, 0.8083672631295684, 0.5435728533965979, 0.8497420331949394, 0.27693533009258187, 0.8433878610650966, 0.5534703782188634], "a": [0.5914472678227656, 0.8222144016420072, 0.5146424562345964, 0.7704063743540821, 0.6842428503561211, 0.6655296380965694, 0.8887900797990566, 0.5658126261416216, 0.9222595434500138], "metallic": [0.8814258548952315, 0.8016847483930218, 0.3795649865674262, 0.3209568427919137, 0.6186248551759773, 0.06420171211453751, 0.2817061009320525, 0.37581658505039117, 0.4353586712209705], "smoothness": [0.5772966671949246, 0.2766708849826365, 0.48382183970684034, 0.429529929294135, 0.2636804929950596, 0.015365182433711433, 0.27976569063334844, 0.33118534826896273, 0.6306370811408198], "DirectionalLightTheta": 39.118198005116916, "DirectionalLightIntensity": 0.7712489860196918, "totalPointLights": 8, "PointLightsRadius": [8.236730210127552, 15.733202458152645, 8.066801838990967, 12.88601865854568, 16.52081863102864, 16.056868398375634, 7.3782586954440275, 7.62512910314788], "PointLightsPhi": [262.4691844153342, 44.984693614481344, 108.18341914745452, 347.2706509888887, 54.99198173821555, 211.92671560450722, 38.23474743705785, 255.26445865796506], "PointLightsTheta": [41.554513405578, 75.02160878161035, 47.6497001495512, 0.9414969385148875, 69.16169478582003, 55.83624939545465, 35.465494783988866, 6.202596572117959], "PointLightsIntensity": [16.792546619543515, 15.311617579878432, 10.873845751139797, 16.019924641932263, 15.373306829406864, 10.294198574021259, 10.851098835468585, 15.097325710766821], "PointLightsRange": [7.254171107432441, 10.313972313058134, 21.817719491547166, 19.221002521019077, 16.597182414920354, 23.031057185758073, 24.769157700738912, 6.244451464827748], "PointLightsColor_r": [0.9222716486761259, 0.3256371313505614, 0.12585023215827484, 0.9416717090001225, 0.5745134569333767, 0.17047217473606824, 0.009520742081882805, 0.24409134069224947], "PointLightsColor_g": [0.04513268596096076, 0.6546142181527514, 0.07875998830428377, 0.518136229395851, 0.327187231111563, 0.209762143027865, 0.12098001911336298, 0.2346949641756636], "PointLightsColor_b": [0.6670245358584177, 0.7423496424350702, 0.45066908782789117, 0.7416491947527936, 0.20782470059726232, 0.4815001156216764, 0.9601491180643807, 0.11329756556304238], "PointLightsColor_a": [0.9582109724865965, 0.8137617826382177, 0.5706260356690326, 0.9452930220295248, 0.5300937497463059, 0.6599361333820327, 0.708885993371234, 0.5909648133324698], "same_PointLightsColor": false, "totalSpotLights": 0, "SpotLightsRadius": null, "SpotLightsPhi": null, "SpotLightsTheta": null, "SpotLightsIntensity": null, "SpotLightsRange": null, "SpotLightsColor_r": null, "SpotLightsColor_g": null, "SpotLightsColor_b": null, "SpotLightsColor_a": null, "same_SpotLightsColor": null, "SpotAngle": null}