{"CameraRes_width": 520, "CameraRes_height": 520, "Camera_FieldofView": 80, "CameraRadius": 10.0, "CameraTheta": 39.82141451399469, "CameraPhi": 166.4831735650394, "CameraVerticalOffset": 0, "totalSegments": 11, "scale": [1.886773452332941, 3.5849562795741665, 0.5139703012265386, 3.2284015985800396, 2.3445566655714014, 2.1586073724025177, 1.8055352396301818, 1.2515805957334922, 1.6719365080001367, 1.2274958273439511, 1.210813494380881], "same_scale": false, "totalArms_Segment": [1, 1, 1, 1, 1, 1, 1, 1, 1, 1], "same_theta": false, "theta": [20.274423281279034, 30.19870212840961, 0.11072138852905185, 8.97498039215797, 28.986014344129103, 28.315854405183646, 28.29104142083694, 6.956553653334312, 31.10743467279495, 11.795121301606281], "phi": 111.32923875338918, "same_material": true, "r": 0.9406755859156922, "g": 0.4593639623258374, "b": 0.005886527731919444, "a": 0.7008232253410196, "metallic": 0.9425299730927643, "smoothness": 0.950344361129092, "DirectionalLightTheta": 19.158063755532822, "DirectionalLightIntensity": 0.9937509914417971, "totalPointLights": 7, "PointLightsRadius": [14.732033655591923, 7.23979379428927, 9.16875103266986, 14.934794640439671, 9.905609471461954, 19.13317664861216, 9.270158808002549], "PointLightsPhi": [184.96306990653247, 178.23668272016565, 224.3000719704061, 69.36112773556381, 285.0377409681144, 86.87096081050383, 6.621662429464572], "PointLightsTheta": [83.99040773043069, 58.27937694697789, 55.40858053159466, 16.42166382248785, 57.59197049881939, 82.94457590286775, 9.411874263714775], "PointLightsIntensity": [14.367070087905107, 12.149144943923913, 13.357163708062037, 16.96509876469453, 8.712845777031799, 7.049699677153342, 8.034501138284183], "PointLightsRange": [9.192758670996339, 14.316106546647429, 24.940544407387772, 16.32474816728405, 21.70491021388009, 15.417235344906903, 24.812994026066793], "PointLightsColor_r": [0.008029056987643557, 0.008029056987643557, 0.008029056987643557, 0.008029056987643557, 0.008029056987643557, 0.008029056987643557, 0.008029056987643557], "PointLightsColor_g": [0.5662932740648932, 0.5662932740648932, 0.5662932740648932, 0.5662932740648932, 0.5662932740648932, 0.5662932740648932, 0.5662932740648932], "PointLightsColor_b": [0.3217832796596283, 0.3217832796596283, 0.3217832796596283, 0.3217832796596283, 0.3217832796596283, 0.3217832796596283, 0.3217832796596283], "PointLightsColor_a": [0.961760029784579, 0.961760029784579, 0.961760029784579, 0.961760029784579, 0.961760029784579, 0.961760029784579, 0.961760029784579], "same_PointLightsColor": true, "totalSpotLights": 0, "SpotLightsRadius": null, "SpotLightsPhi": null, "SpotLightsTheta": null, "SpotLightsIntensity": null, "SpotLightsRange": null, "SpotLightsColor_r": null, "SpotLightsColor_g": null, "SpotLightsColor_b": null, "SpotLightsColor_a": null, "same_SpotLightsColor": null, "SpotAngle": null}