{"CameraRes_width": 520, "CameraRes_height": 520, "Camera_FieldofView": 80, "CameraRadius": 10.0, "CameraTheta": 95.13703214099178, "CameraPhi": 284.5237464128667, "CameraVerticalOffset": 0, "totalSegments": 6, "scale": 1.6005985987043794, "same_scale": true, "totalArms_Segment": [1, 1, 1, 1, 1], "same_theta": true, "theta": [55.19480703396913], "phi": 274.00073402451613, "same_material": true, "r": 0.6009738552321522, "g": 0.5446657830863596, "b": 0.9424654163177185, "a": 0.923323489853343, "metallic": 0.5936335882498139, "smoothness": 0.30341079065943144, "DirectionalLightTheta": 40.896074893648205, "DirectionalLightIntensity": 1.1046302160977928, "totalPointLights": 8, "PointLightsRadius": [17.498524761248596, 8.755378981648754, 18.59065224050603, 15.861268088648632, 11.907916928862718, 9.189362793102063, 9.114047344328704, 10.611989813315759], "PointLightsPhi": [246.79938692684573, 174.12125855109542, 217.84086051782992, 100.14019008181668, 313.4224167026076, 128.47555701773524, 59.05148069776188, 179.43703626334712], "PointLightsTheta": [56.19705480443182, 42.64887553783381, 79.52975782786272, 37.36672511226421, 13.524103704848669, 84.60105823498112, 32.36780622218714, 38.303688820792736], "PointLightsIntensity": [7.14733120031838, 8.331375732347759, 11.68266862119927, 7.427796269898948, 7.161739431814427, 16.339611733959018, 8.707676489664944, 13.082738636840963], "PointLightsRange": [15.242020827922222, 5.705628838683012, 6.179505993091627, 5.087033289018132, 7.725052643596754, 20.961211319257075, 12.171398423832942, 24.224752148077705], "PointLightsColor_r": [0.45378998864449815, 0.45378998864449815, 0.45378998864449815, 0.45378998864449815, 0.45378998864449815, 0.45378998864449815, 0.45378998864449815, 0.45378998864449815], "PointLightsColor_g": [0.022860740281128278, 0.022860740281128278, 0.022860740281128278, 0.022860740281128278, 0.022860740281128278, 0.022860740281128278, 0.022860740281128278, 0.022860740281128278], "PointLightsColor_b": [0.9121984011996749, 0.9121984011996749, 0.9121984011996749, 0.9121984011996749, 0.9121984011996749, 0.9121984011996749, 0.9121984011996749, 0.9121984011996749], "PointLightsColor_a": [0.578351072799676, 0.578351072799676, 0.578351072799676, 0.578351072799676, 0.578351072799676, 0.578351072799676, 0.578351072799676, 0.578351072799676], "same_PointLightsColor": true, "totalSpotLights": 0, "SpotLightsRadius": null, "SpotLightsPhi": null, "SpotLightsTheta": null, "SpotLightsIntensity": null, "SpotLightsRange": null, "SpotLightsColor_r": null, "SpotLightsColor_g": null, "SpotLightsColor_b": null, "SpotLightsColor_a": null, "same_SpotLightsColor": null, "SpotAngle": null}