{
    "CameraRes_width": 520,
    "CameraRes_height": 520,
    "Camera_FieldofView": 80,
    "CameraRadius": 10.0,
    "CameraTheta": 81.42705886648876,
    "CameraPhi": 110.08489582680053,
    "CameraVerticalOffset": 0,
    "total_cuboids": 2,
    "scale": 3.692263547476046,
    "same_scale": true,
    "total_branches": [
        1
    ],
    "same_theta": false,
    "theta": [
        174.59872180446058
    ],
    "phi": 140.40966021609003,
    "same_material": false,
    "r": [
        0.14460086920315673,
        0.8305941044880069
    ],
    "g": [
        0.4750751031179479,
        0.45347853275376626
    ],
    "b": [
        0.6756891958877084,
        0.92302882058714
    ],
    "a": [
        0.5782484686153935,
        0.829104399810154
    ],
    "metallic": [
        0.9204679602398408,
        0.7480721190548045
    ],
    "smoothness": [
        0.7399591414756974,
        0.6604708321356103
    ],
    "DirectionalLightTheta": 80.95411476659535,
    "DirectionalLightIntensity": 0.3622419800958542,
    "totalPointLights": 0,
    "PointLightsRadius": null,
    "PointLightsPhi": null,
    "PointLightsTheta": null,
    "PointLightsIntensity": null,
    "PointLightsRange": null,
    "PointLightsColor_r": null,
    "PointLightsColor_g": null,
    "PointLightsColor_b": null,
    "PointLightsColor_a": null,
    "same_PointLightsColor": null,
    "totalSpotLights": 0,
    "SpotLightsRadius": null,
    "SpotLightsPhi": null,
    "SpotLightsTheta": null,
    "SpotLightsIntensity": null,
    "SpotLightsRange": null,
    "SpotLightsColor_r": null,
    "SpotLightsColor_g": null,
    "SpotLightsColor_b": null,
    "SpotLightsColor_a": null,
    "same_SpotLightsColor": null,
    "SpotAngle": null
}