{
    "CameraRes_width": 520,
    "CameraRes_height": 520,
    "Camera_FieldofView": 80,
    "CameraRadius": 10.0,
    "CameraTheta": 64.80118233819793,
    "CameraPhi": 223.00431054065479,
    "CameraVerticalOffset": 0,
    "total_cuboids": 2,
    "scale": [
        1.5746590635321822,
        3.325927569528155
    ],
    "same_scale": false,
    "total_branches": [
        1
    ],
    "same_theta": true,
    "theta": [
        6.3166407746697555
    ],
    "phi": 184.08373014575434,
    "same_material": false,
    "r": [
        0.9997584977786924,
        0.4812940607772964
    ],
    "g": [
        0.40793638357522755,
        0.2043644660374826
    ],
    "b": [
        0.314371805423001,
        0.278525358373524
    ],
    "a": [
        0.5459931357663146,
        0.7134615424550895
    ],
    "metallic": [
        0.847658207954755,
        0.34199938255388984
    ],
    "smoothness": [
        0.2397504355803357,
        0.6213451003929618
    ],
    "DirectionalLightTheta": 9.62402335930466,
    "DirectionalLightIntensity": 0.8634794841777546,
    "totalPointLights": 9,
    "PointLightsRadius": [
        12.842961541902067,
        19.40604388572344,
        5.958939199922916,
        19.14274366124798,
        12.201601061750544,
        12.647413763754326,
        15.314412645435688,
        10.035534986602922,
        16.513095869344042
    ],
    "PointLightsPhi": [
        198.10396520669525,
        211.33508257336175,
        19.157036600812702,
        185.98376052953853,
        209.07680520209956,
        240.01625678686673,
        49.090150071175984,
        230.01471767045945,
        122.94385369530963
    ],
    "PointLightsTheta": [
        51.051690291448715,
        57.775492880523515,
        11.042985888087255,
        85.64362322506213,
        38.02850555673474,
        3.4441741946609064,
        5.201800639671531,
        36.03308869002752,
        61.41594490644218
    ],
    "PointLightsIntensity": [
        13.655909755113099,
        14.308590736019914,
        13.582002448045483,
        10.06492008294805,
        10.703474834046972,
        15.628045972166516,
        14.922831780907831,
        14.79480599350071,
        11.550647012873286
    ],
    "PointLightsRange": [
        13.66068860510429,
        10.059918700252679,
        24.697975991469175,
        18.35313753167604,
        6.959714396150913,
        8.793483293588695,
        22.487099879235984,
        16.517162864107355,
        24.546812105594544
    ],
    "PointLightsColor_r": [
        0.021631493626542153,
        0.6716936185933531,
        0.029674633980977694,
        0.2497900719380396,
        0.057694387671230585,
        0.15095068033054848,
        0.8487090282289,
        0.2855672152448445,
        0.14269759985129948
    ],
    "PointLightsColor_g": [
        0.3394441802983139,
        0.2556962302186606,
        0.07709449212530273,
        0.47101675647682073,
        0.5702927460387641,
        0.05400672531166162,
        0.4186218938675279,
        0.868877593237485,
        0.45599854000103635
    ],
    "PointLightsColor_b": [
        0.14456162818182183,
        0.9175042328138909,
        0.05885552999215249,
        0.7068587905504222,
        0.8322414715562364,
        0.923133251588174,
        0.18567117640386055,
        0.060376065765539,
        0.44223720144758016
    ],
    "PointLightsColor_a": [
        0.5859392960508665,
        0.8792647955864261,
        0.8255174307740553,
        0.6942360263451666,
        0.6881997735658631,
        0.6509607766030441,
        0.858640925786035,
        0.8526200051052915,
        0.8201058865164028
    ],
    "same_PointLightsColor": false,
    "totalSpotLights": 5,
    "SpotLightsRadius": [
        13.425626633248484,
        16.15679319007058,
        12.68280457439457,
        17.428334540137733,
        19.87083389063087
    ],
    "SpotLightsPhi": [
        52.319623130103665,
        81.69976346880571,
        286.75153722776656,
        351.22543470192005,
        44.76942431986029
    ],
    "SpotLightsTheta": [
        34.407895469942055,
        63.36231309321952,
        51.27826272362808,
        54.11570603701312,
        56.23150008745796
    ],
    "SpotLightsIntensity": [
        13.213097144797452,
        7.755224408853138,
        14.989215582948749,
        11.022091966621833,
        7.242082502171709
    ],
    "SpotLightsRange": [
        14.642824516564573,
        21.178692517798318,
        17.911927650209897,
        8.723814119194884,
        18.827024076068064
    ],
    "SpotLightsColor_r": [
        0.43310807090718473,
        0.47579320730523633,
        0.8344962206288382,
        0.38655427825637667,
        0.42036841232614264
    ],
    "SpotLightsColor_g": [
        0.4414555550613023,
        0.8338946250694174,
        0.13152173041268211,
        0.43215138443862,
        0.9867366139240256
    ],
    "SpotLightsColor_b": [
        0.3777359794599341,
        0.8903198919654213,
        0.8984563719450536,
        0.16801148114168485,
        0.460612301909352
    ],
    "SpotLightsColor_a": [
        0.7006019777212653,
        0.791446160419878,
        0.6465553582955522,
        0.7080699744673669,
        0.8392396455602301
    ],
    "same_SpotLightsColor": false,
    "SpotAngle": [
        29.540475690700358,
        88.3061787718506,
        31.086390458588895,
        11.651913572117945,
        104.74958782706975
    ]
}