{
    "CameraRes_width": 520,
    "CameraRes_height": 520,
    "Camera_FieldofView": 80,
    "CameraRadius": 10.0,
    "CameraTheta": 68.11398238510286,
    "CameraPhi": 322.9746718191385,
    "CameraVerticalOffset": 0,
    "total_cuboids": 3,
    "scale": 3.6472903264951144,
    "same_scale": true,
    "total_branches": [
        2,
        1
    ],
    "same_theta": true,
    "theta": [
        93.88735853017282
    ],
    "phi": 126.76946281653429,
    "same_material": false,
    "r": [
        0.8205414397006525,
        0.3232621799333302,
        0.626990825738414
    ],
    "g": [
        0.4926148090818394,
        0.554282548347158,
        0.5456423818326412
    ],
    "b": [
        0.6819390129030707,
        0.9480477585615277,
        0.2286892768987
    ],
    "a": [
        0.9176334687653748,
        0.6463355693600155,
        0.5883659715728309
    ],
    "metallic": [
        0.8533372434669534,
        0.9972781419463678,
        0.38549493411228375
    ],
    "smoothness": [
        0.6103901799881726,
        0.22601800657182258,
        0.380529062409685
    ],
    "DirectionalLightTheta": 88.7496179747739,
    "DirectionalLightIntensity": 0.8297351128733549,
    "totalPointLights": 9,
    "PointLightsRadius": [
        8.898451918184872,
        16.488852025011532,
        5.45777731331661,
        19.222514033801325,
        19.54731071679224,
        17.335213573084715,
        11.589941062332887,
        9.651133424404374,
        6.243387206263004
    ],
    "PointLightsPhi": [
        208.91344876740592,
        138.02630295821567,
        202.03942211154262,
        9.072285704932352,
        182.43848375417883,
        215.85062733902902,
        326.7336836233702,
        314.17492012642094,
        297.9686616557792
    ],
    "PointLightsTheta": [
        50.27563600069967,
        37.31025558420168,
        65.64937610551348,
        60.40985644780503,
        77.31465959229699,
        1.5263892361647546,
        17.10496142390785,
        0.04136476273364664,
        36.850798004243
    ],
    "PointLightsIntensity": [
        12.462264135895808,
        15.219295196789474,
        7.186103459995138,
        7.9018954054447885,
        10.409350148998799,
        7.44435197643522,
        12.30371460623078,
        14.384231586386603,
        7.7980192078240425
    ],
    "PointLightsRange": [
        23.135762723254132,
        18.180799248290043,
        19.72440715368863,
        9.689475938196633,
        13.474389416735765,
        14.36098941472779,
        17.132251184693033,
        21.8826888107357,
        6.166610334963214
    ],
    "PointLightsColor_r": [
        0.624402564877361,
        0.624402564877361,
        0.624402564877361,
        0.624402564877361,
        0.624402564877361,
        0.624402564877361,
        0.624402564877361,
        0.624402564877361,
        0.624402564877361
    ],
    "PointLightsColor_g": [
        0.11531363357613356,
        0.11531363357613356,
        0.11531363357613356,
        0.11531363357613356,
        0.11531363357613356,
        0.11531363357613356,
        0.11531363357613356,
        0.11531363357613356,
        0.11531363357613356
    ],
    "PointLightsColor_b": [
        0.3452736461905659,
        0.3452736461905659,
        0.3452736461905659,
        0.3452736461905659,
        0.3452736461905659,
        0.3452736461905659,
        0.3452736461905659,
        0.3452736461905659,
        0.3452736461905659
    ],
    "PointLightsColor_a": [
        0.6103684518899251,
        0.6103684518899251,
        0.6103684518899251,
        0.6103684518899251,
        0.6103684518899251,
        0.6103684518899251,
        0.6103684518899251,
        0.6103684518899251,
        0.6103684518899251
    ],
    "same_PointLightsColor": true,
    "totalSpotLights": 6,
    "SpotLightsRadius": [
        5.196739931092562,
        13.738210196581429,
        18.635850337678512,
        14.396367273404614,
        16.210042209855843,
        10.662780945978659
    ],
    "SpotLightsPhi": [
        64.59095138733319,
        340.39078793985885,
        112.465201534928,
        162.23524479541015,
        131.39512305152425,
        110.20662977016445
    ],
    "SpotLightsTheta": [
        32.74048076376719,
        55.42487927208111,
        65.60066410426424,
        25.4878041655833,
        61.60546537924689,
        39.45725348937761
    ],
    "SpotLightsIntensity": [
        8.529159617007313,
        11.124145752216812,
        7.2778618044672925,
        12.630660039856105,
        10.6392541880669,
        14.297268268882505
    ],
    "SpotLightsRange": [
        8.387240140668105,
        12.217858167438159,
        8.62812982762611,
        16.211745596630497,
        23.278988089044738,
        17.346826365047846
    ],
    "SpotLightsColor_r": [
        0.7364902212786648,
        0.8269869061026999,
        0.5993587484649947,
        0.6889741833691791,
        0.18748940214336263,
        0.045018831295783324
    ],
    "SpotLightsColor_g": [
        0.720357500127914,
        0.4362396019853406,
        0.22952947101141652,
        0.2398113185025602,
        0.9881157981909507,
        0.809677411544161
    ],
    "SpotLightsColor_b": [
        0.027756503888434314,
        0.4970429288488343,
        0.24747034023212444,
        0.6289322420910214,
        0.977183630843851,
        0.5627517826348081
    ],
    "SpotLightsColor_a": [
        0.5235995312572939,
        0.9290375893022037,
        0.5557284634130067,
        0.6527304619682286,
        0.7356174205648072,
        0.772726720138127
    ],
    "same_SpotLightsColor": false,
    "SpotAngle": [
        102.06020030767876,
        36.82201640448067,
        102.4616060946198,
        62.91864919086573,
        7.230234299853798,
        87.77657848851331
    ]
}