{
    "CameraRes_width": 520,
    "CameraRes_height": 520,
    "Camera_FieldofView": 80,
    "CameraRadius": 10.0,
    "CameraTheta": 68.81886325552779,
    "CameraPhi": 54.5920308986092,
    "CameraVerticalOffset": 0,
    "total_cuboids": 4,
    "scale": [
        3.24827304936794,
        1.8683575235247925,
        2.271295934155164,
        1.478494092955334
    ],
    "same_scale": false,
    "total_branches": [
        1,
        1,
        2
    ],
    "same_theta": false,
    "theta": [
        32.817664267122304,
        50.14055351078289,
        58.32897572372769
    ],
    "phi": 182.41847275185168,
    "same_material": true,
    "r": 0.03769855961591595,
    "g": 0.04098500041971831,
    "b": 0.08130468667580082,
    "a": 0.8185813601276739,
    "metallic": 0.1135326815374772,
    "smoothness": 0.4477051759333188,
    "DirectionalLightTheta": 66.26344162661407,
    "DirectionalLightIntensity": 0.6826365940796966,
    "totalPointLights": 5,
    "PointLightsRadius": [
        8.42110575576741,
        14.964898971438584,
        9.25605239668985,
        18.033522386839135,
        10.23319718972407
    ],
    "PointLightsPhi": [
        76.72592833617713,
        358.45217475107756,
        20.718246440985574,
        100.50417498394624,
        74.98940321069226
    ],
    "PointLightsTheta": [
        47.26578526497182,
        54.53747377784276,
        63.770950351219724,
        1.4199196386326096,
        82.78007971888358
    ],
    "PointLightsIntensity": [
        14.328786238534475,
        7.8765490390096335,
        7.022864667066639,
        10.937224275993826,
        15.893108946265803
    ],
    "PointLightsRange": [
        8.037391782771202,
        12.196298260918375,
        10.727589916619102,
        6.174408435036829,
        12.61231865526545
    ],
    "PointLightsColor_r": [
        0.48542105381214384,
        0.48542105381214384,
        0.48542105381214384,
        0.48542105381214384,
        0.48542105381214384
    ],
    "PointLightsColor_g": [
        0.5524212083005892,
        0.5524212083005892,
        0.5524212083005892,
        0.5524212083005892,
        0.5524212083005892
    ],
    "PointLightsColor_b": [
        0.8703462187638791,
        0.8703462187638791,
        0.8703462187638791,
        0.8703462187638791,
        0.8703462187638791
    ],
    "PointLightsColor_a": [
        0.7887649530572508,
        0.7887649530572508,
        0.7887649530572508,
        0.7887649530572508,
        0.7887649530572508
    ],
    "same_PointLightsColor": true,
    "totalSpotLights": 6,
    "SpotLightsRadius": [
        17.14449047747432,
        6.56284437719333,
        10.021820043239545,
        8.359601821615717,
        16.90040433239512,
        19.042808005940184
    ],
    "SpotLightsPhi": [
        329.5251998404801,
        339.40571346883263,
        188.96538119839138,
        346.6642264049176,
        323.8720514499028,
        353.55170993226164
    ],
    "SpotLightsTheta": [
        36.74355102296776,
        21.69831680174256,
        88.33043513812565,
        47.81790118745834,
        54.72075557341326,
        24.72807217398221
    ],
    "SpotLightsIntensity": [
        10.993571960996178,
        8.756652486196632,
        14.321733787681552,
        8.749076560636382,
        5.078668944605312,
        13.57556920477299
    ],
    "SpotLightsRange": [
        19.765702979460745,
        24.420463109786525,
        20.503491637331486,
        19.787315922282353,
        10.264787160569814,
        13.132108020404962
    ],
    "SpotLightsColor_r": [
        0.49990826625743345,
        0.49990826625743345,
        0.49990826625743345,
        0.49990826625743345,
        0.49990826625743345,
        0.49990826625743345
    ],
    "SpotLightsColor_g": [
        0.8996724595420843,
        0.8996724595420843,
        0.8996724595420843,
        0.8996724595420843,
        0.8996724595420843,
        0.8996724595420843
    ],
    "SpotLightsColor_b": [
        0.18153353221077717,
        0.18153353221077717,
        0.18153353221077717,
        0.18153353221077717,
        0.18153353221077717,
        0.18153353221077717
    ],
    "SpotLightsColor_a": [
        0.548444638804882,
        0.548444638804882,
        0.548444638804882,
        0.548444638804882,
        0.548444638804882,
        0.548444638804882
    ],
    "same_SpotLightsColor": true,
    "SpotAngle": [
        112.46428314679163,
        65.31365374025619,
        20.417060758418472,
        51.533614546810774,
        28.454402689694543,
        85.02291084774295
    ]
}