{
    "CameraRes_width": 520,
    "CameraRes_height": 520,
    "Camera_FieldofView": 80,
    "CameraRadius": 10.0,
    "CameraTheta": 93.57112201314547,
    "CameraPhi": 356.45866876106453,
    "CameraVerticalOffset": 0,
    "total_cuboids": 4,
    "scale": 1.0028113558280056,
    "same_scale": true,
    "total_branches": [
        1,
        1,
        1
    ],
    "same_theta": false,
    "theta": [
        61.78949589710527,
        33.622437574997356,
        20.01742625329654
    ],
    "phi": 328.7652085674131,
    "same_material": false,
    "r": [
        0.38117714614457077,
        0.031658837778250404,
        0.4464053100032709,
        0.8018780137541344
    ],
    "g": [
        0.44926036504839084,
        0.5655738313159561,
        0.5302148929467946,
        0.8208069744591352
    ],
    "b": [
        0.5684213045304676,
        0.22261627881286572,
        0.10792299905618463,
        0.14950748985252793
    ],
    "a": [
        0.923063518723664,
        0.9714918565628217,
        0.7511720764201583,
        0.7693740080182478
    ],
    "metallic": [
        0.9132146693841573,
        0.472225241309697,
        0.8572363568893139,
        0.2846755222964953
    ],
    "smoothness": [
        0.44036713368967306,
        0.16928561177668588,
        0.558265877270635,
        0.8556846288431178
    ],
    "DirectionalLightTheta": 32.11696024184659,
    "DirectionalLightIntensity": 0.6295063434384575,
    "totalPointLights": 10,
    "PointLightsRadius": [
        6.292254406701618,
        12.723127095185623,
        11.944640824876544,
        15.512223217862365,
        18.966255774076743,
        5.474121648683054,
        15.374876476710178,
        11.502475071736152,
        5.853835460097296,
        9.98590936866001
    ],
    "PointLightsPhi": [
        125.08838184497353,
        37.26929574628737,
        173.12530253200057,
        284.5577372337299,
        117.7845020413433,
        182.29437210946628,
        14.64395287425039,
        191.1333809924001,
        165.2741354929927,
        44.29012145230224
    ],
    "PointLightsTheta": [
        31.013504496145345,
        79.57455585458388,
        64.64822482956333,
        31.959986386351574,
        77.14878346208333,
        31.450314774271988,
        43.919205884995215,
        76.35248931643791,
        46.738671991841926,
        70.23324403771682
    ],
    "PointLightsIntensity": [
        16.056978000137565,
        11.129783826407966,
        15.195238084704874,
        13.219783104605442,
        13.427264967814354,
        10.22696334123906,
        13.256693635273448,
        10.808063033621425,
        15.095049665424385,
        11.928240016635575
    ],
    "PointLightsRange": [
        15.828725136995113,
        13.616035939921058,
        22.69869120204727,
        13.86897980381937,
        13.224867594087623,
        24.81422663053482,
        22.396962584462635,
        10.479125331392048,
        5.7480503840792,
        19.712089756517344
    ],
    "PointLightsColor_r": [
        0.5830360592510242,
        0.5830360592510242,
        0.5830360592510242,
        0.5830360592510242,
        0.5830360592510242,
        0.5830360592510242,
        0.5830360592510242,
        0.5830360592510242,
        0.5830360592510242,
        0.5830360592510242
    ],
    "PointLightsColor_g": [
        0.09846695906572944,
        0.09846695906572944,
        0.09846695906572944,
        0.09846695906572944,
        0.09846695906572944,
        0.09846695906572944,
        0.09846695906572944,
        0.09846695906572944,
        0.09846695906572944,
        0.09846695906572944
    ],
    "PointLightsColor_b": [
        0.727366839463225,
        0.727366839463225,
        0.727366839463225,
        0.727366839463225,
        0.727366839463225,
        0.727366839463225,
        0.727366839463225,
        0.727366839463225,
        0.727366839463225,
        0.727366839463225
    ],
    "PointLightsColor_a": [
        0.9539347021367399,
        0.9539347021367399,
        0.9539347021367399,
        0.9539347021367399,
        0.9539347021367399,
        0.9539347021367399,
        0.9539347021367399,
        0.9539347021367399,
        0.9539347021367399,
        0.9539347021367399
    ],
    "same_PointLightsColor": true,
    "totalSpotLights": 5,
    "SpotLightsRadius": [
        10.835768758991009,
        7.050798911909007,
        18.47800078758423,
        6.827548452855456,
        5.884735678251089
    ],
    "SpotLightsPhi": [
        34.941066085864946,
        96.18611646615764,
        284.2188885901499,
        77.6630675033778,
        17.057904444258362
    ],
    "SpotLightsTheta": [
        4.600250276895029,
        66.5241115888625,
        26.149767788575243,
        74.16525896241981,
        70.52244521480429
    ],
    "SpotLightsIntensity": [
        13.609845069334504,
        6.0741918334612945,
        7.733152883196323,
        6.889732898064713,
        11.863401340469709
    ],
    "SpotLightsRange": [
        23.076368665231936,
        17.101928731497914,
        17.47134956713905,
        20.37088834534503,
        8.78927478803896
    ],
    "SpotLightsColor_r": [
        0.7369392690242678,
        0.7369392690242678,
        0.7369392690242678,
        0.7369392690242678,
        0.7369392690242678
    ],
    "SpotLightsColor_g": [
        0.5382710378594102,
        0.5382710378594102,
        0.5382710378594102,
        0.5382710378594102,
        0.5382710378594102
    ],
    "SpotLightsColor_b": [
        0.2765455287916342,
        0.2765455287916342,
        0.2765455287916342,
        0.2765455287916342,
        0.2765455287916342
    ],
    "SpotLightsColor_a": [
        0.9575729505275845,
        0.9575729505275845,
        0.9575729505275845,
        0.9575729505275845,
        0.9575729505275845
    ],
    "same_SpotLightsColor": true,
    "SpotAngle": [
        82.89834680393432,
        113.29436105124184,
        31.8647069868821,
        98.1150614961951,
        102.15302598726858
    ]
}